Year,District,Area_Hectares,Yield_Kg_Ha,Crop,Avg_Temperature_C,max_temp_C,min_temp_C,Avg_Humidity_Pct,Avg_Rainfall_mm,total_solar_radiation_kWh/m2,total_PAR_MJ/m2,Avg_Wind_Speed_ms,avg_pH_value,fertilizer_in_MT,Production_MT,Planting_Month,Province
2010,Achham,9450.0,2400.0,Rice,13.05808219,18.9710137,8.114109589,61.27663014,1245.93,6522.01,2827.55,1.555643836,6.1,76.0,22680.0,July,Sudurpashchim
2010,Achham,6351.0,1550.0,Maize,13.05808219,18.9710137,8.114109589,61.27663014,1245.93,6522.01,2827.55,1.555643836,6.1,76.0,9844.05,April,Sudurpashchim
2010,Achham,3412.0,950.0,Millet,13.05808219,18.9710137,8.114109589,61.27663014,1245.93,6522.01,2827.55,1.555643836,6.1,76.0,3241.4,August,Sudurpashchim
2010,Achham,0.0,0.0,Buckwheat,13.05808219,18.9710137,8.114109589,61.27663014,1245.93,6522.01,2827.55,1.555643836,6.1,76.0,0.0,September,Sudurpashchim
2010,Achham,16139.0,1450.0,Wheat,13.05808219,18.9710137,8.114109589,61.27663014,1245.93,6522.01,2827.55,1.555643836,6.1,76.0,23401.55,November,Sudurpashchim
2010,Achham,514.0,1298.0,Barley,13.05808219,18.9710137,8.114109589,61.27663014,1245.93,6522.01,2827.55,1.555643836,6.1,76.0,667.172,November,Sudurpashchim
2010,Arghakhanchi,8768.0,2600.0,Rice,20.5630137,26.14350685,16.21063014,55.35613699,1325.35,6438.57,2996.83,1.769232877,5.9,612.0,22796.8,July,Lumbini
2010,Arghakhanchi,16915.0,1507.0,Maize,20.5630137,26.14350685,16.21063014,55.35613699,1325.35,6438.57,2996.83,1.769232877,5.9,612.0,25490.905,April,Lumbini
2010,Arghakhanchi,820.0,1073.0,Millet,20.5630137,26.14350685,16.21063014,55.35613699,1325.35,6438.57,2996.83,1.769232877,5.9,612.0,879.86,August,Lumbini
2010,Arghakhanchi,336.0,982.0,Buckwheat,20.5630137,26.14350685,16.21063014,55.35613699,1325.35,6438.57,2996.83,1.769232877,5.9,612.0,329.952,September,Lumbini
2010,Arghakhanchi,7340.0,1836.0,Wheat,20.5630137,26.14350685,16.21063014,55.35613699,1325.35,6438.57,2996.83,1.769232877,5.9,612.0,13476.24,November,Lumbini
2010,Arghakhanchi,485.0,1223.0,Barley,20.5630137,26.14350685,16.21063014,55.35613699,1325.35,6438.57,2996.83,1.769232877,5.9,612.0,593.155,November,Lumbini
2010,Baglung,5792.0,2956.0,Rice,20.00545205,25.42309589,15.70890411,57.22178082,1226.86,6385.99,2761.53,1.593342466,5.7,439.0,17121.152,July,Gandaki
2010,Baglung,20327.0,2592.0,Maize,20.00545205,25.42309589,15.70890411,57.22178082,1226.86,6385.99,2761.53,1.593342466,5.7,439.0,52687.584,April,Gandaki
2010,Baglung,17700.0,1301.0,Millet,20.00545205,25.42309589,15.70890411,57.22178082,1226.86,6385.99,2761.53,1.593342466,5.7,439.0,23027.7,August,Gandaki
2010,Baglung,100.0,1100.0,Buckwheat,20.00545205,25.42309589,15.70890411,57.22178082,1226.86,6385.99,2761.53,1.593342466,5.7,439.0,110.0,September,Gandaki
2010,Baglung,7035.0,1886.0,Wheat,20.00545205,25.42309589,15.70890411,57.22178082,1226.86,6385.99,2761.53,1.593342466,5.7,439.0,13268.01,November,Gandaki
2010,Baglung,1005.0,1259.0,Barley,20.00545205,25.42309589,15.70890411,57.22178082,1226.86,6385.99,2761.53,1.593342466,5.7,439.0,1265.295,November,Gandaki
2010,Baitadi,5300.0,1890.0,Rice,11.7809863,18.10432877,6.420657534,57.7809589,905.5,6708.83,2953.94,1.683589041,6.0,109.0,10017.0,July,Sudurpashchim
2010,Baitadi,9500.0,1800.0,Maize,11.7809863,18.10432877,6.420657534,57.7809589,905.5,6708.83,2953.94,1.683589041,6.0,109.0,17100.0,April,Sudurpashchim
2010,Baitadi,850.0,1118.0,Millet,11.7809863,18.10432877,6.420657534,57.7809589,905.5,6708.83,2953.94,1.683589041,6.0,109.0,950.3,August,Sudurpashchim
2010,Baitadi,0.0,0.0,Buckwheat,11.7809863,18.10432877,6.420657534,57.7809589,905.5,6708.83,2953.94,1.683589041,6.0,109.0,0.0,September,Sudurpashchim
2010,Baitadi,12000.0,2058.0,Wheat,11.7809863,18.10432877,6.420657534,57.7809589,905.5,6708.83,2953.94,1.683589041,6.0,109.0,24696.0,November,Sudurpashchim
2010,Baitadi,600.0,1000.0,Barley,11.7809863,18.10432877,6.420657534,57.7809589,905.5,6708.83,2953.94,1.683589041,6.0,109.0,600.0,November,Sudurpashchim
2010,Bajhang,7005.0,2315.0,Rice,11.7809863,18.10432877,6.420657534,57.7809589,905.5,6522.01,2827.55,1.683589041,5.6,147.0,16216.575,July,Sudurpashchim
2010,Bajhang,3650.0,1500.0,Maize,11.7809863,18.10432877,6.420657534,57.7809589,905.5,6522.01,2827.55,1.683589041,5.6,147.0,5475.0,April,Sudurpashchim
2010,Bajhang,2285.0,1007.0,Millet,11.7809863,18.10432877,6.420657534,57.7809589,905.5,6522.01,2827.55,1.683589041,5.6,147.0,2300.995,August,Sudurpashchim
2010,Bajhang,0.0,0.0,Buckwheat,11.7809863,18.10432877,6.420657534,57.7809589,905.5,6522.01,2827.55,1.683589041,5.6,147.0,0.0,September,Sudurpashchim
2010,Bajhang,6100.0,1361.0,Wheat,11.7809863,18.10432877,6.420657534,57.7809589,905.5,6522.01,2827.55,1.683589041,5.6,147.0,8302.1,November,Sudurpashchim
2010,Bajhang,1500.0,1000.0,Barley,11.7809863,18.10432877,6.420657534,57.7809589,905.5,6522.01,2827.55,1.683589041,5.6,147.0,1500.0,November,Sudurpashchim
2010,Bajura,3010.0,1800.0,Rice,9.54939726,16.17224658,4.111917808,59.92967123,937.29,6522.01,2827.55,1.642383562,6.0,154.0,5418.0,July,Sudurpashchim
2010,Bajura,790.0,2214.0,Maize,9.54939726,16.17224658,4.111917808,59.92967123,937.29,6522.01,2827.55,1.642383562,6.0,154.0,1749.06,April,Sudurpashchim
2010,Bajura,2610.0,1000.0,Millet,9.54939726,16.17224658,4.111917808,59.92967123,937.29,6522.01,2827.55,1.642383562,6.0,154.0,2610.0,August,Sudurpashchim
2010,Bajura,7.0,1500.0,Buckwheat,9.54939726,16.17224658,4.111917808,59.92967123,937.29,6522.01,2827.55,1.642383562,6.0,154.0,10.5,September,Sudurpashchim
2010,Bajura,4950.0,2000.0,Wheat,9.54939726,16.17224658,4.111917808,59.92967123,937.29,6522.01,2827.55,1.642383562,6.0,154.0,9900.0,November,Sudurpashchim
2010,Bajura,1072.0,1650.0,Barley,9.54939726,16.17224658,4.111917808,59.92967123,937.29,6522.01,2827.55,1.642383562,6.0,154.0,1768.8,November,Sudurpashchim
2010,Banke,36500.0,3280.0,Rice,20.73353425,26.48753425,16.01060274,55.95624658,1335.67,6092.79,2704.96,1.542273973,6.4,5913.0,119720.0,July,Lumbini
2010,Banke,8660.0,2130.0,Maize,20.73353425,26.48753425,16.01060274,55.95624658,1335.67,6092.79,2704.96,1.542273973,6.4,5913.0,18445.8,April,Lumbini
2010,Banke,0.0,0.0,Millet,20.73353425,26.48753425,16.01060274,55.95624658,1335.67,6092.79,2704.96,1.542273973,6.4,5913.0,0.0,August,Lumbini
2010,Banke,0.0,0.0,Buckwheat,20.73353425,26.48753425,16.01060274,55.95624658,1335.67,6092.79,2704.96,1.542273973,6.4,5913.0,0.0,September,Lumbini
2010,Banke,17913.0,2130.0,Wheat,20.73353425,26.48753425,16.01060274,55.95624658,1335.67,6092.79,2704.96,1.542273973,6.4,5913.0,38154.69,November,Lumbini
2010,Banke,10.0,1000.0,Barley,20.73353425,26.48753425,16.01060274,55.95624658,1335.67,6092.79,2704.96,1.542273973,6.4,5913.0,10.0,November,Lumbini
2010,Bara,52725.0,3200.0,Rice,25.72378082,32.0569589,20.59476712,54.83873973,1114.3,6402.98,2974.38,1.812136986,6.7,7732.0,168720.0,July,Madhesh
2010,Bara,7500.0,2800.0,Maize,25.72378082,32.0569589,20.59476712,54.83873973,1114.3,6402.98,2974.38,1.812136986,6.7,7732.0,21000.0,April,Madhesh
2010,Bara,78.0,1090.0,Millet,25.72378082,32.0569589,20.59476712,54.83873973,1114.3,6402.98,2974.38,1.812136986,6.7,7732.0,85.02,August,Madhesh
2010,Bara,0.0,0.0,Buckwheat,25.72378082,32.0569589,20.59476712,54.83873973,1114.3,6402.98,2974.38,1.812136986,6.7,7732.0,0.0,September,Madhesh
2010,Bara,29000.0,3341.0,Wheat,25.72378082,32.0569589,20.59476712,54.83873973,1114.3,6402.98,2974.38,1.812136986,6.7,7732.0,96889.0,November,Madhesh
2010,Bara,68.0,971.0,Barley,25.72378082,32.0569589,20.59476712,54.83873973,1114.3,6402.98,2974.38,1.812136986,6.7,7732.0,66.028,November,Madhesh
2010,Bardiya,42550.0,3500.0,Rice,25.55323288,31.69134247,20.56035616,52.89049315,1200.41,6092.79,2704.96,1.740684932,6.8,7655.0,148925.0,July,Unknown
2010,Bardiya,9000.0,2023.0,Maize,25.55323288,31.69134247,20.56035616,52.89049315,1200.41,6092.79,2704.96,1.740684932,6.8,7655.0,18207.0,April,Unknown
2010,Bardiya,0.0,0.0,Millet,25.55323288,31.69134247,20.56035616,52.89049315,1200.41,6092.79,2704.96,1.740684932,6.8,7655.0,0.0,August,Unknown
2010,Bardiya,0.0,0.0,Buckwheat,25.55323288,31.69134247,20.56035616,52.89049315,1200.41,6092.79,2704.96,1.740684932,6.8,7655.0,0.0,September,Unknown
2010,Bardiya,18890.0,2795.0,Wheat,25.55323288,31.69134247,20.56035616,52.89049315,1200.41,6092.79,2704.96,1.740684932,6.8,7655.0,52797.55,November,Unknown
2010,Bardiya,10.0,1000.0,Barley,25.55323288,31.69134247,20.56035616,52.89049315,1200.41,6092.79,2704.96,1.740684932,6.8,7655.0,10.0,November,Unknown
2010,Bhaktapur,4300.0,5400.0,Rice,19.62460274,25.02857534,15.5249863,58.33276712,1044.95,6421.67,2868.84,1.509808219,5.8,2771.0,23220.0,July,Bagmati
2010,Bhaktapur,2000.0,3000.0,Maize,19.62460274,25.02857534,15.5249863,58.33276712,1044.95,6421.67,2868.84,1.509808219,5.8,2771.0,6000.0,April,Bagmati
2010,Bhaktapur,100.0,1400.0,Millet,19.62460274,25.02857534,15.5249863,58.33276712,1044.95,6421.67,2868.84,1.509808219,5.8,2771.0,140.0,August,Bagmati
2010,Bhaktapur,0.0,0.0,Buckwheat,19.62460274,25.02857534,15.5249863,58.33276712,1044.95,6421.67,2868.84,1.509808219,5.8,2771.0,0.0,September,Bagmati
2010,Bhaktapur,3200.0,3089.0,Wheat,19.62460274,25.02857534,15.5249863,58.33276712,1044.95,6421.67,2868.84,1.509808219,5.8,2771.0,9884.8,November,Bagmati
2010,Bhaktapur,50.0,1000.0,Barley,19.62460274,25.02857534,15.5249863,58.33276712,1044.95,6421.67,2868.84,1.509808219,5.8,2771.0,50.0,November,Bagmati
2010,Bhojpur,16103.0,2337.0,Rice,5.662410959,11.09339726,1.640931507,71.61832877,1213.87,5773.57,2540.43,1.581178082,5.4,15732.0,37632.711,July,Koshi
2010,Bhojpur,22776.0,2134.0,Maize,5.662410959,11.09339726,1.640931507,71.61832877,1213.87,5773.57,2540.43,1.581178082,5.4,15732.0,48603.984,April,Koshi
2010,Bhojpur,5100.0,1000.0,Millet,5.662410959,11.09339726,1.640931507,71.61832877,1213.87,5773.57,2540.43,1.581178082,5.4,15732.0,5100.0,August,Koshi
2010,Bhojpur,75.0,700.0,Buckwheat,5.662410959,11.09339726,1.640931507,71.61832877,1213.87,5773.57,2540.43,1.581178082,5.4,15732.0,52.5,September,Koshi
2010,Bhojpur,2510.0,1657.0,Wheat,5.662410959,11.09339726,1.640931507,71.61832877,1213.87,5773.57,2540.43,1.581178082,5.4,15732.0,4159.07,November,Koshi
2010,Bhojpur,30.0,1333.0,Barley,5.662410959,11.09339726,1.640931507,71.61832877,1213.87,5773.57,2540.43,1.581178082,5.4,15732.0,39.99,November,Koshi
2010,Chitwan,32770.0,3386.0,Rice,25.18041096,31.25084932,20.21728767,53.93690411,1182.25,6402.98,2974.38,1.488986301,6.1,615.0,110959.22,July,Bagmati
2010,Chitwan,20660.0,2539.0,Maize,25.18041096,31.25084932,20.21728767,53.93690411,1182.25,6402.98,2974.38,1.488986301,6.1,615.0,52455.74,April,Bagmati
2010,Chitwan,1810.0,1032.0,Millet,25.18041096,31.25084932,20.21728767,53.93690411,1182.25,6402.98,2974.38,1.488986301,6.1,615.0,1867.92,August,Bagmati
2010,Chitwan,700.0,1107.0,Buckwheat,25.18041096,31.25084932,20.21728767,53.93690411,1182.25,6402.98,2974.38,1.488986301,6.1,615.0,774.9,September,Bagmati
2010,Chitwan,8728.0,3040.0,Wheat,25.18041096,31.25084932,20.21728767,53.93690411,1182.25,6402.98,2974.38,1.488986301,6.1,615.0,26533.12,November,Bagmati
2010,Chitwan,61.0,1000.0,Barley,25.18041096,31.25084932,20.21728767,53.93690411,1182.25,6402.98,2974.38,1.488986301,6.1,615.0,61.0,November,Bagmati
2010,Dadeldhura,6221.0,2280.0,Rice,16.60326027,22.62317808,11.56394521,54.036,1219.07,6708.83,2953.94,1.476657534,5.9,10437.0,14183.88,July,Sudurpashchim
2010,Dadeldhura,3744.0,1707.0,Maize,16.60326027,22.62317808,11.56394521,54.036,1219.07,6708.83,2953.94,1.476657534,5.9,10437.0,6391.008,April,Sudurpashchim
2010,Dadeldhura,302.0,1291.0,Millet,16.60326027,22.62317808,11.56394521,54.036,1219.07,6708.83,2953.94,1.476657534,5.9,10437.0,389.882,August,Sudurpashchim
2010,Dadeldhura,0.0,0.0,Buckwheat,16.60326027,22.62317808,11.56394521,54.036,1219.07,6708.83,2953.94,1.476657534,5.9,10437.0,0.0,September,Sudurpashchim
2010,Dadeldhura,7500.0,1600.0,Wheat,16.60326027,22.62317808,11.56394521,54.036,1219.07,6708.83,2953.94,1.476657534,5.9,10437.0,12000.0,November,Sudurpashchim
2010,Dadeldhura,218.0,1032.0,Barley,16.60326027,22.62317808,11.56394521,54.036,1219.07,6708.83,2953.94,1.476657534,5.9,10437.0,224.976,November,Sudurpashchim
2010,Dailekh,8507.0,3130.0,Rice,13.05808219,18.9710137,8.114109589,61.27663014,1245.93,6092.79,2704.96,1.555643836,5.9,18.0,26626.91,July,Karnali
2010,Dailekh,20150.0,1940.0,Maize,13.05808219,18.9710137,8.114109589,61.27663014,1245.93,6092.79,2704.96,1.555643836,5.9,18.0,39091.0,April,Karnali
2010,Dailekh,2422.0,1085.0,Millet,13.05808219,18.9710137,8.114109589,61.27663014,1245.93,6092.79,2704.96,1.555643836,5.9,18.0,2627.87,August,Karnali
2010,Dailekh,0.0,0.0,Buckwheat,13.05808219,18.9710137,8.114109589,61.27663014,1245.93,6092.79,2704.96,1.555643836,5.9,18.0,0.0,September,Karnali
2010,Dailekh,7300.0,1352.0,Wheat,13.05808219,18.9710137,8.114109589,61.27663014,1245.93,6092.79,2704.96,1.555643836,5.9,18.0,9869.6,November,Karnali
2010,Dailekh,195.0,1462.0,Barley,13.05808219,18.9710137,8.114109589,61.27663014,1245.93,6092.79,2704.96,1.555643836,5.9,18.0,285.09,November,Karnali
2010,Dang,38500.0,3012.0,Rice,22.61468493,28.44019178,17.948,54.894,1278.14,6452.09,2802.61,1.861013699,5.8,24.0,115962.0,July,Lumbini
2010,Dang,25200.0,2185.0,Maize,22.61468493,28.44019178,17.948,54.894,1278.14,6452.09,2802.61,1.861013699,5.8,24.0,55062.0,April,Lumbini
2010,Dang,150.0,1000.0,Millet,22.61468493,28.44019178,17.948,54.894,1278.14,6452.09,2802.61,1.861013699,5.8,24.0,150.0,August,Lumbini
2010,Dang,0.0,0.0,Buckwheat,22.61468493,28.44019178,17.948,54.894,1278.14,6452.09,2802.61,1.861013699,5.8,24.0,0.0,September,Lumbini
2010,Dang,12750.0,2275.0,Wheat,22.61468493,28.44019178,17.948,54.894,1278.14,6452.09,2802.61,1.861013699,5.8,24.0,29006.25,November,Lumbini
2010,Dang,30.0,833.0,Barley,22.61468493,28.44019178,17.948,54.894,1278.14,6452.09,2802.61,1.861013699,5.8,24.0,24.99,November,Lumbini
2010,Darchula,4290.0,2500.0,Rice,6.551890411,12.70087671,1.238821918,59.17432877,761.71,6708.83,2953.94,1.779369863,6.0,11824.0,10725.0,July,Sudurpashchim
2010,Darchula,5520.0,2276.0,Maize,6.551890411,12.70087671,1.238821918,59.17432877,761.71,6708.83,2953.94,1.779369863,6.0,11824.0,12563.52,April,Sudurpashchim
2010,Darchula,1300.0,1000.0,Millet,6.551890411,12.70087671,1.238821918,59.17432877,761.71,6708.83,2953.94,1.779369863,6.0,11824.0,1300.0,August,Sudurpashchim
2010,Darchula,100.0,750.0,Buckwheat,6.551890411,12.70087671,1.238821918,59.17432877,761.71,6708.83,2953.94,1.779369863,6.0,11824.0,75.0,September,Sudurpashchim
2010,Darchula,5265.0,1140.0,Wheat,6.551890411,12.70087671,1.238821918,59.17432877,761.71,6708.83,2953.94,1.779369863,6.0,11824.0,6002.1,November,Sudurpashchim
2010,Darchula,1200.0,917.0,Barley,6.551890411,12.70087671,1.238821918,59.17432877,761.71,6708.83,2953.94,1.779369863,6.0,11824.0,1100.4,November,Sudurpashchim
2010,Dhading,16670.0,2452.0,Rice,15.64268493,21.13356164,11.25421918,58.718,962.18,6402.98,2974.38,1.60939726,5.5,16.0,40874.84,July,Bagmati
2010,Dhading,17468.0,2500.0,Maize,15.64268493,21.13356164,11.25421918,58.718,962.18,6402.98,2974.38,1.60939726,5.5,16.0,43670.0,April,Bagmati
2010,Dhading,7140.0,1003.0,Millet,15.64268493,21.13356164,11.25421918,58.718,962.18,6402.98,2974.38,1.60939726,5.5,16.0,7161.42,August,Bagmati
2010,Dhading,0.0,0.0,Buckwheat,15.64268493,21.13356164,11.25421918,58.718,962.18,6402.98,2974.38,1.60939726,5.5,16.0,0.0,September,Bagmati
2010,Dhading,4680.0,1691.0,Wheat,15.64268493,21.13356164,11.25421918,58.718,962.18,6402.98,2974.38,1.60939726,5.5,16.0,7913.88,November,Bagmati
2010,Dhading,350.0,1000.0,Barley,15.64268493,21.13356164,11.25421918,58.718,962.18,6402.98,2974.38,1.60939726,5.5,16.0,350.0,November,Bagmati
2010,Dhankuta,9412.0,2333.0,Rice,20.19216438,25.39715068,16.15945205,63.81884932,1557.64,5870.95,2655.1,1.468410959,5.8,6572.0,21958.196,July,Koshi
2010,Dhankuta,17779.0,2235.0,Maize,20.19216438,25.39715068,16.15945205,63.81884932,1557.64,5870.95,2655.1,1.468410959,5.8,6572.0,39736.065,April,Koshi
2010,Dhankuta,8000.0,1010.0,Millet,20.19216438,25.39715068,16.15945205,63.81884932,1557.64,5870.95,2655.1,1.468410959,5.8,6572.0,8080.0,August,Koshi
2010,Dhankuta,25.0,500.0,Buckwheat,20.19216438,25.39715068,16.15945205,63.81884932,1557.64,5870.95,2655.1,1.468410959,5.8,6572.0,12.5,September,Koshi
2010,Dhankuta,1498.0,2200.0,Wheat,20.19216438,25.39715068,16.15945205,63.81884932,1557.64,5870.95,2655.1,1.468410959,5.8,6572.0,3295.6,November,Koshi
2010,Dhankuta,10.0,1000.0,Barley,20.19216438,25.39715068,16.15945205,63.81884932,1557.64,5870.95,2655.1,1.468410959,5.8,6572.0,10.0,November,Koshi
2010,Dhanusha,61972.0,2800.0,Rice,23.13506849,28.95416438,18.67791781,55.94189041,995.41,6205.61,2798.51,1.701205479,6.6,1542.0,173521.6,July,Madhesh
2010,Dhanusha,2365.0,2100.0,Maize,23.13506849,28.95416438,18.67791781,55.94189041,995.41,6205.61,2798.51,1.701205479,6.6,1542.0,4966.5,April,Madhesh
2010,Dhanusha,425.0,1000.0,Millet,23.13506849,28.95416438,18.67791781,55.94189041,995.41,6205.61,2798.51,1.701205479,6.6,1542.0,425.0,August,Madhesh
2010,Dhanusha,0.0,0.0,Buckwheat,23.13506849,28.95416438,18.67791781,55.94189041,995.41,6205.61,2798.51,1.701205479,6.6,1542.0,0.0,September,Madhesh
2010,Dhanusha,38450.0,2500.0,Wheat,23.13506849,28.95416438,18.67791781,55.94189041,995.41,6205.61,2798.51,1.701205479,6.6,1542.0,96125.0,November,Madhesh
2010,Dhanusha,5.0,1000.0,Barley,23.13506849,28.95416438,18.67791781,55.94189041,995.41,6205.61,2798.51,1.701205479,6.6,1542.0,5.0,November,Madhesh
2010,Dolakha,3133.0,2012.0,Rice,2.402630137,8.398520548,-2.210876712,64.09180822,676.75,6170.27,2715.89,2.132109589,6.5,11408.0,6303.596,July,Bagmati
2010,Dolakha,5387.0,2290.0,Maize,2.402630137,8.398520548,-2.210876712,64.09180822,676.75,6170.27,2715.89,2.132109589,6.5,11408.0,12336.23,April,Bagmati
2010,Dolakha,3555.0,1152.0,Millet,2.402630137,8.398520548,-2.210876712,64.09180822,676.75,6170.27,2715.89,2.132109589,6.5,11408.0,4095.36,August,Bagmati
2010,Dolakha,0.0,0.0,Buckwheat,2.402630137,8.398520548,-2.210876712,64.09180822,676.75,6170.27,2715.89,2.132109589,6.5,11408.0,0.0,September,Bagmati
2010,Dolakha,4400.0,1160.0,Wheat,2.402630137,8.398520548,-2.210876712,64.09180822,676.75,6170.27,2715.89,2.132109589,6.5,11408.0,5104.0,November,Bagmati
2010,Dolakha,231.0,996.0,Barley,2.402630137,8.398520548,-2.210876712,64.09180822,676.75,6170.27,2715.89,2.132109589,6.5,11408.0,230.076,November,Bagmati
2010,Dolpa,270.0,1700.0,Rice,-0.561424658,5.743178082,-5.62969863,62.76506849,945.58,6452.09,2802.61,1.902547945,6.6,1248.0,459.0,July,Karnali
2010,Dolpa,2300.0,1500.0,Maize,-0.561424658,5.743178082,-5.62969863,62.76506849,945.58,6452.09,2802.61,1.902547945,6.6,1248.0,3450.0,April,Karnali
2010,Dolpa,325.0,800.0,Millet,-0.561424658,5.743178082,-5.62969863,62.76506849,945.58,6452.09,2802.61,1.902547945,6.6,1248.0,260.0,August,Karnali
2010,Dolpa,300.0,800.0,Buckwheat,-0.561424658,5.743178082,-5.62969863,62.76506849,945.58,6452.09,2802.61,1.902547945,6.6,1248.0,240.0,September,Karnali
2010,Dolpa,2500.0,2280.0,Wheat,-0.561424658,5.743178082,-5.62969863,62.76506849,945.58,6452.09,2802.61,1.902547945,6.6,1248.0,5700.0,November,Karnali
2010,Dolpa,250.0,832.0,Barley,-0.561424658,5.743178082,-5.62969863,62.76506849,945.58,6452.09,2802.61,1.902547945,6.6,1248.0,208.0,November,Karnali
2010,Doti,7570.0,2378.0,Rice,16.60326027,22.62317808,11.56394521,54.036,1219.07,6708.83,2953.94,1.476657534,5.9,22.0,18001.46,July,Sudurpashchim
2010,Doti,2545.0,1648.0,Maize,16.60326027,22.62317808,11.56394521,54.036,1219.07,6708.83,2953.94,1.476657534,5.9,22.0,4194.16,April,Sudurpashchim
2010,Doti,4953.0,1081.0,Millet,16.60326027,22.62317808,11.56394521,54.036,1219.07,6708.83,2953.94,1.476657534,5.9,22.0,5354.193,August,Sudurpashchim
2010,Doti,0.0,0.0,Buckwheat,16.60326027,22.62317808,11.56394521,54.036,1219.07,6708.83,2953.94,1.476657534,5.9,22.0,0.0,September,Sudurpashchim
2010,Doti,16150.0,1734.0,Wheat,16.60326027,22.62317808,11.56394521,54.036,1219.07,6708.83,2953.94,1.476657534,5.9,22.0,28004.1,November,Sudurpashchim
2010,Doti,250.0,1000.0,Barley,16.60326027,22.62317808,11.56394521,54.036,1219.07,6708.83,2953.94,1.476657534,5.9,22.0,250.0,November,Sudurpashchim
2010,Gorkha,17785.0,2771.0,Rice,15.64268493,21.13356164,11.25421918,58.718,962.18,6402.98,2974.38,1.60939726,5.5,348.0,49282.235,July,Gandaki
2010,Gorkha,19350.0,2250.0,Maize,15.64268493,21.13356164,11.25421918,58.718,962.18,6402.98,2974.38,1.60939726,5.5,348.0,43537.5,April,Gandaki
2010,Gorkha,11605.0,1000.0,Millet,15.64268493,21.13356164,11.25421918,58.718,962.18,6402.98,2974.38,1.60939726,5.5,348.0,11605.0,August,Gandaki
2010,Gorkha,380.0,1000.0,Buckwheat,15.64268493,21.13356164,11.25421918,58.718,962.18,6402.98,2974.38,1.60939726,5.5,348.0,380.0,September,Gandaki
2010,Gorkha,4120.0,1757.0,Wheat,15.64268493,21.13356164,11.25421918,58.718,962.18,6402.98,2974.38,1.60939726,5.5,348.0,7238.84,November,Gandaki
2010,Gorkha,110.0,1000.0,Barley,15.64268493,21.13356164,11.25421918,58.718,962.18,6402.98,2974.38,1.60939726,5.5,348.0,110.0,November,Gandaki
2010,Gulmi,10426.0,2350.0,Rice,20.5630137,26.14350685,16.21063014,55.35613699,1325.35,6438.57,2996.83,1.769232877,6.1,980.0,24501.1,July,Lumbini
2010,Gulmi,24845.0,1767.0,Maize,20.5630137,26.14350685,16.21063014,55.35613699,1325.35,6438.57,2996.83,1.769232877,6.1,980.0,43901.115,April,Lumbini
2010,Gulmi,2916.0,980.0,Millet,20.5630137,26.14350685,16.21063014,55.35613699,1325.35,6438.57,2996.83,1.769232877,6.1,980.0,2857.68,August,Lumbini
2010,Gulmi,195.0,1046.0,Buckwheat,20.5630137,26.14350685,16.21063014,55.35613699,1325.35,6438.57,2996.83,1.769232877,6.1,980.0,203.97,September,Lumbini
2010,Gulmi,8100.0,1950.0,Wheat,20.5630137,26.14350685,16.21063014,55.35613699,1325.35,6438.57,2996.83,1.769232877,6.1,980.0,15795.0,November,Lumbini
2010,Gulmi,380.0,1500.0,Barley,20.5630137,26.14350685,16.21063014,55.35613699,1325.35,6438.57,2996.83,1.769232877,6.1,980.0,570.0,November,Lumbini
2010,Humla,565.0,1382.0,Rice,-0.023616438,6.600931507,-5.543424658,66.24153425,566.41,7263.37,3036.87,2.001260274,6.5,529.0,780.83,July,Karnali
2010,Humla,105.0,1524.0,Maize,-0.023616438,6.600931507,-5.543424658,66.24153425,566.41,7263.37,3036.87,2.001260274,6.5,529.0,160.02,April,Karnali
2010,Humla,1302.0,1010.0,Millet,-0.023616438,6.600931507,-5.543424658,66.24153425,566.41,7263.37,3036.87,2.001260274,6.5,529.0,1315.02,August,Karnali
2010,Humla,0.0,0.0,Buckwheat,-0.023616438,6.600931507,-5.543424658,66.24153425,566.41,7263.37,3036.87,2.001260274,6.5,529.0,0.0,September,Karnali
2010,Humla,1091.0,752.0,Wheat,-0.023616438,6.600931507,-5.543424658,66.24153425,566.41,7263.37,3036.87,2.001260274,6.5,529.0,820.432,November,Karnali
2010,Humla,687.0,1020.0,Barley,-0.023616438,6.600931507,-5.543424658,66.24153425,566.41,7263.37,3036.87,2.001260274,6.5,529.0,700.74,November,Karnali
2010,Illam,14825.0,3082.0,Rice,18.64413699,23.80090411,14.8510137,65.76739726,1879.69,5773.57,2540.43,1.215287671,5.5,0.0,45690.65,July,Unknown
2010,Illam,31480.0,2462.0,Maize,18.64413699,23.80090411,14.8510137,65.76739726,1879.69,5773.57,2540.43,1.215287671,5.5,0.0,77503.76,April,Unknown
2010,Illam,3312.0,1000.0,Millet,18.64413699,23.80090411,14.8510137,65.76739726,1879.69,5773.57,2540.43,1.215287671,5.5,0.0,3312.0,August,Unknown
2010,Illam,28.0,714.0,Buckwheat,18.64413699,23.80090411,14.8510137,65.76739726,1879.69,5773.57,2540.43,1.215287671,5.5,0.0,19.992,September,Unknown
2010,Illam,4800.0,2784.0,Wheat,18.64413699,23.80090411,14.8510137,65.76739726,1879.69,5773.57,2540.43,1.215287671,5.5,0.0,13363.2,November,Unknown
2010,Illam,75.0,1000.0,Barley,18.64413699,23.80090411,14.8510137,65.76739726,1879.69,5773.57,2540.43,1.215287671,5.5,0.0,75.0,November,Unknown
2010,Jajarkot,3455.0,3325.0,Rice,22.61468493,28.44019178,17.948,54.894,1278.14,6452.09,2802.61,1.861013699,6.2,1033.0,11487.875,July,Karnali
2010,Jajarkot,7406.0,1900.0,Maize,22.61468493,28.44019178,17.948,54.894,1278.14,6452.09,2802.61,1.861013699,6.2,1033.0,14071.4,April,Karnali
2010,Jajarkot,2525.0,1791.0,Millet,22.61468493,28.44019178,17.948,54.894,1278.14,6452.09,2802.61,1.861013699,6.2,1033.0,4522.275,August,Karnali
2010,Jajarkot,24.0,1100.0,Buckwheat,22.61468493,28.44019178,17.948,54.894,1278.14,6452.09,2802.61,1.861013699,6.2,1033.0,26.4,September,Karnali
2010,Jajarkot,11800.0,1240.0,Wheat,22.61468493,28.44019178,17.948,54.894,1278.14,6452.09,2802.61,1.861013699,6.2,1033.0,14632.0,November,Karnali
2010,Jajarkot,735.0,650.0,Barley,22.61468493,28.44019178,17.948,54.894,1278.14,6452.09,2802.61,1.861013699,6.2,1033.0,477.75,November,Karnali
2010,Jhapa,82400.0,3300.0,Rice,24.2890411,29.58449315,19.99950685,64.76947945,2201.73,5870.95,2655.1,1.491205479,5.7,90.0,271920.0,July,Koshi
2010,Jhapa,24600.0,2533.0,Maize,24.2890411,29.58449315,19.99950685,64.76947945,2201.73,5870.95,2655.1,1.491205479,5.7,90.0,62311.8,April,Koshi
2010,Jhapa,1800.0,1200.0,Millet,24.2890411,29.58449315,19.99950685,64.76947945,2201.73,5870.95,2655.1,1.491205479,5.7,90.0,2160.0,August,Koshi
2010,Jhapa,1300.0,1000.0,Buckwheat,24.2890411,29.58449315,19.99950685,64.76947945,2201.73,5870.95,2655.1,1.491205479,5.7,90.0,1300.0,September,Koshi
2010,Jhapa,11500.0,2100.0,Wheat,24.2890411,29.58449315,19.99950685,64.76947945,2201.73,5870.95,2655.1,1.491205479,5.7,90.0,24150.0,November,Koshi
2010,Jhapa,9.0,778.0,Barley,24.2890411,29.58449315,19.99950685,64.76947945,2201.73,5870.95,2655.1,1.491205479,5.7,90.0,7.002,November,Koshi
2010,Jumla,2750.0,1789.0,Rice,9.54939726,16.17224658,4.111917808,59.92967123,937.29,6910.08,2915.0,1.642383562,6.5,11618.0,4919.75,July,Karnali
2010,Jumla,4550.0,1600.0,Maize,9.54939726,16.17224658,4.111917808,59.92967123,937.29,6910.08,2915.0,1.642383562,6.5,11618.0,7280.0,April,Karnali
2010,Jumla,3950.0,1100.0,Millet,9.54939726,16.17224658,4.111917808,59.92967123,937.29,6910.08,2915.0,1.642383562,6.5,11618.0,4345.0,August,Karnali
2010,Jumla,930.0,700.0,Buckwheat,9.54939726,16.17224658,4.111917808,59.92967123,937.29,6910.08,2915.0,1.642383562,6.5,11618.0,651.0,September,Karnali
2010,Jumla,2300.0,1100.0,Wheat,9.54939726,16.17224658,4.111917808,59.92967123,937.29,6910.08,2915.0,1.642383562,6.5,11618.0,2530.0,November,Karnali
2010,Jumla,4900.0,900.0,Barley,9.54939726,16.17224658,4.111917808,59.92967123,937.29,6910.08,2915.0,1.642383562,6.5,11618.0,4410.0,November,Karnali
2010,Kailali,60000.0,2900.0,Rice,25.78260274,31.964,20.56986301,54.50528767,1512.03,6097.45,2735.4,1.57030137,6.6,0.0,174000.0,July,Sudurpashchim
2010,Kailali,16500.0,1727.0,Maize,25.78260274,31.964,20.56986301,54.50528767,1512.03,6097.45,2735.4,1.57030137,6.6,0.0,28495.5,April,Sudurpashchim
2010,Kailali,300.0,1033.0,Millet,25.78260274,31.964,20.56986301,54.50528767,1512.03,6097.45,2735.4,1.57030137,6.6,0.0,309.9,August,Sudurpashchim
2010,Kailali,0.0,0.0,Buckwheat,25.78260274,31.964,20.56986301,54.50528767,1512.03,6097.45,2735.4,1.57030137,6.6,0.0,0.0,September,Sudurpashchim
2010,Kailali,34500.0,2000.0,Wheat,25.78260274,31.964,20.56986301,54.50528767,1512.03,6097.45,2735.4,1.57030137,6.6,0.0,69000.0,November,Sudurpashchim
2010,Kailali,550.0,1200.0,Barley,25.78260274,31.964,20.56986301,54.50528767,1512.03,6097.45,2735.4,1.57030137,6.6,0.0,660.0,November,Sudurpashchim
2010,Kalikot,3522.0,2111.0,Rice,13.05808219,18.9710137,8.114109589,61.27663014,1245.93,6522.01,2827.55,1.555643836,6.2,17454.0,7434.942,July,Karnali
2010,Kalikot,5455.0,1795.0,Maize,13.05808219,18.9710137,8.114109589,61.27663014,1245.93,6522.01,2827.55,1.555643836,6.2,17454.0,9791.725,April,Karnali
2010,Kalikot,1252.0,1100.0,Millet,13.05808219,18.9710137,8.114109589,61.27663014,1245.93,6522.01,2827.55,1.555643836,6.2,17454.0,1377.2,August,Karnali
2010,Kalikot,0.0,0.0,Buckwheat,13.05808219,18.9710137,8.114109589,61.27663014,1245.93,6522.01,2827.55,1.555643836,6.2,17454.0,0.0,September,Karnali
2010,Kalikot,5398.0,1670.0,Wheat,13.05808219,18.9710137,8.114109589,61.27663014,1245.93,6522.01,2827.55,1.555643836,6.2,17454.0,9014.66,November,Karnali
2010,Kalikot,1028.0,700.0,Barley,13.05808219,18.9710137,8.114109589,61.27663014,1245.93,6522.01,2827.55,1.555643836,6.2,17454.0,719.6,November,Karnali
2010,Kanchanpur,46655.0,3000.0,Rice,22.26112329,28.67156164,16.97635616,54.15408219,1521.27,6242.82,2794.86,1.03339726,6.2,35.0,139965.0,July,Sudurpashchim
2010,Kanchanpur,5950.0,1932.0,Maize,22.26112329,28.67156164,16.97635616,54.15408219,1521.27,6242.82,2794.86,1.03339726,6.2,35.0,11495.4,April,Sudurpashchim
2010,Kanchanpur,170.0,1059.0,Millet,22.26112329,28.67156164,16.97635616,54.15408219,1521.27,6242.82,2794.86,1.03339726,6.2,35.0,180.03,August,Sudurpashchim
2010,Kanchanpur,0.0,0.0,Buckwheat,22.26112329,28.67156164,16.97635616,54.15408219,1521.27,6242.82,2794.86,1.03339726,6.2,35.0,0.0,September,Sudurpashchim
2010,Kanchanpur,32250.0,1992.0,Wheat,22.26112329,28.67156164,16.97635616,54.15408219,1521.27,6242.82,2794.86,1.03339726,6.2,35.0,64242.0,November,Sudurpashchim
2010,Kanchanpur,5.0,1000.0,Barley,22.26112329,28.67156164,16.97635616,54.15408219,1521.27,6242.82,2794.86,1.03339726,6.2,35.0,5.0,November,Sudurpashchim
2010,Kapilbastu,72000.0,3125.0,Rice,25.93473973,32.16328767,20.7379726,53.22120548,1374.1,6438.57,2996.83,1.863342466,6.9,7607.0,225000.0,July,Lumbini
2010,Kapilbastu,1390.0,2537.0,Maize,25.93473973,32.16328767,20.7379726,53.22120548,1374.1,6438.57,2996.83,1.863342466,6.9,7607.0,3526.43,April,Lumbini
2010,Kapilbastu,100.0,1000.0,Millet,25.93473973,32.16328767,20.7379726,53.22120548,1374.1,6438.57,2996.83,1.863342466,6.9,7607.0,100.0,August,Lumbini
2010,Kapilbastu,0.0,0.0,Buckwheat,25.93473973,32.16328767,20.7379726,53.22120548,1374.1,6438.57,2996.83,1.863342466,6.9,7607.0,0.0,September,Lumbini
2010,Kapilbastu,29995.0,3233.0,Wheat,25.93473973,32.16328767,20.7379726,53.22120548,1374.1,6438.57,2996.83,1.863342466,6.9,7607.0,96973.835,November,Lumbini
2010,Kapilbastu,200.0,1400.0,Barley,25.93473973,32.16328767,20.7379726,53.22120548,1374.1,6438.57,2996.83,1.863342466,6.9,7607.0,280.0,November,Lumbini
2010,Kaski,23000.0,2900.0,Rice,5.840027397,11.46972603,1.379342466,65.28052055,784.0,6145.23,2716.0,1.774520548,6.7,14589.0,66700.0,July,Gandaki
2010,Kaski,20800.0,2500.0,Maize,5.840027397,11.46972603,1.379342466,65.28052055,784.0,6145.23,2716.0,1.774520548,6.7,14589.0,52000.0,April,Gandaki
2010,Kaski,16640.0,1056.0,Millet,5.840027397,11.46972603,1.379342466,65.28052055,784.0,6145.23,2716.0,1.774520548,6.7,14589.0,17571.84,August,Gandaki
2010,Kaski,18.0,778.0,Buckwheat,5.840027397,11.46972603,1.379342466,65.28052055,784.0,6145.23,2716.0,1.774520548,6.7,14589.0,14.004,September,Gandaki
2010,Kaski,7000.0,2029.0,Wheat,5.840027397,11.46972603,1.379342466,65.28052055,784.0,6145.23,2716.0,1.774520548,6.7,14589.0,14203.0,November,Gandaki
2010,Kaski,129.0,845.0,Barley,5.840027397,11.46972603,1.379342466,65.28052055,784.0,6145.23,2716.0,1.774520548,6.7,14589.0,109.005,November,Gandaki
2010,Kathmandu,8025.0,5200.0,Rice,19.62460274,25.02857534,15.5249863,58.33276712,1044.95,6421.67,2868.84,1.509808219,6.5,1638.0,41730.0,July,Bagmati
2010,Kathmandu,7400.0,2873.0,Maize,19.62460274,25.02857534,15.5249863,58.33276712,1044.95,6421.67,2868.84,1.509808219,6.5,1638.0,21260.2,April,Bagmati
2010,Kathmandu,714.0,1001.0,Millet,19.62460274,25.02857534,15.5249863,58.33276712,1044.95,6421.67,2868.84,1.509808219,6.5,1638.0,714.714,August,Bagmati
2010,Kathmandu,0.0,0.0,Buckwheat,19.62460274,25.02857534,15.5249863,58.33276712,1044.95,6421.67,2868.84,1.509808219,6.5,1638.0,0.0,September,Bagmati
2010,Kathmandu,5000.0,2857.0,Wheat,19.62460274,25.02857534,15.5249863,58.33276712,1044.95,6421.67,2868.84,1.509808219,6.5,1638.0,14285.0,November,Bagmati
2010,Kathmandu,7.0,1000.0,Barley,19.62460274,25.02857534,15.5249863,58.33276712,1044.95,6421.67,2868.84,1.509808219,6.5,1638.0,7.0,November,Bagmati
2010,Kavre,11350.0,2900.0,Rice,19.62460274,25.02857534,15.5249863,58.33276712,1044.95,6421.67,2868.84,1.509808219,5.7,4293.0,32915.0,July,Unknown
2010,Kavre,24279.0,2310.0,Maize,19.62460274,25.02857534,15.5249863,58.33276712,1044.95,6421.67,2868.84,1.509808219,5.7,4293.0,56084.49,April,Unknown
2010,Kavre,3505.0,1013.0,Millet,19.62460274,25.02857534,15.5249863,58.33276712,1044.95,6421.67,2868.84,1.509808219,5.7,4293.0,3550.565,August,Unknown
2010,Kavre,950.0,0.0,Buckwheat,19.62460274,25.02857534,15.5249863,58.33276712,1044.95,6421.67,2868.84,1.509808219,5.7,4293.0,0.0,September,Unknown
2010,Kavre,9995.0,2101.0,Wheat,19.62460274,25.02857534,15.5249863,58.33276712,1044.95,6421.67,2868.84,1.509808219,5.7,4293.0,20999.495,November,Unknown
2010,Kavre,750.0,1000.0,Barley,19.62460274,25.02857534,15.5249863,58.33276712,1044.95,6421.67,2868.84,1.509808219,5.7,4293.0,750.0,November,Unknown
2010,Khotang,14129.0,1943.0,Rice,14.31553425,19.87221918,10.11956164,60.18016438,875.55,6170.27,2715.89,1.660246575,5.7,11448.0,27452.647,July,Koshi
2010,Khotang,23000.0,2261.0,Maize,14.31553425,19.87221918,10.11956164,60.18016438,875.55,6170.27,2715.89,1.660246575,5.7,11448.0,52003.0,April,Koshi
2010,Khotang,16500.0,1200.0,Millet,14.31553425,19.87221918,10.11956164,60.18016438,875.55,6170.27,2715.89,1.660246575,5.7,11448.0,19800.0,August,Koshi
2010,Khotang,720.0,625.0,Buckwheat,14.31553425,19.87221918,10.11956164,60.18016438,875.55,6170.27,2715.89,1.660246575,5.7,11448.0,450.0,September,Koshi
2010,Khotang,5535.0,2023.0,Wheat,14.31553425,19.87221918,10.11956164,60.18016438,875.55,6170.27,2715.89,1.660246575,5.7,11448.0,11197.305,November,Koshi
2010,Khotang,550.0,791.0,Barley,14.31553425,19.87221918,10.11956164,60.18016438,875.55,6170.27,2715.89,1.660246575,5.7,11448.0,435.05,November,Koshi
2010,Lalitpur,4650.0,4600.0,Rice,19.62460274,25.02857534,15.5249863,58.33276712,1044.95,6421.67,2868.84,1.509808219,6.9,193.0,21390.0,July,Bagmati
2010,Lalitpur,8589.0,2675.0,Maize,19.62460274,25.02857534,15.5249863,58.33276712,1044.95,6421.67,2868.84,1.509808219,6.9,193.0,22975.575,April,Bagmati
2010,Lalitpur,580.0,1159.0,Millet,19.62460274,25.02857534,15.5249863,58.33276712,1044.95,6421.67,2868.84,1.509808219,6.9,193.0,672.22,August,Bagmati
2010,Lalitpur,48.0,500.0,Buckwheat,19.62460274,25.02857534,15.5249863,58.33276712,1044.95,6421.67,2868.84,1.509808219,6.9,193.0,24.0,September,Bagmati
2010,Lalitpur,4070.0,3100.0,Wheat,19.62460274,25.02857534,15.5249863,58.33276712,1044.95,6421.67,2868.84,1.509808219,6.9,193.0,12617.0,November,Bagmati
2010,Lalitpur,80.0,900.0,Barley,19.62460274,25.02857534,15.5249863,58.33276712,1044.95,6421.67,2868.84,1.509808219,6.9,193.0,72.0,November,Bagmati
2010,Lamjung,16135.0,2100.0,Rice,5.840027397,11.46972603,1.379342466,65.28052055,784.0,6145.23,2716.0,1.774520548,5.4,1406.0,33883.5,July,Gandaki
2010,Lamjung,15900.0,2461.0,Maize,5.840027397,11.46972603,1.379342466,65.28052055,784.0,6145.23,2716.0,1.774520548,5.4,1406.0,39129.9,April,Gandaki
2010,Lamjung,7919.0,1000.0,Millet,5.840027397,11.46972603,1.379342466,65.28052055,784.0,6145.23,2716.0,1.774520548,5.4,1406.0,7919.0,August,Gandaki
2010,Lamjung,19.0,842.0,Buckwheat,5.840027397,11.46972603,1.379342466,65.28052055,784.0,6145.23,2716.0,1.774520548,5.4,1406.0,15.998,September,Gandaki
2010,Lamjung,3740.0,1738.0,Wheat,5.840027397,11.46972603,1.379342466,65.28052055,784.0,6145.23,2716.0,1.774520548,5.4,1406.0,6500.12,November,Gandaki
2010,Lamjung,28.0,964.0,Barley,5.840027397,11.46972603,1.379342466,65.28052055,784.0,6145.23,2716.0,1.774520548,5.4,1406.0,26.992,November,Gandaki
2010,Mahottari,34776.0,2256.0,Rice,26.3259726,32.88819178,20.7870137,55.5030137,994.99,6205.61,2798.51,2.025506849,6.8,447.0,78454.656,July,Madhesh
2010,Mahottari,1935.0,2093.0,Maize,26.3259726,32.88819178,20.7870137,55.5030137,994.99,6205.61,2798.51,2.025506849,6.8,447.0,4049.955,April,Madhesh
2010,Mahottari,232.0,1000.0,Millet,26.3259726,32.88819178,20.7870137,55.5030137,994.99,6205.61,2798.51,2.025506849,6.8,447.0,232.0,August,Madhesh
2010,Mahottari,0.0,0.0,Buckwheat,26.3259726,32.88819178,20.7870137,55.5030137,994.99,6205.61,2798.51,2.025506849,6.8,447.0,0.0,September,Madhesh
2010,Mahottari,21540.0,2101.0,Wheat,26.3259726,32.88819178,20.7870137,55.5030137,994.99,6205.61,2798.51,2.025506849,6.8,447.0,45255.54,November,Madhesh
2010,Mahottari,50.0,1000.0,Barley,26.3259726,32.88819178,20.7870137,55.5030137,994.99,6205.61,2798.51,2.025506849,6.8,447.0,50.0,November,Madhesh
2010,Makwanpur,11100.0,3300.0,Rice,22.6539726,28.30983562,18.2650137,55.81147945,1123.21,6402.98,2974.38,1.519808219,5.9,10709.0,36630.0,July,Bagmati
2010,Makwanpur,15560.0,2600.0,Maize,22.6539726,28.30983562,18.2650137,55.81147945,1123.21,6402.98,2974.38,1.519808219,5.9,10709.0,40456.0,April,Bagmati
2010,Makwanpur,2850.0,1125.0,Millet,22.6539726,28.30983562,18.2650137,55.81147945,1123.21,6402.98,2974.38,1.519808219,5.9,10709.0,3206.25,August,Bagmati
2010,Makwanpur,300.0,600.0,Buckwheat,22.6539726,28.30983562,18.2650137,55.81147945,1123.21,6402.98,2974.38,1.519808219,5.9,10709.0,180.0,September,Bagmati
2010,Makwanpur,4213.0,2800.0,Wheat,22.6539726,28.30983562,18.2650137,55.81147945,1123.21,6402.98,2974.38,1.519808219,5.9,10709.0,11796.4,November,Bagmati
2010,Makwanpur,25.0,1000.0,Barley,22.6539726,28.30983562,18.2650137,55.81147945,1123.21,6402.98,2974.38,1.519808219,5.9,10709.0,25.0,November,Bagmati
2010,Manang,0.0,0.0,Rice,5.840027397,11.46972603,1.379342466,65.28052055,784.0,6145.23,2716.0,1.774520548,6.3,6257.0,0.0,July,Gandaki
2010,Manang,185.0,2800.0,Maize,5.840027397,11.46972603,1.379342466,65.28052055,784.0,6145.23,2716.0,1.774520548,6.3,6257.0,518.0,April,Gandaki
2010,Manang,0.0,0.0,Millet,5.840027397,11.46972603,1.379342466,65.28052055,784.0,6145.23,2716.0,1.774520548,6.3,6257.0,0.0,August,Gandaki
2010,Manang,410.0,1402.0,Buckwheat,5.840027397,11.46972603,1.379342466,65.28052055,784.0,6145.23,2716.0,1.774520548,6.3,6257.0,574.82,September,Gandaki
2010,Manang,293.0,2198.0,Wheat,5.840027397,11.46972603,1.379342466,65.28052055,784.0,6145.23,2716.0,1.774520548,6.3,6257.0,644.014,November,Gandaki
2010,Manang,184.0,1484.0,Barley,5.840027397,11.46972603,1.379342466,65.28052055,784.0,6145.23,2716.0,1.774520548,6.3,6257.0,273.056,November,Gandaki
2010,Morang,78200.0,3300.0,Rice,24.42972603,30.01715068,19.89030137,62.28306849,1803.83,5870.95,2655.1,1.563835616,6.8,12.0,258060.0,July,Koshi
2010,Morang,16100.0,2814.0,Maize,24.42972603,30.01715068,19.89030137,62.28306849,1803.83,5870.95,2655.1,1.563835616,6.8,12.0,45305.4,April,Koshi
2010,Morang,1430.0,1200.0,Millet,24.42972603,30.01715068,19.89030137,62.28306849,1803.83,5870.95,2655.1,1.563835616,6.8,12.0,1716.0,August,Koshi
2010,Morang,0.0,0.0,Buckwheat,24.42972603,30.01715068,19.89030137,62.28306849,1803.83,5870.95,2655.1,1.563835616,6.8,12.0,0.0,September,Koshi
2010,Morang,22200.0,2365.0,Wheat,24.42972603,30.01715068,19.89030137,62.28306849,1803.83,5870.95,2655.1,1.563835616,6.8,12.0,52503.0,November,Koshi
2010,Morang,0.0,0.0,Barley,24.42972603,30.01715068,19.89030137,62.28306849,1803.83,5870.95,2655.1,1.563835616,6.8,12.0,0.0,November,Koshi
2010,Mugu,1265.0,2001.0,Rice,13.05808219,18.9710137,8.114109589,61.27663014,1245.93,6522.01,2827.55,1.555643836,5.7,15693.0,2531.265,July,Karnali
2010,Mugu,607.0,1000.0,Maize,13.05808219,18.9710137,8.114109589,61.27663014,1245.93,6522.01,2827.55,1.555643836,5.7,15693.0,607.0,April,Karnali
2010,Mugu,1800.0,917.0,Millet,13.05808219,18.9710137,8.114109589,61.27663014,1245.93,6522.01,2827.55,1.555643836,5.7,15693.0,1650.6,August,Karnali
2010,Mugu,500.0,1500.0,Buckwheat,13.05808219,18.9710137,8.114109589,61.27663014,1245.93,6522.01,2827.55,1.555643836,5.7,15693.0,750.0,September,Karnali
2010,Mugu,4325.0,1800.0,Wheat,13.05808219,18.9710137,8.114109589,61.27663014,1245.93,6522.01,2827.55,1.555643836,5.7,15693.0,7785.0,November,Karnali
2010,Mugu,1837.0,1000.0,Barley,13.05808219,18.9710137,8.114109589,61.27663014,1245.93,6522.01,2827.55,1.555643836,5.7,15693.0,1837.0,November,Karnali
2010,Mustang,0.0,0.0,Rice,8.88509589,14.69452055,4.340849315,61.93958904,986.69,6385.99,2761.53,1.690931507,7.3,10.0,0.0,July,Gandaki
2010,Mustang,525.0,1543.0,Maize,8.88509589,14.69452055,4.340849315,61.93958904,986.69,6385.99,2761.53,1.690931507,7.3,10.0,810.075,April,Gandaki
2010,Mustang,0.0,0.0,Millet,8.88509589,14.69452055,4.340849315,61.93958904,986.69,6385.99,2761.53,1.690931507,7.3,10.0,0.0,August,Gandaki
2010,Mustang,575.0,1661.0,Buckwheat,8.88509589,14.69452055,4.340849315,61.93958904,986.69,6385.99,2761.53,1.690931507,7.3,10.0,955.075,September,Gandaki
2010,Mustang,601.0,1799.0,Wheat,8.88509589,14.69452055,4.340849315,61.93958904,986.69,6385.99,2761.53,1.690931507,7.3,10.0,1081.199,November,Gandaki
2010,Mustang,270.0,1759.0,Barley,8.88509589,14.69452055,4.340849315,61.93958904,986.69,6385.99,2761.53,1.690931507,7.3,10.0,474.93,November,Gandaki
2010,Myagdi,3895.0,2633.0,Rice,8.88509589,14.69452055,4.340849315,61.93958904,986.69,6385.99,2761.53,1.690931507,5.8,15.0,10255.535,July,Gandaki
2010,Myagdi,11115.0,3045.0,Maize,8.88509589,14.69452055,4.340849315,61.93958904,986.69,6385.99,2761.53,1.690931507,5.8,15.0,33845.175,April,Gandaki
2010,Myagdi,3048.0,1089.0,Millet,8.88509589,14.69452055,4.340849315,61.93958904,986.69,6385.99,2761.53,1.690931507,5.8,15.0,3319.272,August,Gandaki
2010,Myagdi,0.0,0.0,Buckwheat,8.88509589,14.69452055,4.340849315,61.93958904,986.69,6385.99,2761.53,1.690931507,5.8,15.0,0.0,September,Gandaki
2010,Myagdi,3045.0,1920.0,Wheat,8.88509589,14.69452055,4.340849315,61.93958904,986.69,6385.99,2761.53,1.690931507,5.8,15.0,5846.4,November,Gandaki
2010,Myagdi,560.0,998.0,Barley,8.88509589,14.69452055,4.340849315,61.93958904,986.69,6385.99,2761.53,1.690931507,5.8,15.0,558.88,November,Gandaki
2010,Nawalparasi,46690.0,3863.0,Rice,25.54709589,31.70972603,20.39764384,54.1729589,1341.32,6438.57,2996.83,1.649260274,5.9,115.0,180363.47,July,Unknown
2010,Nawalparasi,10750.0,3133.0,Maize,25.54709589,31.70972603,20.39764384,54.1729589,1341.32,6438.57,2996.83,1.649260274,5.9,115.0,33679.75,April,Unknown
2010,Nawalparasi,500.0,1000.0,Millet,25.54709589,31.70972603,20.39764384,54.1729589,1341.32,6438.57,2996.83,1.649260274,5.9,115.0,500.0,August,Unknown
2010,Nawalparasi,220.0,909.0,Buckwheat,25.54709589,31.70972603,20.39764384,54.1729589,1341.32,6438.57,2996.83,1.649260274,5.9,115.0,199.98,September,Unknown
2010,Nawalparasi,18830.0,2450.0,Wheat,25.54709589,31.70972603,20.39764384,54.1729589,1341.32,6438.57,2996.83,1.649260274,5.9,115.0,46133.5,November,Unknown
2010,Nawalparasi,88.0,1000.0,Barley,25.54709589,31.70972603,20.39764384,54.1729589,1341.32,6438.57,2996.83,1.649260274,5.9,115.0,88.0,November,Unknown
2010,Nuwakot,16625.0,3299.0,Rice,9.669287671,15.43912329,5.127506849,61.61794521,858.68,6421.67,2868.84,1.79309589,5.7,6146.0,54845.875,July,Bagmati
2010,Nuwakot,20115.0,2660.0,Maize,9.669287671,15.43912329,5.127506849,61.61794521,858.68,6421.67,2868.84,1.79309589,5.7,6146.0,53505.9,April,Bagmati
2010,Nuwakot,5805.0,1800.0,Millet,9.669287671,15.43912329,5.127506849,61.61794521,858.68,6421.67,2868.84,1.79309589,5.7,6146.0,10449.0,August,Bagmati
2010,Nuwakot,0.0,0.0,Buckwheat,9.669287671,15.43912329,5.127506849,61.61794521,858.68,6421.67,2868.84,1.79309589,5.7,6146.0,0.0,September,Bagmati
2010,Nuwakot,5477.0,2750.0,Wheat,9.669287671,15.43912329,5.127506849,61.61794521,858.68,6421.67,2868.84,1.79309589,5.7,6146.0,15061.75,November,Bagmati
2010,Nuwakot,200.0,1250.0,Barley,9.669287671,15.43912329,5.127506849,61.61794521,858.68,6421.67,2868.84,1.79309589,5.7,6146.0,250.0,November,Bagmati
2010,Okhaldhunga,5030.0,1958.0,Rice,14.31553425,19.87221918,10.11956164,60.18016438,875.55,6170.27,2715.89,1.660246575,5.7,8047.0,9848.74,July,Koshi
2010,Okhaldhunga,12097.0,1918.0,Maize,14.31553425,19.87221918,10.11956164,60.18016438,875.55,6170.27,2715.89,1.660246575,5.7,8047.0,23202.046,April,Koshi
2010,Okhaldhunga,8785.0,1351.0,Millet,14.31553425,19.87221918,10.11956164,60.18016438,875.55,6170.27,2715.89,1.660246575,5.7,8047.0,11868.535,August,Koshi
2010,Okhaldhunga,94.0,850.0,Buckwheat,14.31553425,19.87221918,10.11956164,60.18016438,875.55,6170.27,2715.89,1.660246575,5.7,8047.0,79.9,September,Koshi
2010,Okhaldhunga,2842.0,2000.0,Wheat,14.31553425,19.87221918,10.11956164,60.18016438,875.55,6170.27,2715.89,1.660246575,5.7,8047.0,5684.0,November,Koshi
2010,Okhaldhunga,115.0,1200.0,Barley,14.31553425,19.87221918,10.11956164,60.18016438,875.55,6170.27,2715.89,1.660246575,5.7,8047.0,138.0,November,Koshi
2010,Palpa,9561.0,2637.0,Rice,20.00545205,25.42309589,15.70890411,57.22178082,1226.86,6438.57,2996.83,1.593342466,5.9,193.0,25212.357,July,Lumbini
2010,Palpa,21563.0,1967.0,Maize,20.00545205,25.42309589,15.70890411,57.22178082,1226.86,6438.57,2996.83,1.593342466,5.9,193.0,42414.421,April,Lumbini
2010,Palpa,2580.0,1132.0,Millet,20.00545205,25.42309589,15.70890411,57.22178082,1226.86,6438.57,2996.83,1.593342466,5.9,193.0,2920.56,August,Lumbini
2010,Palpa,460.0,941.0,Buckwheat,20.00545205,25.42309589,15.70890411,57.22178082,1226.86,6438.57,2996.83,1.593342466,5.9,193.0,432.86,September,Lumbini
2010,Palpa,6235.0,2153.0,Wheat,20.00545205,25.42309589,15.70890411,57.22178082,1226.86,6438.57,2996.83,1.593342466,5.9,193.0,13423.955,November,Lumbini
2010,Palpa,30.0,1267.0,Barley,20.00545205,25.42309589,15.70890411,57.22178082,1226.86,6438.57,2996.83,1.593342466,5.9,193.0,38.01,November,Lumbini
2010,Panchthar,10400.0,2100.0,Rice,11.01819178,16.84468493,6.613506849,68.09054795,1033.73,5773.57,2540.43,1.845506849,5.7,1148.0,21840.0,July,Koshi
2010,Panchthar,14155.0,1500.0,Maize,11.01819178,16.84468493,6.613506849,68.09054795,1033.73,5773.57,2540.43,1.845506849,5.7,1148.0,21232.5,April,Koshi
2010,Panchthar,5000.0,1670.0,Millet,11.01819178,16.84468493,6.613506849,68.09054795,1033.73,5773.57,2540.43,1.845506849,5.7,1148.0,8350.0,August,Koshi
2010,Panchthar,60.0,700.0,Buckwheat,11.01819178,16.84468493,6.613506849,68.09054795,1033.73,5773.57,2540.43,1.845506849,5.7,1148.0,42.0,September,Koshi
2010,Panchthar,4000.0,1850.0,Wheat,11.01819178,16.84468493,6.613506849,68.09054795,1033.73,5773.57,2540.43,1.845506849,5.7,1148.0,7400.0,November,Koshi
2010,Panchthar,500.0,1200.0,Barley,11.01819178,16.84468493,6.613506849,68.09054795,1033.73,5773.57,2540.43,1.845506849,5.7,1148.0,600.0,November,Koshi
2010,Parbat,9595.0,2406.0,Rice,8.88509589,14.69452055,4.340849315,61.93958904,986.69,6385.99,2761.53,1.690931507,5.7,536.0,23085.57,July,Gandaki
2010,Parbat,14205.0,1918.0,Maize,8.88509589,14.69452055,4.340849315,61.93958904,986.69,6385.99,2761.53,1.690931507,5.7,536.0,27245.19,April,Gandaki
2010,Parbat,8845.0,1013.0,Millet,8.88509589,14.69452055,4.340849315,61.93958904,986.69,6385.99,2761.53,1.690931507,5.7,536.0,8959.985,August,Gandaki
2010,Parbat,34.0,831.0,Buckwheat,8.88509589,14.69452055,4.340849315,61.93958904,986.69,6385.99,2761.53,1.690931507,5.7,536.0,28.254,September,Gandaki
2010,Parbat,2915.0,2323.0,Wheat,8.88509589,14.69452055,4.340849315,61.93958904,986.69,6385.99,2761.53,1.690931507,5.7,536.0,6771.545,November,Gandaki
2010,Parbat,198.0,889.0,Barley,8.88509589,14.69452055,4.340849315,61.93958904,986.69,6385.99,2761.53,1.690931507,5.7,536.0,176.022,November,Gandaki
2010,Parsa,46690.0,3410.0,Rice,26.02463014,32.4590137,20.58928767,55.992,1154.89,6402.98,2974.38,1.851808219,6.9,889.0,159212.9,July,Madhesh
2010,Parsa,4065.0,3062.0,Maize,26.02463014,32.4590137,20.58928767,55.992,1154.89,6402.98,2974.38,1.851808219,6.9,889.0,12447.03,April,Madhesh
2010,Parsa,81.0,1025.0,Millet,26.02463014,32.4590137,20.58928767,55.992,1154.89,6402.98,2974.38,1.851808219,6.9,889.0,83.025,August,Madhesh
2010,Parsa,0.0,0.0,Buckwheat,26.02463014,32.4590137,20.58928767,55.992,1154.89,6402.98,2974.38,1.851808219,6.9,889.0,0.0,September,Madhesh
2010,Parsa,23600.0,3208.0,Wheat,26.02463014,32.4590137,20.58928767,55.992,1154.89,6402.98,2974.38,1.851808219,6.9,889.0,75708.8,November,Madhesh
2010,Parsa,34.0,1000.0,Barley,26.02463014,32.4590137,20.58928767,55.992,1154.89,6402.98,2974.38,1.851808219,6.9,889.0,34.0,November,Madhesh
2010,Pyuthan,6540.0,2600.0,Rice,22.61468493,28.44019178,17.948,54.894,1278.14,6452.09,2802.61,1.861013699,6.5,14230.0,17004.0,July,Lumbini
2010,Pyuthan,12058.0,2063.0,Maize,22.61468493,28.44019178,17.948,54.894,1278.14,6452.09,2802.61,1.861013699,6.5,14230.0,24875.654,April,Lumbini
2010,Pyuthan,1985.0,1007.0,Millet,22.61468493,28.44019178,17.948,54.894,1278.14,6452.09,2802.61,1.861013699,6.5,14230.0,1998.895,August,Lumbini
2010,Pyuthan,0.0,0.0,Buckwheat,22.61468493,28.44019178,17.948,54.894,1278.14,6452.09,2802.61,1.861013699,6.5,14230.0,0.0,September,Lumbini
2010,Pyuthan,8655.0,1801.0,Wheat,22.61468493,28.44019178,17.948,54.894,1278.14,6452.09,2802.61,1.861013699,6.5,14230.0,15587.655,November,Lumbini
2010,Pyuthan,510.0,1133.0,Barley,22.61468493,28.44019178,17.948,54.894,1278.14,6452.09,2802.61,1.861013699,6.5,14230.0,577.83,November,Lumbini
2010,Ramechap,9460.0,2648.0,Rice,14.31553425,19.87221918,10.11956164,60.18016438,875.55,6170.27,2715.89,1.660246575,5.4,295.0,25050.08,July,Unknown
2010,Ramechap,18041.0,2040.0,Maize,14.31553425,19.87221918,10.11956164,60.18016438,875.55,6170.27,2715.89,1.660246575,5.4,295.0,36803.64,April,Unknown
2010,Ramechap,5060.0,998.0,Millet,14.31553425,19.87221918,10.11956164,60.18016438,875.55,6170.27,2715.89,1.660246575,5.4,295.0,5049.88,August,Unknown
2010,Ramechap,19.0,1000.0,Buckwheat,14.31553425,19.87221918,10.11956164,60.18016438,875.55,6170.27,2715.89,1.660246575,5.4,295.0,19.0,September,Unknown
2010,Ramechap,4820.0,1870.0,Wheat,14.31553425,19.87221918,10.11956164,60.18016438,875.55,6170.27,2715.89,1.660246575,5.4,295.0,9013.4,November,Unknown
2010,Ramechap,100.0,810.0,Barley,14.31553425,19.87221918,10.11956164,60.18016438,875.55,6170.27,2715.89,1.660246575,5.4,295.0,81.0,November,Unknown
2010,Rasuwa,1322.0,2200.0,Rice,9.669287671,15.43912329,5.127506849,61.61794521,858.68,6564.4,2868.64,1.79309589,6.1,1151.0,2908.4,July,Bagmati
2010,Rasuwa,2338.0,1940.0,Maize,9.669287671,15.43912329,5.127506849,61.61794521,858.68,6564.4,2868.64,1.79309589,6.1,1151.0,4535.72,April,Bagmati
2010,Rasuwa,1045.0,990.0,Millet,9.669287671,15.43912329,5.127506849,61.61794521,858.68,6564.4,2868.64,1.79309589,6.1,1151.0,1034.55,August,Bagmati
2010,Rasuwa,0.0,0.0,Buckwheat,9.669287671,15.43912329,5.127506849,61.61794521,858.68,6564.4,2868.64,1.79309589,6.1,1151.0,0.0,September,Bagmati
2010,Rasuwa,850.0,1480.0,Wheat,9.669287671,15.43912329,5.127506849,61.61794521,858.68,6564.4,2868.64,1.79309589,6.1,1151.0,1258.0,November,Bagmati
2010,Rasuwa,300.0,1320.0,Barley,9.669287671,15.43912329,5.127506849,61.61794521,858.68,6564.4,2868.64,1.79309589,6.1,1151.0,396.0,November,Bagmati
2010,Rautahat,42396.0,2651.0,Rice,25.01523288,31.13057534,20.16753425,54.87731507,1077.95,6205.61,2798.51,1.732219178,6.8,13654.0,112391.796,July,Madhesh
2010,Rautahat,4950.0,3200.0,Maize,25.01523288,31.13057534,20.16753425,54.87731507,1077.95,6205.61,2798.51,1.732219178,6.8,13654.0,15840.0,April,Madhesh
2010,Rautahat,60.0,750.0,Millet,25.01523288,31.13057534,20.16753425,54.87731507,1077.95,6205.61,2798.51,1.732219178,6.8,13654.0,45.0,August,Madhesh
2010,Rautahat,0.0,0.0,Buckwheat,25.01523288,31.13057534,20.16753425,54.87731507,1077.95,6205.61,2798.51,1.732219178,6.8,13654.0,0.0,September,Madhesh
2010,Rautahat,15300.0,2420.0,Wheat,25.01523288,31.13057534,20.16753425,54.87731507,1077.95,6205.61,2798.51,1.732219178,6.8,13654.0,37026.0,November,Madhesh
2010,Rautahat,52.0,1000.0,Barley,25.01523288,31.13057534,20.16753425,54.87731507,1077.95,6205.61,2798.51,1.732219178,6.8,13654.0,52.0,November,Madhesh
2010,Rolpa,4715.0,2750.0,Rice,15.53734247,21.5430411,10.67764384,58.56906849,1293.35,6452.09,2802.61,1.706219178,6.1,421.0,12966.25,July,Lumbini
2010,Rolpa,11661.0,2124.0,Maize,15.53734247,21.5430411,10.67764384,58.56906849,1293.35,6452.09,2802.61,1.706219178,6.1,421.0,24767.964,April,Lumbini
2010,Rolpa,1061.0,1000.0,Millet,15.53734247,21.5430411,10.67764384,58.56906849,1293.35,6452.09,2802.61,1.706219178,6.1,421.0,1061.0,August,Lumbini
2010,Rolpa,0.0,0.0,Buckwheat,15.53734247,21.5430411,10.67764384,58.56906849,1293.35,6452.09,2802.61,1.706219178,6.1,421.0,0.0,September,Lumbini
2010,Rolpa,8537.0,1375.0,Wheat,15.53734247,21.5430411,10.67764384,58.56906849,1293.35,6452.09,2802.61,1.706219178,6.1,421.0,11738.375,November,Lumbini
2010,Rolpa,520.0,1077.0,Barley,15.53734247,21.5430411,10.67764384,58.56906849,1293.35,6452.09,2802.61,1.706219178,6.1,421.0,560.04,November,Lumbini
2010,Rukum,3750.0,3010.0,Rice,15.53734247,21.5430411,10.67764384,58.56906849,1293.35,6486.74,2819.94,1.706219178,6.8,11770.0,11287.5,July,Unknown
2010,Rukum,18650.0,2200.0,Maize,15.53734247,21.5430411,10.67764384,58.56906849,1293.35,6486.74,2819.94,1.706219178,6.8,11770.0,41030.0,April,Unknown
2010,Rukum,960.0,1020.0,Millet,15.53734247,21.5430411,10.67764384,58.56906849,1293.35,6486.74,2819.94,1.706219178,6.8,11770.0,979.2,August,Unknown
2010,Rukum,0.0,0.0,Buckwheat,15.53734247,21.5430411,10.67764384,58.56906849,1293.35,6486.74,2819.94,1.706219178,6.8,11770.0,0.0,September,Unknown
2010,Rukum,11800.0,2300.0,Wheat,15.53734247,21.5430411,10.67764384,58.56906849,1293.35,6486.74,2819.94,1.706219178,6.8,11770.0,27140.0,November,Unknown
2010,Rukum,925.0,1301.0,Barley,15.53734247,21.5430411,10.67764384,58.56906849,1293.35,6486.74,2819.94,1.706219178,6.8,11770.0,1203.425,November,Unknown
2010,Rupandehi,71500.0,3900.0,Rice,25.54709589,31.70972603,20.39764384,54.1729589,1341.32,6438.57,2996.83,1.649260274,6.6,399.0,278850.0,July,Lumbini
2010,Rupandehi,2500.0,2896.0,Maize,25.54709589,31.70972603,20.39764384,54.1729589,1341.32,6438.57,2996.83,1.649260274,6.6,399.0,7240.0,April,Lumbini
2010,Rupandehi,100.0,1000.0,Millet,25.54709589,31.70972603,20.39764384,54.1729589,1341.32,6438.57,2996.83,1.649260274,6.6,399.0,100.0,August,Lumbini
2010,Rupandehi,0.0,0.0,Buckwheat,25.54709589,31.70972603,20.39764384,54.1729589,1341.32,6438.57,2996.83,1.649260274,6.6,399.0,0.0,September,Lumbini
2010,Rupandehi,30500.0,3472.0,Wheat,25.54709589,31.70972603,20.39764384,54.1729589,1341.32,6438.57,2996.83,1.649260274,6.6,399.0,105896.0,November,Lumbini
2010,Rupandehi,30.0,1000.0,Barley,25.54709589,31.70972603,20.39764384,54.1729589,1341.32,6438.57,2996.83,1.649260274,6.6,399.0,30.0,November,Lumbini
2010,Salyan,6961.0,3125.0,Rice,22.61468493,28.44019178,17.948,54.894,1278.14,6452.09,2802.61,1.861013699,5.9,395.0,21753.125,July,Karnali
2010,Salyan,11588.0,2127.0,Maize,22.61468493,28.44019178,17.948,54.894,1278.14,6452.09,2802.61,1.861013699,5.9,395.0,24647.676,April,Karnali
2010,Salyan,1910.0,1300.0,Millet,22.61468493,28.44019178,17.948,54.894,1278.14,6452.09,2802.61,1.861013699,5.9,395.0,2483.0,August,Karnali
2010,Salyan,80.0,1100.0,Buckwheat,22.61468493,28.44019178,17.948,54.894,1278.14,6452.09,2802.61,1.861013699,5.9,395.0,88.0,September,Karnali
2010,Salyan,15574.0,1801.0,Wheat,22.61468493,28.44019178,17.948,54.894,1278.14,6452.09,2802.61,1.861013699,5.9,395.0,28048.774,November,Karnali
2010,Salyan,1390.0,1100.0,Barley,22.61468493,28.44019178,17.948,54.894,1278.14,6452.09,2802.61,1.861013699,5.9,395.0,1529.0,November,Karnali
2010,Sankhuwashava,15417.0,1934.0,Rice,11.01819178,16.84468493,6.613506849,68.09054795,1033.73,5773.57,2540.43,1.845506849,5.6,21112.0,29816.478,July,Unknown
2010,Sankhuwashava,14165.0,1995.0,Maize,11.01819178,16.84468493,6.613506849,68.09054795,1033.73,5773.57,2540.43,1.845506849,5.6,21112.0,28259.175,April,Unknown
2010,Sankhuwashava,9975.0,990.0,Millet,11.01819178,16.84468493,6.613506849,68.09054795,1033.73,5773.57,2540.43,1.845506849,5.6,21112.0,9875.25,August,Unknown
2010,Sankhuwashava,0.0,0.0,Buckwheat,11.01819178,16.84468493,6.613506849,68.09054795,1033.73,5773.57,2540.43,1.845506849,5.6,21112.0,0.0,September,Unknown
2010,Sankhuwashava,1400.0,2000.0,Wheat,11.01819178,16.84468493,6.613506849,68.09054795,1033.73,5773.57,2540.43,1.845506849,5.6,21112.0,2800.0,November,Unknown
2010,Sankhuwashava,35.0,743.0,Barley,11.01819178,16.84468493,6.613506849,68.09054795,1033.73,5773.57,2540.43,1.845506849,5.6,21112.0,26.005,November,Unknown
2010,Saptari,37691.0,3100.0,Rice,25.17865753,30.99586301,20.44476712,59.66013699,1182.97,6106.02,2754.95,1.762821918,6.6,742.0,116842.1,July,Madhesh
2010,Saptari,4000.0,2000.0,Maize,25.17865753,30.99586301,20.44476712,59.66013699,1182.97,6106.02,2754.95,1.762821918,6.6,742.0,8000.0,April,Madhesh
2010,Saptari,250.0,1000.0,Millet,25.17865753,30.99586301,20.44476712,59.66013699,1182.97,6106.02,2754.95,1.762821918,6.6,742.0,250.0,August,Madhesh
2010,Saptari,0.0,0.0,Buckwheat,25.17865753,30.99586301,20.44476712,59.66013699,1182.97,6106.02,2754.95,1.762821918,6.6,742.0,0.0,September,Madhesh
2010,Saptari,20000.0,2400.0,Wheat,25.17865753,30.99586301,20.44476712,59.66013699,1182.97,6106.02,2754.95,1.762821918,6.6,742.0,48000.0,November,Madhesh
2010,Saptari,0.0,0.0,Barley,25.17865753,30.99586301,20.44476712,59.66013699,1182.97,6106.02,2754.95,1.762821918,6.6,742.0,0.0,November,Madhesh
2010,Sarlahi,39350.0,2830.0,Rice,25.01523288,31.13057534,20.16753425,54.87731507,1077.95,6205.61,2798.51,1.732219178,6.6,748.0,111360.5,July,Madhesh
2010,Sarlahi,8125.0,2100.0,Maize,25.01523288,31.13057534,20.16753425,54.87731507,1077.95,6205.61,2798.51,1.732219178,6.6,748.0,17062.5,April,Madhesh
2010,Sarlahi,215.0,1000.0,Millet,25.01523288,31.13057534,20.16753425,54.87731507,1077.95,6205.61,2798.51,1.732219178,6.6,748.0,215.0,August,Madhesh
2010,Sarlahi,0.0,0.0,Buckwheat,25.01523288,31.13057534,20.16753425,54.87731507,1077.95,6205.61,2798.51,1.732219178,6.6,748.0,0.0,September,Madhesh
2010,Sarlahi,28000.0,2000.0,Wheat,25.01523288,31.13057534,20.16753425,54.87731507,1077.95,6205.61,2798.51,1.732219178,6.6,748.0,56000.0,November,Madhesh
2010,Sarlahi,50.0,1000.0,Barley,25.01523288,31.13057534,20.16753425,54.87731507,1077.95,6205.61,2798.51,1.732219178,6.6,748.0,50.0,November,Madhesh
2010,Sindhuli,8265.0,2300.0,Rice,23.13506849,28.95416438,18.67791781,55.94189041,995.41,6170.27,2715.89,1.701205479,6.0,12812.0,19009.5,July,Bagmati
2010,Sindhuli,18535.0,2127.0,Maize,23.13506849,28.95416438,18.67791781,55.94189041,995.41,6170.27,2715.89,1.701205479,6.0,12812.0,39423.945,April,Bagmati
2010,Sindhuli,10551.0,1001.0,Millet,23.13506849,28.95416438,18.67791781,55.94189041,995.41,6170.27,2715.89,1.701205479,6.0,12812.0,10561.551,August,Bagmati
2010,Sindhuli,525.0,495.0,Buckwheat,23.13506849,28.95416438,18.67791781,55.94189041,995.41,6170.27,2715.89,1.701205479,6.0,12812.0,259.875,September,Bagmati
2010,Sindhuli,5600.0,2452.0,Wheat,23.13506849,28.95416438,18.67791781,55.94189041,995.41,6170.27,2715.89,1.701205479,6.0,12812.0,13731.2,November,Bagmati
2010,Sindhuli,56.0,1607.0,Barley,23.13506849,28.95416438,18.67791781,55.94189041,995.41,6170.27,2715.89,1.701205479,6.0,12812.0,89.992,November,Bagmati
2010,Sindhupalchok,12924.0,2089.0,Rice,9.669287671,15.43912329,5.127506849,61.61794521,858.68,6421.67,2868.84,1.79309589,5.6,7437.0,26998.236,July,Bagmati
2010,Sindhupalchok,23920.0,2200.0,Maize,9.669287671,15.43912329,5.127506849,61.61794521,858.68,6421.67,2868.84,1.79309589,5.6,7437.0,52624.0,April,Bagmati
2010,Sindhupalchok,19330.0,1000.0,Millet,9.669287671,15.43912329,5.127506849,61.61794521,858.68,6421.67,2868.84,1.79309589,5.6,7437.0,19330.0,August,Bagmati
2010,Sindhupalchok,0.0,0.0,Buckwheat,9.669287671,15.43912329,5.127506849,61.61794521,858.68,6421.67,2868.84,1.79309589,5.6,7437.0,0.0,September,Bagmati
2010,Sindhupalchok,7000.0,950.0,Wheat,9.669287671,15.43912329,5.127506849,61.61794521,858.68,6421.67,2868.84,1.79309589,5.6,7437.0,6650.0,November,Bagmati
2010,Sindhupalchok,220.0,1100.0,Barley,9.669287671,15.43912329,5.127506849,61.61794521,858.68,6421.67,2868.84,1.79309589,5.6,7437.0,242.0,November,Bagmati
2010,Siraha,45570.0,2100.0,Rice,25.94569863,32.29112329,20.74682192,56.16720548,986.52,6106.02,2754.95,1.950383562,6.8,4139.0,95697.0,July,Madhesh
2010,Siraha,1800.0,2000.0,Maize,25.94569863,32.29112329,20.74682192,56.16720548,986.52,6106.02,2754.95,1.950383562,6.8,4139.0,3600.0,April,Madhesh
2010,Siraha,700.0,1000.0,Millet,25.94569863,32.29112329,20.74682192,56.16720548,986.52,6106.02,2754.95,1.950383562,6.8,4139.0,700.0,August,Madhesh
2010,Siraha,0.0,0.0,Buckwheat,25.94569863,32.29112329,20.74682192,56.16720548,986.52,6106.02,2754.95,1.950383562,6.8,4139.0,0.0,September,Madhesh
2010,Siraha,17500.0,1791.0,Wheat,25.94569863,32.29112329,20.74682192,56.16720548,986.52,6106.02,2754.95,1.950383562,6.8,4139.0,31342.5,November,Madhesh
2010,Siraha,0.0,0.0,Barley,25.94569863,32.29112329,20.74682192,56.16720548,986.52,6106.02,2754.95,1.950383562,6.8,4139.0,0.0,November,Madhesh
2010,Solukhumbu,1530.0,2000.0,Rice,9.861424658,15.6289589,5.513123288,64.65216438,835.87,6170.27,2715.89,1.884547945,5.8,4536.0,3060.0,July,Koshi
2010,Solukhumbu,12955.0,2500.0,Maize,9.861424658,15.6289589,5.513123288,64.65216438,835.87,6170.27,2715.89,1.884547945,5.8,4536.0,32387.5,April,Koshi
2010,Solukhumbu,2100.0,1250.0,Millet,9.861424658,15.6289589,5.513123288,64.65216438,835.87,6170.27,2715.89,1.884547945,5.8,4536.0,2625.0,August,Koshi
2010,Solukhumbu,300.0,600.0,Buckwheat,9.861424658,15.6289589,5.513123288,64.65216438,835.87,6170.27,2715.89,1.884547945,5.8,4536.0,180.0,September,Koshi
2010,Solukhumbu,3750.0,1900.0,Wheat,9.861424658,15.6289589,5.513123288,64.65216438,835.87,6170.27,2715.89,1.884547945,5.8,4536.0,7125.0,November,Koshi
2010,Solukhumbu,200.0,1120.0,Barley,9.861424658,15.6289589,5.513123288,64.65216438,835.87,6170.27,2715.89,1.884547945,5.8,4536.0,224.0,November,Koshi
2010,Sunsari,53791.0,2900.0,Rice,24.42972603,30.01715068,19.89030137,62.28306849,1803.83,5870.95,2655.1,1.563835616,6.6,11556.0,155993.9,July,Koshi
2010,Sunsari,8500.0,2735.0,Maize,24.42972603,30.01715068,19.89030137,62.28306849,1803.83,5870.95,2655.1,1.563835616,6.6,11556.0,23247.5,April,Koshi
2010,Sunsari,1200.0,1000.0,Millet,24.42972603,30.01715068,19.89030137,62.28306849,1803.83,5870.95,2655.1,1.563835616,6.6,11556.0,1200.0,August,Koshi
2010,Sunsari,50.0,1000.0,Buckwheat,24.42972603,30.01715068,19.89030137,62.28306849,1803.83,5870.95,2655.1,1.563835616,6.6,11556.0,50.0,September,Koshi
2010,Sunsari,18500.0,2500.0,Wheat,24.42972603,30.01715068,19.89030137,62.28306849,1803.83,5870.95,2655.1,1.563835616,6.6,11556.0,46250.0,November,Koshi
2010,Sunsari,0.0,0.0,Barley,24.42972603,30.01715068,19.89030137,62.28306849,1803.83,5870.95,2655.1,1.563835616,6.6,11556.0,0.0,November,Koshi
2010,Surkhet,13870.0,3420.0,Rice,20.73353425,26.48753425,16.01060274,55.95624658,1335.67,6092.79,2704.96,1.542273973,5.9,194.0,47435.4,July,Karnali
2010,Surkhet,16100.0,2580.0,Maize,20.73353425,26.48753425,16.01060274,55.95624658,1335.67,6092.79,2704.96,1.542273973,5.9,194.0,41538.0,April,Karnali
2010,Surkhet,2095.0,1290.0,Millet,20.73353425,26.48753425,16.01060274,55.95624658,1335.67,6092.79,2704.96,1.542273973,5.9,194.0,2702.55,August,Karnali
2010,Surkhet,0.0,0.0,Buckwheat,20.73353425,26.48753425,16.01060274,55.95624658,1335.67,6092.79,2704.96,1.542273973,5.9,194.0,0.0,September,Karnali
2010,Surkhet,16255.0,2768.0,Wheat,20.73353425,26.48753425,16.01060274,55.95624658,1335.67,6092.79,2704.96,1.542273973,5.9,194.0,44993.84,November,Karnali
2010,Surkhet,1030.0,1291.0,Barley,20.73353425,26.48753425,16.01060274,55.95624658,1335.67,6092.79,2704.96,1.542273973,5.9,194.0,1329.73,November,Karnali
2010,Syangja,19455.0,2994.0,Rice,20.00545205,25.42309589,15.70890411,57.22178082,1226.86,6385.99,2761.53,1.593342466,6.0,6524.0,58248.27,July,Gandaki
2010,Syangja,30900.0,3140.0,Maize,20.00545205,25.42309589,15.70890411,57.22178082,1226.86,6385.99,2761.53,1.593342466,6.0,6524.0,97026.0,April,Gandaki
2010,Syangja,16805.0,1150.0,Millet,20.00545205,25.42309589,15.70890411,57.22178082,1226.86,6385.99,2761.53,1.593342466,6.0,6524.0,19325.75,August,Gandaki
2010,Syangja,205.0,550.0,Buckwheat,20.00545205,25.42309589,15.70890411,57.22178082,1226.86,6385.99,2761.53,1.593342466,6.0,6524.0,112.75,September,Gandaki
2010,Syangja,6500.0,2031.0,Wheat,20.00545205,25.42309589,15.70890411,57.22178082,1226.86,6385.99,2761.53,1.593342466,6.0,6524.0,13201.5,November,Gandaki
2010,Syangja,200.0,600.0,Barley,20.00545205,25.42309589,15.70890411,57.22178082,1226.86,6385.99,2761.53,1.593342466,6.0,6524.0,120.0,November,Gandaki
2010,Tanahu,20850.0,2800.0,Rice,20.00545205,25.42309589,15.70890411,57.22178082,1226.86,6402.98,2974.38,1.593342466,5.6,2049.0,58380.0,July,Gandaki
2010,Tanahu,26029.0,2629.0,Maize,20.00545205,25.42309589,15.70890411,57.22178082,1226.86,6402.98,2974.38,1.593342466,5.6,2049.0,68430.241,April,Gandaki
2010,Tanahu,6710.0,1001.0,Millet,20.00545205,25.42309589,15.70890411,57.22178082,1226.86,6402.98,2974.38,1.593342466,5.6,2049.0,6716.71,August,Gandaki
2010,Tanahu,192.0,911.0,Buckwheat,20.00545205,25.42309589,15.70890411,57.22178082,1226.86,6402.98,2974.38,1.593342466,5.6,2049.0,174.912,September,Gandaki
2010,Tanahu,1905.0,1803.0,Wheat,20.00545205,25.42309589,15.70890411,57.22178082,1226.86,6402.98,2974.38,1.593342466,5.6,2049.0,3434.715,November,Gandaki
2010,Tanahu,6.0,833.0,Barley,20.00545205,25.42309589,15.70890411,57.22178082,1226.86,6402.98,2974.38,1.593342466,5.6,2049.0,4.998,November,Gandaki
2010,Taplejung,9710.0,2070.0,Rice,5.662410959,11.09339726,1.640931507,71.61832877,1213.87,5773.57,2540.43,1.581178082,5.4,1277.0,20099.7,July,Koshi
2010,Taplejung,16075.0,2289.0,Maize,5.662410959,11.09339726,1.640931507,71.61832877,1213.87,5773.57,2540.43,1.581178082,5.4,1277.0,36795.675,April,Koshi
2010,Taplejung,3050.0,1250.0,Millet,5.662410959,11.09339726,1.640931507,71.61832877,1213.87,5773.57,2540.43,1.581178082,5.4,1277.0,3812.5,August,Koshi
2010,Taplejung,0.0,0.0,Buckwheat,5.662410959,11.09339726,1.640931507,71.61832877,1213.87,5773.57,2540.43,1.581178082,5.4,1277.0,0.0,September,Koshi
2010,Taplejung,1895.0,2069.0,Wheat,5.662410959,11.09339726,1.640931507,71.61832877,1213.87,5773.57,2540.43,1.581178082,5.4,1277.0,3920.755,November,Koshi
2010,Taplejung,240.0,1250.0,Barley,5.662410959,11.09339726,1.640931507,71.61832877,1213.87,5773.57,2540.43,1.581178082,5.4,1277.0,300.0,November,Koshi
2010,Terhathum,9592.0,2200.0,Rice,20.19216438,25.39715068,16.15945205,63.81884932,1557.64,5773.57,2540.43,1.468410959,5.6,611.0,21102.4,July,Unknown
2010,Terhathum,12300.0,1708.0,Maize,20.19216438,25.39715068,16.15945205,63.81884932,1557.64,5773.57,2540.43,1.468410959,5.6,611.0,21008.4,April,Unknown
2010,Terhathum,2700.0,1134.0,Millet,20.19216438,25.39715068,16.15945205,63.81884932,1557.64,5773.57,2540.43,1.468410959,5.6,611.0,3061.8,August,Unknown
2010,Terhathum,10.0,750.0,Buckwheat,20.19216438,25.39715068,16.15945205,63.81884932,1557.64,5773.57,2540.43,1.468410959,5.6,611.0,7.5,September,Unknown
2010,Terhathum,2650.0,1700.0,Wheat,20.19216438,25.39715068,16.15945205,63.81884932,1557.64,5773.57,2540.43,1.468410959,5.6,611.0,4505.0,November,Unknown
2010,Terhathum,100.0,1100.0,Barley,20.19216438,25.39715068,16.15945205,63.81884932,1557.64,5773.57,2540.43,1.468410959,5.6,611.0,110.0,November,Unknown
2010,Udayapur,15500.0,2750.0,Rice,18.64413699,23.80090411,14.8510137,65.76739726,1879.69,5870.95,2655.1,1.215287671,5.4,1273.0,42625.0,July,Koshi
2010,Udayapur,15900.0,2200.0,Maize,18.64413699,23.80090411,14.8510137,65.76739726,1879.69,5870.95,2655.1,1.215287671,5.4,1273.0,34980.0,April,Koshi
2010,Udayapur,2575.0,1540.0,Millet,18.64413699,23.80090411,14.8510137,65.76739726,1879.69,5870.95,2655.1,1.215287671,5.4,1273.0,3965.5,August,Koshi
2010,Udayapur,15.0,950.0,Buckwheat,18.64413699,23.80090411,14.8510137,65.76739726,1879.69,5870.95,2655.1,1.215287671,5.4,1273.0,14.25,September,Koshi
2010,Udayapur,4900.0,2245.0,Wheat,18.64413699,23.80090411,14.8510137,65.76739726,1879.69,5870.95,2655.1,1.215287671,5.4,1273.0,11000.5,November,Koshi
2010,Udayapur,39.0,923.0,Barley,18.64413699,23.80090411,14.8510137,65.76739726,1879.69,5870.95,2655.1,1.215287671,5.4,1273.0,35.997,November,Koshi
2011,Achham,11570.0,2650.0,Rice,12.04572603,17.52073438,7.522958904,68.33819178,1520.67,6142.08,2683.52,1.476410959,6.1,76.0,30660.5,July,Sudurpashchim
2011,Achham,6351.0,1650.0,Maize,12.04572603,17.52073438,7.522958904,68.33819178,1520.67,6142.08,2683.52,1.476410959,6.1,76.0,10479.15,April,Sudurpashchim
2011,Achham,3412.0,970.11,Millet,12.04572603,17.52073438,7.522958904,68.33819178,1520.67,6142.08,2683.52,1.476410959,6.1,76.0,3310.01532,August,Sudurpashchim
2011,Achham,0.0,0.0,Buckwheat,12.04572603,17.52073438,7.522958904,68.33819178,1520.67,6142.08,2683.52,1.476410959,6.1,76.0,0.0,September,Sudurpashchim
2011,Achham,16140.0,1580.0,Wheat,12.04572603,17.52073438,7.522958904,68.33819178,1520.67,6142.08,2683.52,1.476410959,6.1,76.0,25501.2,November,Sudurpashchim
2011,Achham,510.0,1294.0,Barley,12.04572603,17.52073438,7.522958904,68.33819178,1520.67,6142.08,2683.52,1.476410959,6.1,76.0,659.94,November,Sudurpashchim
2011,Arghakhanchi,8189.0,3200.0,Rice,19.41764384,24.74928767,15.25928767,60.1740274,1473.06,6379.5,2968.06,1.68109589,5.9,612.0,26204.8,July,Lumbini
2011,Arghakhanchi,16500.0,2494.0,Maize,19.41764384,24.74928767,15.25928767,60.1740274,1473.06,6379.5,2968.06,1.68109589,5.9,612.0,41151.0,April,Lumbini
2011,Arghakhanchi,507.0,1199.2,Millet,19.41764384,24.74928767,15.25928767,60.1740274,1473.06,6379.5,2968.06,1.68109589,5.9,612.0,607.9944,August,Lumbini
2011,Arghakhanchi,325.0,898.0,Buckwheat,19.41764384,24.74928767,15.25928767,60.1740274,1473.06,6379.5,2968.06,1.68109589,5.9,612.0,291.85,September,Lumbini
2011,Arghakhanchi,7340.0,1700.0,Wheat,19.41764384,24.74928767,15.25928767,60.1740274,1473.06,6379.5,2968.06,1.68109589,5.9,612.0,12478.0,November,Lumbini
2011,Arghakhanchi,475.0,1200.0,Barley,19.41764384,24.74928767,15.25928767,60.1740274,1473.06,6379.5,2968.06,1.68109589,5.9,612.0,570.0,November,Lumbini
2011,Baglung,5934.0,2890.0,Rice,18.81720548,23.86958904,14.82761644,62.80556164,1368.27,6044.06,2631.1,1.503643836,5.7,439.0,17149.26,July,Gandaki
2011,Baglung,20341.0,2903.0,Maize,18.81720548,23.86958904,14.82761644,62.80556164,1368.27,6044.06,2631.1,1.503643836,5.7,439.0,59049.923,April,Gandaki
2011,Baglung,18655.0,1200.0,Millet,18.81720548,23.86958904,14.82761644,62.80556164,1368.27,6044.06,2631.1,1.503643836,5.7,439.0,22386.0,August,Gandaki
2011,Baglung,110.0,1000.0,Buckwheat,18.81720548,23.86958904,14.82761644,62.80556164,1368.27,6044.06,2631.1,1.503643836,5.7,439.0,110.0,September,Gandaki
2011,Baglung,7042.0,1861.0,Wheat,18.81720548,23.86958904,14.82761644,62.80556164,1368.27,6044.06,2631.1,1.503643836,5.7,439.0,13105.162,November,Gandaki
2011,Baglung,1006.0,1257.0,Barley,18.81720548,23.86958904,14.82761644,62.80556164,1368.27,6044.06,2631.1,1.503643836,5.7,439.0,1264.542,November,Gandaki
2011,Baitadi,6000.0,2500.0,Rice,10.6780274,16.42873973,5.889890411,65.92172603,1046.41,6444.32,2861.7,1.575945205,6.0,109.0,15000.0,July,Sudurpashchim
2011,Baitadi,14500.0,2000.0,Maize,10.6780274,16.42873973,5.889890411,65.92172603,1046.41,6444.32,2861.7,1.575945205,6.0,109.0,29000.0,April,Sudurpashchim
2011,Baitadi,500.0,1400.0,Millet,10.6780274,16.42873973,5.889890411,65.92172603,1046.41,6444.32,2861.7,1.575945205,6.0,109.0,700.0,August,Sudurpashchim
2011,Baitadi,0.0,0.0,Buckwheat,10.6780274,16.42873973,5.889890411,65.92172603,1046.41,6444.32,2861.7,1.575945205,6.0,109.0,0.0,September,Sudurpashchim
2011,Baitadi,11550.0,1991.0,Wheat,10.6780274,16.42873973,5.889890411,65.92172603,1046.41,6444.32,2861.7,1.575945205,6.0,109.0,22996.05,November,Sudurpashchim
2011,Baitadi,550.0,1091.0,Barley,10.6780274,16.42873973,5.889890411,65.92172603,1046.41,6444.32,2861.7,1.575945205,6.0,109.0,600.05,November,Sudurpashchim
2011,Bajhang,7006.0,2610.0,Rice,10.6780274,16.42873973,5.889890411,65.92172603,1046.41,6142.08,2683.52,1.575945205,5.6,147.0,18285.66,July,Sudurpashchim
2011,Bajhang,3652.0,1090.0,Maize,10.6780274,16.42873973,5.889890411,65.92172603,1046.41,6142.08,2683.52,1.575945205,5.6,147.0,3980.68,April,Sudurpashchim
2011,Bajhang,2286.0,899.83,Millet,10.6780274,16.42873973,5.889890411,65.92172603,1046.41,6142.08,2683.52,1.575945205,5.6,147.0,2057.01138,August,Sudurpashchim
2011,Bajhang,7.0,514.0,Buckwheat,10.6780274,16.42873973,5.889890411,65.92172603,1046.41,6142.08,2683.52,1.575945205,5.6,147.0,3.598,September,Sudurpashchim
2011,Bajhang,6150.0,1545.0,Wheat,10.6780274,16.42873973,5.889890411,65.92172603,1046.41,6142.08,2683.52,1.575945205,5.6,147.0,9501.75,November,Sudurpashchim
2011,Bajhang,1500.0,1033.0,Barley,10.6780274,16.42873973,5.889890411,65.92172603,1046.41,6142.08,2683.52,1.575945205,5.6,147.0,1549.5,November,Sudurpashchim
2011,Bajura,3310.0,2300.0,Rice,8.470739726,14.55241096,3.505479452,68.09465753,1084.98,6142.08,2683.52,1.562712329,6.0,154.0,7613.0,July,Sudurpashchim
2011,Bajura,790.0,2300.0,Maize,8.470739726,14.55241096,3.505479452,68.09465753,1084.98,6142.08,2683.52,1.562712329,6.0,154.0,1817.0,April,Sudurpashchim
2011,Bajura,2610.0,1100.0,Millet,8.470739726,14.55241096,3.505479452,68.09465753,1084.98,6142.08,2683.52,1.562712329,6.0,154.0,2871.0,August,Sudurpashchim
2011,Bajura,7.0,1600.0,Buckwheat,8.470739726,14.55241096,3.505479452,68.09465753,1084.98,6142.08,2683.52,1.562712329,6.0,154.0,11.2,September,Sudurpashchim
2011,Bajura,5000.0,1980.0,Wheat,8.470739726,14.55241096,3.505479452,68.09465753,1084.98,6142.08,2683.52,1.562712329,6.0,154.0,9900.0,November,Sudurpashchim
2011,Bajura,1000.0,1700.0,Barley,8.470739726,14.55241096,3.505479452,68.09465753,1084.98,6142.08,2683.52,1.562712329,6.0,154.0,1700.0,November,Sudurpashchim
2011,Banke,36462.0,3400.0,Rice,19.5280274,24.96635616,15.06112329,61.66041096,1697.86,6009.41,2679.97,1.477671233,6.4,5913.0,123970.8,July,Lumbini
2011,Banke,8547.0,2350.0,Maize,19.5280274,24.96635616,15.06112329,61.66041096,1697.86,6009.41,2679.97,1.477671233,6.4,5913.0,20085.45,April,Lumbini
2011,Banke,0.0,0.0,Millet,19.5280274,24.96635616,15.06112329,61.66041096,1697.86,6009.41,2679.97,1.477671233,6.4,5913.0,0.0,August,Lumbini
2011,Banke,0.0,0.0,Buckwheat,19.5280274,24.96635616,15.06112329,61.66041096,1697.86,6009.41,2679.97,1.477671233,6.4,5913.0,0.0,September,Lumbini
2011,Banke,17920.0,3008.0,Wheat,19.5280274,24.96635616,15.06112329,61.66041096,1697.86,6009.41,2679.97,1.477671233,6.4,5913.0,53903.36,November,Lumbini
2011,Banke,10.0,1000.0,Barley,19.5280274,24.96635616,15.06112329,61.66041096,1697.86,6009.41,2679.97,1.477671233,6.4,5913.0,10.0,November,Lumbini
2011,Bara,52700.0,4200.0,Rice,24.63383562,30.57945205,19.77328767,59.22761644,1309.35,6308.44,2927.97,1.669808219,6.7,7732.0,221340.0,July,Madhesh
2011,Bara,7500.0,4100.0,Maize,24.63383562,30.57945205,19.77328767,59.22761644,1309.35,6308.44,2927.97,1.669808219,6.7,7732.0,30750.0,April,Madhesh
2011,Bara,77.0,1280.0,Millet,24.63383562,30.57945205,19.77328767,59.22761644,1309.35,6308.44,2927.97,1.669808219,6.7,7732.0,98.56,August,Madhesh
2011,Bara,0.0,0.0,Buckwheat,24.63383562,30.57945205,19.77328767,59.22761644,1309.35,6308.44,2927.97,1.669808219,6.7,7732.0,0.0,September,Madhesh
2011,Bara,29000.0,3200.0,Wheat,24.63383562,30.57945205,19.77328767,59.22761644,1309.35,6308.44,2927.97,1.669808219,6.7,7732.0,92800.0,November,Madhesh
2011,Bara,72.0,889.0,Barley,24.63383562,30.57945205,19.77328767,59.22761644,1309.35,6308.44,2927.97,1.669808219,6.7,7732.0,64.008,November,Madhesh
2011,Bardiya,45500.0,4150.0,Rice,24.41167123,30.27553425,19.67369863,57.214,1553.55,6009.41,2679.97,1.63,6.8,7655.0,188825.0,July,Unknown
2011,Bardiya,5450.0,2000.0,Maize,24.41167123,30.27553425,19.67369863,57.214,1553.55,6009.41,2679.97,1.63,6.8,7655.0,10900.0,April,Unknown
2011,Bardiya,0.0,0.0,Millet,24.41167123,30.27553425,19.67369863,57.214,1553.55,6009.41,2679.97,1.63,6.8,7655.0,0.0,August,Unknown
2011,Bardiya,0.0,0.0,Buckwheat,24.41167123,30.27553425,19.67369863,57.214,1553.55,6009.41,2679.97,1.63,6.8,7655.0,0.0,September,Unknown
2011,Bardiya,23500.0,2907.0,Wheat,24.41167123,30.27553425,19.67369863,57.214,1553.55,6009.41,2679.97,1.63,6.8,7655.0,68314.5,November,Unknown
2011,Bardiya,10.0,1000.0,Barley,24.41167123,30.27553425,19.67369863,57.214,1553.55,6009.41,2679.97,1.63,6.8,7655.0,10.0,November,Unknown
2011,Bhaktapur,4252.0,5936.0,Rice,18.47643836,23.57539726,14.59580822,64.20430137,1146.69,6223.78,2785.1,1.420054795,5.8,2771.0,25239.872,July,Bagmati
2011,Bhaktapur,1970.0,4050.0,Maize,18.47643836,23.57539726,14.59580822,64.20430137,1146.69,6223.78,2785.1,1.420054795,5.8,2771.0,7978.5,April,Bagmati
2011,Bhaktapur,100.0,1400.0,Millet,18.47643836,23.57539726,14.59580822,64.20430137,1146.69,6223.78,2785.1,1.420054795,5.8,2771.0,140.0,August,Bagmati
2011,Bhaktapur,0.0,0.0,Buckwheat,18.47643836,23.57539726,14.59580822,64.20430137,1146.69,6223.78,2785.1,1.420054795,5.8,2771.0,0.0,September,Bagmati
2011,Bhaktapur,3150.0,3511.0,Wheat,18.47643836,23.57539726,14.59580822,64.20430137,1146.69,6223.78,2785.1,1.420054795,5.8,2771.0,11059.65,November,Bagmati
2011,Bhaktapur,50.0,1100.0,Barley,18.47643836,23.57539726,14.59580822,64.20430137,1146.69,6223.78,2785.1,1.420054795,5.8,2771.0,55.0,November,Bagmati
2011,Bhojpur,16110.0,2628.0,Rice,5.073835616,10.36115068,1.099890411,76.25758904,1136.22,5553.18,2458.75,1.571260274,5.4,15732.0,42337.08,July,Koshi
2011,Bhojpur,24790.0,3000.0,Maize,5.073835616,10.36115068,1.099890411,76.25758904,1136.22,5553.18,2458.75,1.571260274,5.4,15732.0,74370.0,April,Koshi
2011,Bhojpur,5505.0,900.0,Millet,5.073835616,10.36115068,1.099890411,76.25758904,1136.22,5553.18,2458.75,1.571260274,5.4,15732.0,4954.5,August,Koshi
2011,Bhojpur,17.5,714.0,Buckwheat,5.073835616,10.36115068,1.099890411,76.25758904,1136.22,5553.18,2458.75,1.571260274,5.4,15732.0,12.495,September,Koshi
2011,Bhojpur,2510.0,1953.0,Wheat,5.073835616,10.36115068,1.099890411,76.25758904,1136.22,5553.18,2458.75,1.571260274,5.4,15732.0,4902.03,November,Koshi
2011,Bhojpur,25.0,1000.0,Barley,5.073835616,10.36115068,1.099890411,76.25758904,1136.22,5553.18,2458.75,1.571260274,5.4,15732.0,25.0,November,Koshi
2011,Chitwan,29655.0,3490.0,Rice,23.98764384,29.78268493,19.19216438,58.51641096,1288.54,6308.44,2927.97,1.374328767,6.1,615.0,103495.95,July,Bagmati
2011,Chitwan,10000.0,3000.0,Maize,23.98764384,29.78268493,19.19216438,58.51641096,1288.54,6308.44,2927.97,1.374328767,6.1,615.0,30000.0,April,Bagmati
2011,Chitwan,1750.0,1000.0,Millet,23.98764384,29.78268493,19.19216438,58.51641096,1288.54,6308.44,2927.97,1.374328767,6.1,615.0,1750.0,August,Bagmati
2011,Chitwan,0.0,0.0,Buckwheat,23.98764384,29.78268493,19.19216438,58.51641096,1288.54,6308.44,2927.97,1.374328767,6.1,615.0,0.0,September,Bagmati
2011,Chitwan,8750.0,3100.0,Wheat,23.98764384,29.78268493,19.19216438,58.51641096,1288.54,6308.44,2927.97,1.374328767,6.1,615.0,27125.0,November,Bagmati
2011,Chitwan,61.0,1000.0,Barley,23.98764384,29.78268493,19.19216438,58.51641096,1288.54,6308.44,2927.97,1.374328767,6.1,615.0,61.0,November,Bagmati
2011,Dadeldhura,6221.0,2440.0,Rice,15.30306849,20.95830137,10.66879452,61.4620274,1304.0,6444.32,2861.7,1.391835616,5.9,10437.0,15179.24,July,Sudurpashchim
2011,Dadeldhura,3744.0,1707.0,Maize,15.30306849,20.95830137,10.66879452,61.4620274,1304.0,6444.32,2861.7,1.391835616,5.9,10437.0,6391.008,April,Sudurpashchim
2011,Dadeldhura,320.0,812.5,Millet,15.30306849,20.95830137,10.66879452,61.4620274,1304.0,6444.32,2861.7,1.391835616,5.9,10437.0,260.0,August,Sudurpashchim
2011,Dadeldhura,0.0,0.0,Buckwheat,15.30306849,20.95830137,10.66879452,61.4620274,1304.0,6444.32,2861.7,1.391835616,5.9,10437.0,0.0,September,Sudurpashchim
2011,Dadeldhura,7450.0,1678.0,Wheat,15.30306849,20.95830137,10.66879452,61.4620274,1304.0,6444.32,2861.7,1.391835616,5.9,10437.0,12501.1,November,Sudurpashchim
2011,Dadeldhura,220.0,1023.0,Barley,15.30306849,20.95830137,10.66879452,61.4620274,1304.0,6444.32,2861.7,1.391835616,5.9,10437.0,225.06,November,Sudurpashchim
2011,Dailekh,8507.0,3300.0,Rice,12.04572603,17.52073438,7.522958904,68.33819178,1520.67,6009.41,2679.97,1.476410959,5.9,18.0,28073.1,July,Karnali
2011,Dailekh,20150.0,1840.0,Maize,12.04572603,17.52073438,7.522958904,68.33819178,1520.67,6009.41,2679.97,1.476410959,5.9,18.0,37076.0,April,Karnali
2011,Dailekh,2422.0,1039.6,Millet,12.04572603,17.52073438,7.522958904,68.33819178,1520.67,6009.41,2679.97,1.476410959,5.9,18.0,2517.9111999999996,August,Karnali
2011,Dailekh,28.5,700.0,Buckwheat,12.04572603,17.52073438,7.522958904,68.33819178,1520.67,6009.41,2679.97,1.476410959,5.9,18.0,19.95,September,Karnali
2011,Dailekh,14650.0,2039.0,Wheat,12.04572603,17.52073438,7.522958904,68.33819178,1520.67,6009.41,2679.97,1.476410959,5.9,18.0,29871.35,November,Karnali
2011,Dailekh,190.0,1500.0,Barley,12.04572603,17.52073438,7.522958904,68.33819178,1520.67,6009.41,2679.97,1.476410959,5.9,18.0,285.0,November,Karnali
2011,Dang,38300.0,4100.0,Rice,21.45383562,27.08805479,16.96084932,59.62912329,1549.57,6163.7,2691.24,1.791479452,5.8,24.0,157030.0,July,Lumbini
2011,Dang,25200.0,2180.0,Maize,21.45383562,27.08805479,16.96084932,59.62912329,1549.57,6163.7,2691.24,1.791479452,5.8,24.0,54936.0,April,Lumbini
2011,Dang,100.0,1000.0,Millet,21.45383562,27.08805479,16.96084932,59.62912329,1549.57,6163.7,2691.24,1.791479452,5.8,24.0,100.0,August,Lumbini
2011,Dang,0.0,0.0,Buckwheat,21.45383562,27.08805479,16.96084932,59.62912329,1549.57,6163.7,2691.24,1.791479452,5.8,24.0,0.0,September,Lumbini
2011,Dang,12700.0,2320.0,Wheat,21.45383562,27.08805479,16.96084932,59.62912329,1549.57,6163.7,2691.24,1.791479452,5.8,24.0,29464.0,November,Lumbini
2011,Dang,50.0,900.0,Barley,21.45383562,27.08805479,16.96084932,59.62912329,1549.57,6163.7,2691.24,1.791479452,5.8,24.0,45.0,November,Lumbini
2011,Darchula,4480.0,2614.0,Rice,5.716547945,11.51276712,0.912931507,65.66060274,780.03,6444.32,2861.7,1.712739726,6.0,11824.0,11710.72,July,Sudurpashchim
2011,Darchula,5530.0,2812.0,Maize,5.716547945,11.51276712,0.912931507,65.66060274,780.03,6444.32,2861.7,1.712739726,6.0,11824.0,15550.36,April,Sudurpashchim
2011,Darchula,1310.0,1000.0,Millet,5.716547945,11.51276712,0.912931507,65.66060274,780.03,6444.32,2861.7,1.712739726,6.0,11824.0,1310.0,August,Sudurpashchim
2011,Darchula,100.0,850.0,Buckwheat,5.716547945,11.51276712,0.912931507,65.66060274,780.03,6444.32,2861.7,1.712739726,6.0,11824.0,85.0,September,Sudurpashchim
2011,Darchula,5300.0,1226.0,Wheat,5.716547945,11.51276712,0.912931507,65.66060274,780.03,6444.32,2861.7,1.712739726,6.0,11824.0,6497.8,November,Sudurpashchim
2011,Darchula,1200.0,1042.0,Barley,5.716547945,11.51276712,0.912931507,65.66060274,780.03,6444.32,2861.7,1.712739726,6.0,11824.0,1250.4,November,Sudurpashchim
2011,Dhading,14750.0,2589.0,Rice,14.55249315,19.75175342,10.45317808,65.11778082,1020.61,6308.44,2927.97,1.515972603,5.5,16.0,38187.75,July,Bagmati
2011,Dhading,15342.0,1700.0,Maize,14.55249315,19.75175342,10.45317808,65.11778082,1020.61,6308.44,2927.97,1.515972603,5.5,16.0,26081.4,April,Bagmati
2011,Dhading,6930.0,1000.0,Millet,14.55249315,19.75175342,10.45317808,65.11778082,1020.61,6308.44,2927.97,1.515972603,5.5,16.0,6930.0,August,Bagmati
2011,Dhading,0.0,0.0,Buckwheat,14.55249315,19.75175342,10.45317808,65.11778082,1020.61,6308.44,2927.97,1.515972603,5.5,16.0,0.0,September,Bagmati
2011,Dhading,4800.0,2000.0,Wheat,14.55249315,19.75175342,10.45317808,65.11778082,1020.61,6308.44,2927.97,1.515972603,5.5,16.0,9600.0,November,Bagmati
2011,Dhading,350.0,1000.0,Barley,14.55249315,19.75175342,10.45317808,65.11778082,1020.61,6308.44,2927.97,1.515972603,5.5,16.0,350.0,November,Bagmati
2011,Dhankuta,8877.0,2208.0,Rice,19.40734247,24.42827397,15.50372603,68.06693151,1519.44,5788.14,2603.0,1.468054795,5.8,6572.0,19600.416,July,Koshi
2011,Dhankuta,18200.0,2332.0,Maize,19.40734247,24.42827397,15.50372603,68.06693151,1519.44,5788.14,2603.0,1.468054795,5.8,6572.0,42442.4,April,Koshi
2011,Dhankuta,7810.0,1000.0,Millet,19.40734247,24.42827397,15.50372603,68.06693151,1519.44,5788.14,2603.0,1.468054795,5.8,6572.0,7810.0,August,Koshi
2011,Dhankuta,0.0,0.0,Buckwheat,19.40734247,24.42827397,15.50372603,68.06693151,1519.44,5788.14,2603.0,1.468054795,5.8,6572.0,0.0,September,Koshi
2011,Dhankuta,1445.0,2059.0,Wheat,19.40734247,24.42827397,15.50372603,68.06693151,1519.44,5788.14,2603.0,1.468054795,5.8,6572.0,2975.255,November,Koshi
2011,Dhankuta,10.0,1000.0,Barley,19.40734247,24.42827397,15.50372603,68.06693151,1519.44,5788.14,2603.0,1.468054795,5.8,6572.0,10.0,November,Koshi
2011,Dhanusha,65000.0,2850.0,Rice,22.08717808,27.54657534,17.85353425,60.90019178,1167.9,6027.74,2710.06,1.60890411,6.6,1542.0,185250.0,July,Madhesh
2011,Dhanusha,2019.0,3200.0,Maize,22.08717808,27.54657534,17.85353425,60.90019178,1167.9,6027.74,2710.06,1.60890411,6.6,1542.0,6460.8,April,Madhesh
2011,Dhanusha,300.0,1000.0,Millet,22.08717808,27.54657534,17.85353425,60.90019178,1167.9,6027.74,2710.06,1.60890411,6.6,1542.0,300.0,August,Madhesh
2011,Dhanusha,0.0,0.0,Buckwheat,22.08717808,27.54657534,17.85353425,60.90019178,1167.9,6027.74,2710.06,1.60890411,6.6,1542.0,0.0,September,Madhesh
2011,Dhanusha,38450.0,2350.0,Wheat,22.08717808,27.54657534,17.85353425,60.90019178,1167.9,6027.74,2710.06,1.60890411,6.6,1542.0,90357.5,November,Madhesh
2011,Dhanusha,1.0,1000.0,Barley,22.08717808,27.54657534,17.85353425,60.90019178,1167.9,6027.74,2710.06,1.60890411,6.6,1542.0,1.0,November,Madhesh
2011,Dolakha,3135.0,2950.0,Rice,1.677835616,7.347561644,-2.759424658,70.55928767,660.77,5866.04,2621.46,2.019424658,6.5,11408.0,9248.25,July,Bagmati
2011,Dolakha,8454.0,2500.0,Maize,1.677835616,7.347561644,-2.759424658,70.55928767,660.77,5866.04,2621.46,2.019424658,6.5,11408.0,21135.0,April,Bagmati
2011,Dolakha,3562.0,1300.0,Millet,1.677835616,7.347561644,-2.759424658,70.55928767,660.77,5866.04,2621.46,2.019424658,6.5,11408.0,4630.6,August,Bagmati
2011,Dolakha,445.0,900.0,Buckwheat,1.677835616,7.347561644,-2.759424658,70.55928767,660.77,5866.04,2621.46,2.019424658,6.5,11408.0,400.5,September,Bagmati
2011,Dolakha,4398.0,1100.0,Wheat,1.677835616,7.347561644,-2.759424658,70.55928767,660.77,5866.04,2621.46,2.019424658,6.5,11408.0,4837.8,November,Bagmati
2011,Dolakha,219.0,1050.0,Barley,1.677835616,7.347561644,-2.759424658,70.55928767,660.77,5866.04,2621.46,2.019424658,6.5,11408.0,229.95,November,Bagmati
2011,Dolpa,276.0,2192.0,Rice,-1.125342466,4.877534247,-6.019835616,67.0920274,1139.78,6163.7,2691.24,1.915616438,6.6,1248.0,604.992,July,Karnali
2011,Dolpa,2400.0,1667.0,Maize,-1.125342466,4.877534247,-6.019835616,67.0920274,1139.78,6163.7,2691.24,1.915616438,6.6,1248.0,4000.8,April,Karnali
2011,Dolpa,325.0,1500.0,Millet,-1.125342466,4.877534247,-6.019835616,67.0920274,1139.78,6163.7,2691.24,1.915616438,6.6,1248.0,487.5,August,Karnali
2011,Dolpa,350.0,1000.0,Buckwheat,-1.125342466,4.877534247,-6.019835616,67.0920274,1139.78,6163.7,2691.24,1.915616438,6.6,1248.0,350.0,September,Karnali
2011,Dolpa,276.0,2192.0,Wheat,-1.125342466,4.877534247,-6.019835616,67.0920274,1139.78,6163.7,2691.24,1.915616438,6.6,1248.0,604.992,November,Karnali
2011,Dolpa,2400.0,1667.0,Barley,-1.125342466,4.877534247,-6.019835616,67.0920274,1139.78,6163.7,2691.24,1.915616438,6.6,1248.0,4000.8,November,Karnali
2011,Doti,9750.0,2500.0,Rice,15.30306849,20.95830137,10.66879452,61.4620274,1304.0,6444.32,2861.7,1.391835616,5.9,22.0,24375.0,July,Sudurpashchim
2011,Doti,2445.0,1978.0,Maize,15.30306849,20.95830137,10.66879452,61.4620274,1304.0,6444.32,2861.7,1.391835616,5.9,22.0,4836.21,April,Sudurpashchim
2011,Doti,5825.0,1000.0,Millet,15.30306849,20.95830137,10.66879452,61.4620274,1304.0,6444.32,2861.7,1.391835616,5.9,22.0,5825.0,August,Sudurpashchim
2011,Doti,5.0,1500.0,Buckwheat,15.30306849,20.95830137,10.66879452,61.4620274,1304.0,6444.32,2861.7,1.391835616,5.9,22.0,7.5,September,Sudurpashchim
2011,Doti,16150.0,1871.0,Wheat,15.30306849,20.95830137,10.66879452,61.4620274,1304.0,6444.32,2861.7,1.391835616,5.9,22.0,30216.65,November,Sudurpashchim
2011,Doti,245.0,1020.0,Barley,15.30306849,20.95830137,10.66879452,61.4620274,1304.0,6444.32,2861.7,1.391835616,5.9,22.0,249.9,November,Sudurpashchim
2011,Gorkha,12085.0,3050.0,Rice,14.55249315,19.75175342,10.45317808,65.11778082,1020.61,6308.44,2927.97,1.515972603,5.5,348.0,36859.25,July,Gandaki
2011,Gorkha,17028.0,2331.0,Maize,14.55249315,19.75175342,10.45317808,65.11778082,1020.61,6308.44,2927.97,1.515972603,5.5,348.0,39692.268,April,Gandaki
2011,Gorkha,11605.0,1000.0,Millet,14.55249315,19.75175342,10.45317808,65.11778082,1020.61,6308.44,2927.97,1.515972603,5.5,348.0,11605.0,August,Gandaki
2011,Gorkha,390.0,1000.0,Buckwheat,14.55249315,19.75175342,10.45317808,65.11778082,1020.61,6308.44,2927.97,1.515972603,5.5,348.0,390.0,September,Gandaki
2011,Gorkha,4115.0,1845.0,Wheat,14.55249315,19.75175342,10.45317808,65.11778082,1020.61,6308.44,2927.97,1.515972603,5.5,348.0,7592.175,November,Gandaki
2011,Gorkha,100.0,1000.0,Barley,14.55249315,19.75175342,10.45317808,65.11778082,1020.61,6308.44,2927.97,1.515972603,5.5,348.0,100.0,November,Gandaki
2011,Gulmi,9964.0,2301.0,Rice,19.41764384,24.74928767,15.25928767,60.1740274,1473.06,6379.5,2968.06,1.68109589,6.1,980.0,22927.164,July,Lumbini
2011,Gulmi,24040.0,2300.0,Maize,19.41764384,24.74928767,15.25928767,60.1740274,1473.06,6379.5,2968.06,1.68109589,6.1,980.0,55292.0,April,Lumbini
2011,Gulmi,2922.0,979.98,Millet,19.41764384,24.74928767,15.25928767,60.1740274,1473.06,6379.5,2968.06,1.68109589,6.1,980.0,2863.50156,August,Lumbini
2011,Gulmi,205.0,1585.0,Buckwheat,19.41764384,24.74928767,15.25928767,60.1740274,1473.06,6379.5,2968.06,1.68109589,6.1,980.0,324.925,September,Lumbini
2011,Gulmi,8074.0,1855.0,Wheat,19.41764384,24.74928767,15.25928767,60.1740274,1473.06,6379.5,2968.06,1.68109589,6.1,980.0,14977.27,November,Lumbini
2011,Gulmi,370.0,1500.0,Barley,19.41764384,24.74928767,15.25928767,60.1740274,1473.06,6379.5,2968.06,1.68109589,6.1,980.0,555.0,November,Lumbini
2011,Humla,572.0,1530.0,Rice,-0.584027397,5.615917808,-5.751479452,70.54410959,617.5,6988.79,2953.26,1.968383562,6.5,529.0,875.16,July,Karnali
2011,Humla,112.0,1529.0,Maize,-0.584027397,5.615917808,-5.751479452,70.54410959,617.5,6988.79,2953.26,1.968383562,6.5,529.0,171.248,April,Karnali
2011,Humla,1280.0,950.0,Millet,-0.584027397,5.615917808,-5.751479452,70.54410959,617.5,6988.79,2953.26,1.968383562,6.5,529.0,1216.0,August,Karnali
2011,Humla,670.0,900.0,Buckwheat,-0.584027397,5.615917808,-5.751479452,70.54410959,617.5,6988.79,2953.26,1.968383562,6.5,529.0,603.0,September,Karnali
2011,Humla,572.0,1530.0,Wheat,-0.584027397,5.615917808,-5.751479452,70.54410959,617.5,6988.79,2953.26,1.968383562,6.5,529.0,875.16,November,Karnali
2011,Humla,112.0,1529.0,Barley,-0.584027397,5.615917808,-5.751479452,70.54410959,617.5,6988.79,2953.26,1.968383562,6.5,529.0,171.248,November,Karnali
2011,Illam,14825.0,3082.0,Rice,17.89526027,22.92641096,14.13367123,69.93153425,1767.63,5553.18,2458.75,1.220630137,5.5,0.0,45690.65,July,Unknown
2011,Illam,31480.0,2462.0,Maize,17.89526027,22.92641096,14.13367123,69.93153425,1767.63,5553.18,2458.75,1.220630137,5.5,0.0,77503.76,April,Unknown
2011,Illam,3000.0,1000.0,Millet,17.89526027,22.92641096,14.13367123,69.93153425,1767.63,5553.18,2458.75,1.220630137,5.5,0.0,3000.0,August,Unknown
2011,Illam,28.0,714.0,Buckwheat,17.89526027,22.92641096,14.13367123,69.93153425,1767.63,5553.18,2458.75,1.220630137,5.5,0.0,19.992,September,Unknown
2011,Illam,4620.0,2900.0,Wheat,17.89526027,22.92641096,14.13367123,69.93153425,1767.63,5553.18,2458.75,1.220630137,5.5,0.0,13398.0,November,Unknown
2011,Illam,55.0,1000.0,Barley,17.89526027,22.92641096,14.13367123,69.93153425,1767.63,5553.18,2458.75,1.220630137,5.5,0.0,55.0,November,Unknown
2011,Jajarkot,3515.0,2856.0,Rice,21.45383562,27.08805479,16.96084932,59.62912329,1549.57,6163.7,2691.24,1.791479452,6.2,1033.0,10038.84,July,Karnali
2011,Jajarkot,8386.0,1500.0,Maize,21.45383562,27.08805479,16.96084932,59.62912329,1549.57,6163.7,2691.24,1.791479452,6.2,1033.0,12579.0,April,Karnali
2011,Jajarkot,2060.0,1800.0,Millet,21.45383562,27.08805479,16.96084932,59.62912329,1549.57,6163.7,2691.24,1.791479452,6.2,1033.0,3708.0,August,Karnali
2011,Jajarkot,24.0,1100.0,Buckwheat,21.45383562,27.08805479,16.96084932,59.62912329,1549.57,6163.7,2691.24,1.791479452,6.2,1033.0,26.4,September,Karnali
2011,Jajarkot,11820.0,1300.0,Wheat,21.45383562,27.08805479,16.96084932,59.62912329,1549.57,6163.7,2691.24,1.791479452,6.2,1033.0,15366.0,November,Karnali
2011,Jajarkot,700.0,800.0,Barley,21.45383562,27.08805479,16.96084932,59.62912329,1549.57,6163.7,2691.24,1.791479452,6.2,1033.0,560.0,November,Karnali
2011,Jhapa,89400.0,3600.0,Rice,23.65019178,28.88106849,19.35432877,67.40619178,2091.89,5788.14,2603.0,1.538410959,5.7,90.0,321840.0,July,Koshi
2011,Jhapa,24600.0,2946.0,Maize,23.65019178,28.88106849,19.35432877,67.40619178,2091.89,5788.14,2603.0,1.538410959,5.7,90.0,72471.6,April,Koshi
2011,Jhapa,1800.0,1200.0,Millet,23.65019178,28.88106849,19.35432877,67.40619178,2091.89,5788.14,2603.0,1.538410959,5.7,90.0,2160.0,August,Koshi
2011,Jhapa,1300.0,1000.0,Buckwheat,23.65019178,28.88106849,19.35432877,67.40619178,2091.89,5788.14,2603.0,1.538410959,5.7,90.0,1300.0,September,Koshi
2011,Jhapa,7500.0,3353.0,Wheat,23.65019178,28.88106849,19.35432877,67.40619178,2091.89,5788.14,2603.0,1.538410959,5.7,90.0,25147.5,November,Koshi
2011,Jhapa,8.0,750.0,Barley,23.65019178,28.88106849,19.35432877,67.40619178,2091.89,5788.14,2603.0,1.538410959,5.7,90.0,6.0,November,Koshi
2011,Jumla,3000.0,1200.0,Rice,8.470739726,14.55241096,3.505479452,68.09465753,1084.98,6422.24,2731.93,1.562712329,6.5,11618.0,3600.0,July,Karnali
2011,Jumla,4500.0,1500.0,Maize,8.470739726,14.55241096,3.505479452,68.09465753,1084.98,6422.24,2731.93,1.562712329,6.5,11618.0,6750.0,April,Karnali
2011,Jumla,3700.0,1000.0,Millet,8.470739726,14.55241096,3.505479452,68.09465753,1084.98,6422.24,2731.93,1.562712329,6.5,11618.0,3700.0,August,Karnali
2011,Jumla,85.0,765.0,Buckwheat,8.470739726,14.55241096,3.505479452,68.09465753,1084.98,6422.24,2731.93,1.562712329,6.5,11618.0,65.025,September,Karnali
2011,Jumla,3000.0,1200.0,Wheat,8.470739726,14.55241096,3.505479452,68.09465753,1084.98,6422.24,2731.93,1.562712329,6.5,11618.0,3600.0,November,Karnali
2011,Jumla,4500.0,1500.0,Barley,8.470739726,14.55241096,3.505479452,68.09465753,1084.98,6422.24,2731.93,1.562712329,6.5,11618.0,6750.0,November,Karnali
2011,Kailali,65500.0,3100.0,Rice,24.56167123,30.50068493,19.59449315,59.09273973,1752.67,6017.65,2714.09,1.45230137,6.6,0.0,203050.0,July,Sudurpashchim
2011,Kailali,6000.0,2000.0,Maize,24.56167123,30.50068493,19.59449315,59.09273973,1752.67,6017.65,2714.09,1.45230137,6.6,0.0,12000.0,April,Sudurpashchim
2011,Kailali,400.0,1125.0,Millet,24.56167123,30.50068493,19.59449315,59.09273973,1752.67,6017.65,2714.09,1.45230137,6.6,0.0,450.0,August,Sudurpashchim
2011,Kailali,25.0,1000.0,Buckwheat,24.56167123,30.50068493,19.59449315,59.09273973,1752.67,6017.65,2714.09,1.45230137,6.6,0.0,25.0,September,Sudurpashchim
2011,Kailali,34450.0,2075.0,Wheat,24.56167123,30.50068493,19.59449315,59.09273973,1752.67,6017.65,2714.09,1.45230137,6.6,0.0,71483.75,November,Sudurpashchim
2011,Kailali,550.0,1182.0,Barley,24.56167123,30.50068493,19.59449315,59.09273973,1752.67,6017.65,2714.09,1.45230137,6.6,0.0,650.1,November,Sudurpashchim
2011,Kalikot,3465.0,1659.0,Rice,12.04572603,17.52073438,7.522958904,68.33819178,1520.67,6142.08,2683.52,1.476410959,6.2,17454.0,5748.435,July,Karnali
2011,Kalikot,2520.0,2069.0,Maize,12.04572603,17.52073438,7.522958904,68.33819178,1520.67,6142.08,2683.52,1.476410959,6.2,17454.0,5213.88,April,Karnali
2011,Kalikot,3700.0,1000.0,Millet,12.04572603,17.52073438,7.522958904,68.33819178,1520.67,6142.08,2683.52,1.476410959,6.2,17454.0,3700.0,August,Karnali
2011,Kalikot,85.0,765.0,Buckwheat,12.04572603,17.52073438,7.522958904,68.33819178,1520.67,6142.08,2683.52,1.476410959,6.2,17454.0,65.025,September,Karnali
2011,Kalikot,3465.0,1659.0,Wheat,12.04572603,17.52073438,7.522958904,68.33819178,1520.67,6142.08,2683.52,1.476410959,6.2,17454.0,5748.435,November,Karnali
2011,Kalikot,2520.0,2069.0,Barley,12.04572603,17.52073438,7.522958904,68.33819178,1520.67,6142.08,2683.52,1.476410959,6.2,17454.0,5213.88,November,Karnali
2011,Kanchanpur,46655.0,3100.0,Rice,20.97608219,27.22578082,15.90986301,60.19668493,1698.34,6132.42,2758.13,0.95709589,6.2,35.0,144630.5,July,Sudurpashchim
2011,Kanchanpur,5950.0,2000.0,Maize,20.97608219,27.22578082,15.90986301,60.19668493,1698.34,6132.42,2758.13,0.95709589,6.2,35.0,11900.0,April,Sudurpashchim
2011,Kanchanpur,0.0,0.0,Millet,20.97608219,27.22578082,15.90986301,60.19668493,1698.34,6132.42,2758.13,0.95709589,6.2,35.0,0.0,August,Sudurpashchim
2011,Kanchanpur,0.0,0.0,Buckwheat,20.97608219,27.22578082,15.90986301,60.19668493,1698.34,6132.42,2758.13,0.95709589,6.2,35.0,0.0,September,Sudurpashchim
2011,Kanchanpur,32255.0,2094.0,Wheat,20.97608219,27.22578082,15.90986301,60.19668493,1698.34,6132.42,2758.13,0.95709589,6.2,35.0,67541.97,November,Sudurpashchim
2011,Kanchanpur,10.0,1000.0,Barley,20.97608219,27.22578082,15.90986301,60.19668493,1698.34,6132.42,2758.13,0.95709589,6.2,35.0,10.0,November,Sudurpashchim
2011,Kapilbastu,71500.0,2900.0,Rice,24.77942466,30.88632877,19.75134247,56.83350685,1400.86,6379.5,2968.06,1.716876712,6.9,7607.0,207350.0,July,Lumbini
2011,Kapilbastu,760.0,2526.0,Maize,24.77942466,30.88632877,19.75134247,56.83350685,1400.86,6379.5,2968.06,1.716876712,6.9,7607.0,1919.76,April,Lumbini
2011,Kapilbastu,0.0,0.0,Millet,24.77942466,30.88632877,19.75134247,56.83350685,1400.86,6379.5,2968.06,1.716876712,6.9,7607.0,0.0,August,Lumbini
2011,Kapilbastu,0.0,0.0,Buckwheat,24.77942466,30.88632877,19.75134247,56.83350685,1400.86,6379.5,2968.06,1.716876712,6.9,7607.0,0.0,September,Lumbini
2011,Kapilbastu,29995.0,2994.0,Wheat,24.77942466,30.88632877,19.75134247,56.83350685,1400.86,6379.5,2968.06,1.716876712,6.9,7607.0,89805.03,November,Lumbini
2011,Kapilbastu,200.0,1900.0,Barley,24.77942466,30.88632877,19.75134247,56.83350685,1400.86,6379.5,2968.06,1.716876712,6.9,7607.0,380.0,November,Lumbini
2011,Kaski,22500.0,3416.0,Rice,5.119671233,10.33358904,0.975671233,70.3850411,861.84,5805.06,2584.38,1.689150685,6.7,14589.0,76860.0,July,Gandaki
2011,Kaski,14010.0,2351.0,Maize,5.119671233,10.33358904,0.975671233,70.3850411,861.84,5805.06,2584.38,1.689150685,6.7,14589.0,32937.51,April,Gandaki
2011,Kaski,15110.0,1171.4,Millet,5.119671233,10.33358904,0.975671233,70.3850411,861.84,5805.06,2584.38,1.689150685,6.7,14589.0,17699.854,August,Gandaki
2011,Kaski,18.0,778.0,Buckwheat,5.119671233,10.33358904,0.975671233,70.3850411,861.84,5805.06,2584.38,1.689150685,6.7,14589.0,14.004,September,Gandaki
2011,Kaski,7130.0,2040.0,Wheat,5.119671233,10.33358904,0.975671233,70.3850411,861.84,5805.06,2584.38,1.689150685,6.7,14589.0,14545.2,November,Gandaki
2011,Kaski,138.0,877.0,Barley,5.119671233,10.33358904,0.975671233,70.3850411,861.84,5805.06,2584.38,1.689150685,6.7,14589.0,121.026,November,Gandaki
2011,Kathmandu,8000.0,5760.0,Rice,18.47643836,23.57539726,14.59580822,64.20430137,1146.69,6223.78,2785.1,1.420054795,6.5,1638.0,46080.0,July,Bagmati
2011,Kathmandu,7124.0,4000.0,Maize,18.47643836,23.57539726,14.59580822,64.20430137,1146.69,6223.78,2785.1,1.420054795,6.5,1638.0,28496.0,April,Bagmati
2011,Kathmandu,852.0,1000.0,Millet,18.47643836,23.57539726,14.59580822,64.20430137,1146.69,6223.78,2785.1,1.420054795,6.5,1638.0,852.0,August,Bagmati
2011,Kathmandu,0.0,0.0,Buckwheat,18.47643836,23.57539726,14.59580822,64.20430137,1146.69,6223.78,2785.1,1.420054795,6.5,1638.0,0.0,September,Bagmati
2011,Kathmandu,4742.0,3354.0,Wheat,18.47643836,23.57539726,14.59580822,64.20430137,1146.69,6223.78,2785.1,1.420054795,6.5,1638.0,15904.668,November,Bagmati
2011,Kathmandu,7.0,1000.0,Barley,18.47643836,23.57539726,14.59580822,64.20430137,1146.69,6223.78,2785.1,1.420054795,6.5,1638.0,7.0,November,Bagmati
2011,Kavre,10100.0,3120.0,Rice,18.47643836,23.57539726,14.59580822,64.20430137,1146.69,6223.78,2785.1,1.420054795,5.7,4293.0,31512.0,July,Unknown
2011,Kavre,24300.0,2590.0,Maize,18.47643836,23.57539726,14.59580822,64.20430137,1146.69,6223.78,2785.1,1.420054795,5.7,4293.0,62937.0,April,Unknown
2011,Kavre,3500.0,1100.0,Millet,18.47643836,23.57539726,14.59580822,64.20430137,1146.69,6223.78,2785.1,1.420054795,5.7,4293.0,3850.0,August,Unknown
2011,Kavre,750.0,1220.0,Buckwheat,18.47643836,23.57539726,14.59580822,64.20430137,1146.69,6223.78,2785.1,1.420054795,5.7,4293.0,915.0,September,Unknown
2011,Kavre,9950.0,2159.0,Wheat,18.47643836,23.57539726,14.59580822,64.20430137,1146.69,6223.78,2785.1,1.420054795,5.7,4293.0,21482.05,November,Unknown
2011,Kavre,750.0,1100.0,Barley,18.47643836,23.57539726,14.59580822,64.20430137,1146.69,6223.78,2785.1,1.420054795,5.7,4293.0,825.0,November,Unknown
2011,Khotang,15202.0,2100.0,Rice,13.29679452,18.50268493,9.365013699,66.98326027,930.67,5866.04,2621.46,1.566767123,5.5,11448.0,31924.2,July,Koshi
2011,Khotang,25000.0,2556.0,Maize,13.29679452,18.50268493,9.365013699,66.98326027,930.67,5866.04,2621.46,1.566767123,5.5,11448.0,63900.0,April,Koshi
2011,Khotang,21375.0,1120.0,Millet,13.29679452,18.50268493,9.365013699,66.98326027,930.67,5866.04,2621.46,1.566767123,5.5,11448.0,23940.0,August,Koshi
2011,Khotang,720.0,600.0,Buckwheat,13.29679452,18.50268493,9.365013699,66.98326027,930.67,5866.04,2621.46,1.566767123,5.5,11448.0,432.0,September,Koshi
2011,Khotang,5545.0,1727.0,Wheat,13.29679452,18.50268493,9.365013699,66.98326027,930.67,5866.04,2621.46,1.566767123,5.5,11448.0,9576.215,November,Koshi
2011,Khotang,470.0,926.0,Barley,13.29679452,18.50268493,9.365013699,66.98326027,930.67,5866.04,2621.46,1.566767123,5.5,11448.0,435.22,November,Koshi
2011,Lalitpur,4600.0,5799.0,Rice,18.47643836,23.57539726,14.59580822,64.20430137,1146.69,6223.78,2785.1,1.420054795,6.9,193.0,26675.4,July,Bagmati
2011,Lalitpur,10806.0,3200.0,Maize,18.47643836,23.57539726,14.59580822,64.20430137,1146.69,6223.78,2785.1,1.420054795,6.9,193.0,34579.2,April,Bagmati
2011,Lalitpur,575.0,1200.0,Millet,18.47643836,23.57539726,14.59580822,64.20430137,1146.69,6223.78,2785.1,1.420054795,6.9,193.0,690.0,August,Bagmati
2011,Lalitpur,50.0,600.0,Buckwheat,18.47643836,23.57539726,14.59580822,64.20430137,1146.69,6223.78,2785.1,1.420054795,6.9,193.0,30.0,September,Bagmati
2011,Lalitpur,4060.0,3618.0,Wheat,18.47643836,23.57539726,14.59580822,64.20430137,1146.69,6223.78,2785.1,1.420054795,6.9,193.0,14689.08,November,Bagmati
2011,Lalitpur,70.0,1000.0,Barley,18.47643836,23.57539726,14.59580822,64.20430137,1146.69,6223.78,2785.1,1.420054795,6.9,193.0,70.0,November,Bagmati
2011,Lamjung,15553.0,2600.0,Rice,5.119671233,10.33358904,0.975671233,70.3850411,861.84,5805.06,2584.38,1.689150685,5.4,1406.0,40437.8,July,Gandaki
2011,Lamjung,15900.0,2490.0,Maize,5.119671233,10.33358904,0.975671233,70.3850411,861.84,5805.06,2584.38,1.689150685,5.4,1406.0,39591.0,April,Gandaki
2011,Lamjung,7919.0,1249.9,Millet,5.119671233,10.33358904,0.975671233,70.3850411,861.84,5805.06,2584.38,1.689150685,5.4,1406.0,9897.958100000002,August,Gandaki
2011,Lamjung,19.0,842.0,Buckwheat,5.119671233,10.33358904,0.975671233,70.3850411,861.84,5805.06,2584.38,1.689150685,5.4,1406.0,15.998,September,Gandaki
2011,Lamjung,640.0,2148.0,Wheat,5.119671233,10.33358904,0.975671233,70.3850411,861.84,5805.06,2584.38,1.689150685,5.4,1406.0,1374.72,November,Gandaki
2011,Lamjung,28.0,1000.0,Barley,5.119671233,10.33358904,0.975671233,70.3850411,861.84,5805.06,2584.38,1.689150685,5.4,1406.0,28.0,November,Gandaki
2011,Mahottari,34776.0,2800.0,Rice,25.25136986,31.38106849,20.04142466,60.13923288,1246.98,6027.74,2710.06,1.874,6.8,447.0,97372.8,July,Madhesh
2011,Mahottari,2435.0,2649.0,Maize,25.25136986,31.38106849,20.04142466,60.13923288,1246.98,6027.74,2710.06,1.874,6.8,447.0,6450.315,April,Madhesh
2011,Mahottari,215.0,1000.0,Millet,25.25136986,31.38106849,20.04142466,60.13923288,1246.98,6027.74,2710.06,1.874,6.8,447.0,215.0,August,Madhesh
2011,Mahottari,0.0,0.0,Buckwheat,25.25136986,31.38106849,20.04142466,60.13923288,1246.98,6027.74,2710.06,1.874,6.8,447.0,0.0,September,Madhesh
2011,Mahottari,26785.0,2420.0,Wheat,25.25136986,31.38106849,20.04142466,60.13923288,1246.98,6027.74,2710.06,1.874,6.8,447.0,64819.7,November,Madhesh
2011,Mahottari,10.0,1000.0,Barley,25.25136986,31.38106849,20.04142466,60.13923288,1246.98,6027.74,2710.06,1.874,6.8,447.0,10.0,November,Madhesh
2011,Makwanpur,11110.0,3380.0,Rice,21.49178082,26.85147945,17.30816438,60.86243836,1245.82,6308.44,2927.97,1.415013699,5.9,10709.0,37551.8,July,Bagmati
2011,Makwanpur,23636.0,3070.0,Maize,21.49178082,26.85147945,17.30816438,60.86243836,1245.82,6308.44,2927.97,1.415013699,5.9,10709.0,72562.52,April,Bagmati
2011,Makwanpur,2660.0,1223.0,Millet,21.49178082,26.85147945,17.30816438,60.86243836,1245.82,6308.44,2927.97,1.415013699,5.9,10709.0,3253.18,August,Bagmati
2011,Makwanpur,150.0,1060.0,Buckwheat,21.49178082,26.85147945,17.30816438,60.86243836,1245.82,6308.44,2927.97,1.415013699,5.9,10709.0,159.0,September,Bagmati
2011,Makwanpur,4210.0,2852.0,Wheat,21.49178082,26.85147945,17.30816438,60.86243836,1245.82,6308.44,2927.97,1.415013699,5.9,10709.0,12006.92,November,Bagmati
2011,Makwanpur,20.0,1300.0,Barley,21.49178082,26.85147945,17.30816438,60.86243836,1245.82,6308.44,2927.97,1.415013699,5.9,10709.0,26.0,November,Bagmati
2011,Manang,0.0,0.0,Rice,5.119671233,10.33358904,0.975671233,70.3850411,861.84,5805.06,2584.38,1.689150685,6.3,6257.0,0.0,July,Gandaki
2011,Manang,175.0,2429.0,Maize,5.119671233,10.33358904,0.975671233,70.3850411,861.84,5805.06,2584.38,1.689150685,6.3,6257.0,425.075,April,Gandaki
2011,Manang,0.0,0.0,Millet,5.119671233,10.33358904,0.975671233,70.3850411,861.84,5805.06,2584.38,1.689150685,6.3,6257.0,0.0,August,Gandaki
2011,Manang,205.0,2132.0,Buckwheat,5.119671233,10.33358904,0.975671233,70.3850411,861.84,5805.06,2584.38,1.689150685,6.3,6257.0,437.06,September,Gandaki
2011,Manang,293.0,2201.0,Wheat,5.119671233,10.33358904,0.975671233,70.3850411,861.84,5805.06,2584.38,1.689150685,6.3,6257.0,644.893,November,Gandaki
2011,Manang,100.0,2000.0,Barley,5.119671233,10.33358904,0.975671233,70.3850411,861.84,5805.06,2584.38,1.689150685,6.3,6257.0,200.0,November,Gandaki
2011,Morang,78200.0,3550.0,Rice,23.75575342,29.1789863,19.22808219,64.99912329,1799.18,5788.14,2603.0,1.598465753,6.8,12.0,277610.0,July,Koshi
2011,Morang,15100.0,3000.0,Maize,23.75575342,29.1789863,19.22808219,64.99912329,1799.18,5788.14,2603.0,1.598465753,6.8,12.0,45300.0,April,Koshi
2011,Morang,1510.0,1200.0,Millet,23.75575342,29.1789863,19.22808219,64.99912329,1799.18,5788.14,2603.0,1.598465753,6.8,12.0,1812.0,August,Koshi
2011,Morang,65.0,954.0,Buckwheat,23.75575342,29.1789863,19.22808219,64.99912329,1799.18,5788.14,2603.0,1.598465753,6.8,12.0,62.01,September,Koshi
2011,Morang,16875.0,2396.0,Wheat,23.75575342,29.1789863,19.22808219,64.99912329,1799.18,5788.14,2603.0,1.598465753,6.8,12.0,40432.5,November,Koshi
2011,Morang,0.0,0.0,Barley,23.75575342,29.1789863,19.22808219,64.99912329,1799.18,5788.14,2603.0,1.598465753,6.8,12.0,0.0,November,Koshi
2011,Mugu,1294.0,1975.0,Rice,12.04572603,17.52073438,7.522958904,68.33819178,1520.67,6142.08,2683.52,1.476410959,5.7,15693.0,2555.65,July,Karnali
2011,Mugu,610.0,1572.0,Maize,12.04572603,17.52073438,7.522958904,68.33819178,1520.67,6142.08,2683.52,1.476410959,5.7,15693.0,958.92,April,Karnali
2011,Mugu,4500.0,1000.0,Millet,12.04572603,17.52073438,7.522958904,68.33819178,1520.67,6142.08,2683.52,1.476410959,5.7,15693.0,4500.0,August,Karnali
2011,Mugu,495.0,1000.0,Buckwheat,12.04572603,17.52073438,7.522958904,68.33819178,1520.67,6142.08,2683.52,1.476410959,5.7,15693.0,495.0,September,Karnali
2011,Mugu,1294.0,1975.0,Wheat,12.04572603,17.52073438,7.522958904,68.33819178,1520.67,6142.08,2683.52,1.476410959,5.7,15693.0,2555.65,November,Karnali
2011,Mugu,610.0,1572.0,Barley,12.04572603,17.52073438,7.522958904,68.33819178,1520.67,6142.08,2683.52,1.476410959,5.7,15693.0,958.92,November,Karnali
2011,Mustang,0.0,0.0,Rice,8.055315068,13.45608219,3.836876712,67.49780822,1156.56,6044.06,2631.1,1.608520548,7.3,10.0,0.0,July,Gandaki
2011,Mustang,525.0,1543.0,Maize,8.055315068,13.45608219,3.836876712,67.49780822,1156.56,6044.06,2631.1,1.608520548,7.3,10.0,810.075,April,Gandaki
2011,Mustang,0.0,0.0,Millet,8.055315068,13.45608219,3.836876712,67.49780822,1156.56,6044.06,2631.1,1.608520548,7.3,10.0,0.0,August,Gandaki
2011,Mustang,575.0,1661.0,Buckwheat,8.055315068,13.45608219,3.836876712,67.49780822,1156.56,6044.06,2631.1,1.608520548,7.3,10.0,955.075,September,Gandaki
2011,Mustang,600.0,1800.0,Wheat,8.055315068,13.45608219,3.836876712,67.49780822,1156.56,6044.06,2631.1,1.608520548,7.3,10.0,1080.0,November,Gandaki
2011,Mustang,270.0,1852.0,Barley,8.055315068,13.45608219,3.836876712,67.49780822,1156.56,6044.06,2631.1,1.608520548,7.3,10.0,500.04,November,Gandaki
2011,Myagdi,3895.0,2949.0,Rice,8.055315068,13.45608219,3.836876712,67.49780822,1156.56,6044.06,2631.1,1.608520548,5.8,15.0,11486.355,July,Gandaki
2011,Myagdi,11115.0,3073.0,Maize,8.055315068,13.45608219,3.836876712,67.49780822,1156.56,6044.06,2631.1,1.608520548,5.8,15.0,34156.395,April,Gandaki
2011,Myagdi,3048.0,1110.9,Millet,8.055315068,13.45608219,3.836876712,67.49780822,1156.56,6044.06,2631.1,1.608520548,5.8,15.0,3386.0232,August,Gandaki
2011,Myagdi,52.0,962.0,Buckwheat,8.055315068,13.45608219,3.836876712,67.49780822,1156.56,6044.06,2631.1,1.608520548,5.8,15.0,50.024,September,Gandaki
2011,Myagdi,3045.0,1891.0,Wheat,8.055315068,13.45608219,3.836876712,67.49780822,1156.56,6044.06,2631.1,1.608520548,5.8,15.0,5758.095,November,Gandaki
2011,Myagdi,360.0,997.0,Barley,8.055315068,13.45608219,3.836876712,67.49780822,1156.56,6044.06,2631.1,1.608520548,5.8,15.0,358.92,November,Gandaki
2011,Nawalparasi,44890.0,4262.0,Rice,24.37169863,30.32550685,19.35249315,58.21660274,1395.13,6379.5,2968.06,1.518849315,5.9,115.0,191321.18,July,Unknown
2011,Nawalparasi,8400.0,3095.0,Maize,24.37169863,30.32550685,19.35249315,58.21660274,1395.13,6379.5,2968.06,1.518849315,5.9,115.0,25998.0,April,Unknown
2011,Nawalparasi,450.0,1100.0,Millet,24.37169863,30.32550685,19.35249315,58.21660274,1395.13,6379.5,2968.06,1.518849315,5.9,115.0,495.0,August,Unknown
2011,Nawalparasi,220.0,614.0,Buckwheat,24.37169863,30.32550685,19.35249315,58.21660274,1395.13,6379.5,2968.06,1.518849315,5.9,115.0,135.08,September,Unknown
2011,Nawalparasi,18830.0,2875.0,Wheat,24.37169863,30.32550685,19.35249315,58.21660274,1395.13,6379.5,2968.06,1.518849315,5.9,115.0,54136.25,November,Unknown
2011,Nawalparasi,90.0,2000.0,Barley,24.37169863,30.32550685,19.35249315,58.21660274,1395.13,6379.5,2968.06,1.518849315,5.9,115.0,180.0,November,Unknown
2011,Nuwakot,14625.0,3860.0,Rice,8.721780822,14.17112329,4.426958904,68.4749863,876.19,6223.78,2785.1,1.706547945,5.7,6146.0,56452.5,July,Bagmati
2011,Nuwakot,19590.0,2900.0,Maize,8.721780822,14.17112329,4.426958904,68.4749863,876.19,6223.78,2785.1,1.706547945,5.7,6146.0,56811.0,April,Bagmati
2011,Nuwakot,5805.0,1840.0,Millet,8.721780822,14.17112329,4.426958904,68.4749863,876.19,6223.78,2785.1,1.706547945,5.7,6146.0,10681.2,August,Bagmati
2011,Nuwakot,60.0,1000.0,Buckwheat,8.721780822,14.17112329,4.426958904,68.4749863,876.19,6223.78,2785.1,1.706547945,5.7,6146.0,60.0,September,Bagmati
2011,Nuwakot,5475.0,2758.0,Wheat,8.721780822,14.17112329,4.426958904,68.4749863,876.19,6223.78,2785.1,1.706547945,5.7,6146.0,15100.05,November,Bagmati
2011,Nuwakot,200.0,1000.0,Barley,8.721780822,14.17112329,4.426958904,68.4749863,876.19,6223.78,2785.1,1.706547945,5.7,6146.0,200.0,November,Bagmati
2011,Okhaldhunga,6573.0,2130.0,Rice,13.29679452,18.50268493,9.365013699,66.98326027,930.67,5866.04,2621.46,1.566767123,5.7,8047.0,14000.49,July,Koshi
2011,Okhaldhunga,12400.0,2239.0,Maize,13.29679452,18.50268493,9.365013699,66.98326027,930.67,5866.04,2621.46,1.566767123,5.7,8047.0,27763.6,April,Koshi
2011,Okhaldhunga,7790.0,1520.0,Millet,13.29679452,18.50268493,9.365013699,66.98326027,930.67,5866.04,2621.46,1.566767123,5.7,8047.0,11840.8,August,Koshi
2011,Okhaldhunga,75.0,870.0,Buckwheat,13.29679452,18.50268493,9.365013699,66.98326027,930.67,5866.04,2621.46,1.566767123,5.7,8047.0,65.25,September,Koshi
2011,Okhaldhunga,2425.0,1990.0,Wheat,13.29679452,18.50268493,9.365013699,66.98326027,930.67,5866.04,2621.46,1.566767123,5.7,8047.0,4825.75,November,Koshi
2011,Okhaldhunga,100.0,1000.0,Barley,13.29679452,18.50268493,9.365013699,66.98326027,930.67,5866.04,2621.46,1.566767123,5.7,8047.0,100.0,November,Koshi
2011,Palpa,8750.0,3346.0,Rice,18.81720548,23.86958904,14.82761644,62.80556164,1368.27,6379.5,2968.06,1.503643836,5.9,193.0,29277.5,July,Lumbini
2011,Palpa,20210.0,2131.0,Maize,18.81720548,23.86958904,14.82761644,62.80556164,1368.27,6379.5,2968.06,1.503643836,5.9,193.0,43067.51,April,Lumbini
2011,Palpa,2540.0,1019.7,Millet,18.81720548,23.86958904,14.82761644,62.80556164,1368.27,6379.5,2968.06,1.503643836,5.9,193.0,2590.038,August,Lumbini
2011,Palpa,450.0,938.0,Buckwheat,18.81720548,23.86958904,14.82761644,62.80556164,1368.27,6379.5,2968.06,1.503643836,5.9,193.0,422.1,September,Lumbini
2011,Palpa,6230.0,2154.0,Wheat,18.81720548,23.86958904,14.82761644,62.80556164,1368.27,6379.5,2968.06,1.503643836,5.9,193.0,13419.42,November,Lumbini
2011,Palpa,28.0,1393.0,Barley,18.81720548,23.86958904,14.82761644,62.80556164,1368.27,6379.5,2968.06,1.503643836,5.9,193.0,39.004,November,Lumbini
2011,Panchthar,11500.0,2000.0,Rice,10.28821918,15.82780822,6.132876712,74.26553425,1004.93,5553.18,2458.75,1.773369863,5.7,1148.0,23000.0,July,Koshi
2011,Panchthar,12800.0,1700.0,Maize,10.28821918,15.82780822,6.132876712,74.26553425,1004.93,5553.18,2458.75,1.773369863,5.7,1148.0,21760.0,April,Koshi
2011,Panchthar,5000.0,1870.0,Millet,10.28821918,15.82780822,6.132876712,74.26553425,1004.93,5553.18,2458.75,1.773369863,5.7,1148.0,9350.0,August,Koshi
2011,Panchthar,60.0,700.0,Buckwheat,10.28821918,15.82780822,6.132876712,74.26553425,1004.93,5553.18,2458.75,1.773369863,5.7,1148.0,42.0,September,Koshi
2011,Panchthar,4000.0,1895.0,Wheat,10.28821918,15.82780822,6.132876712,74.26553425,1004.93,5553.18,2458.75,1.773369863,5.7,1148.0,7580.0,November,Koshi
2011,Panchthar,494.0,1200.0,Barley,10.28821918,15.82780822,6.132876712,74.26553425,1004.93,5553.18,2458.75,1.773369863,5.7,1148.0,592.8,November,Koshi
2011,Parbat,8830.0,2607.0,Rice,8.055315068,13.45608219,3.836876712,67.49780822,1156.56,6044.06,2631.1,1.608520548,5.7,536.0,23019.81,July,Gandaki
2011,Parbat,14000.0,2054.0,Maize,8.055315068,13.45608219,3.836876712,67.49780822,1156.56,6044.06,2631.1,1.608520548,5.7,536.0,28756.0,April,Gandaki
2011,Parbat,8845.0,910.01,Millet,8.055315068,13.45608219,3.836876712,67.49780822,1156.56,6044.06,2631.1,1.608520548,5.7,536.0,8049.03845,August,Gandaki
2011,Parbat,35.0,943.0,Buckwheat,8.055315068,13.45608219,3.836876712,67.49780822,1156.56,6044.06,2631.1,1.608520548,5.7,536.0,33.005,September,Gandaki
2011,Parbat,2915.0,2286.0,Wheat,8.055315068,13.45608219,3.836876712,67.49780822,1156.56,6044.06,2631.1,1.608520548,5.7,536.0,6663.69,November,Gandaki
2011,Parbat,118.0,890.0,Barley,8.055315068,13.45608219,3.836876712,67.49780822,1156.56,6044.06,2631.1,1.608520548,5.7,536.0,105.02,November,Gandaki
2011,Parsa,44360.0,4350.0,Rice,24.95857534,31.00621918,19.79167123,60.04358904,1302.6,6308.44,2927.97,1.684438356,6.9,889.0,192966.0,July,Madhesh
2011,Parsa,4072.0,4000.0,Maize,24.95857534,31.00621918,19.79167123,60.04358904,1302.6,6308.44,2927.97,1.684438356,6.9,889.0,16288.0,April,Madhesh
2011,Parsa,82.0,920.0,Millet,24.95857534,31.00621918,19.79167123,60.04358904,1302.6,6308.44,2927.97,1.684438356,6.9,889.0,75.44,August,Madhesh
2011,Parsa,0.0,0.0,Buckwheat,24.95857534,31.00621918,19.79167123,60.04358904,1302.6,6308.44,2927.97,1.684438356,6.9,889.0,0.0,September,Madhesh
2011,Parsa,23600.0,3500.0,Wheat,24.95857534,31.00621918,19.79167123,60.04358904,1302.6,6308.44,2927.97,1.684438356,6.9,889.0,82600.0,November,Madhesh
2011,Parsa,40.0,1200.0,Barley,24.95857534,31.00621918,19.79167123,60.04358904,1302.6,6308.44,2927.97,1.684438356,6.9,889.0,48.0,November,Madhesh
2011,Pyuthan,6525.0,2800.0,Rice,21.45383562,27.08805479,16.96084932,59.62912329,1549.57,6163.7,2691.24,1.791479452,6.5,14230.0,18270.0,July,Lumbini
2011,Pyuthan,12058.0,1691.0,Maize,21.45383562,27.08805479,16.96084932,59.62912329,1549.57,6163.7,2691.24,1.791479452,6.5,14230.0,20390.078,April,Lumbini
2011,Pyuthan,1985.0,1007.6,Millet,21.45383562,27.08805479,16.96084932,59.62912329,1549.57,6163.7,2691.24,1.791479452,6.5,14230.0,2000.086,August,Lumbini
2011,Pyuthan,13.0,808.0,Buckwheat,21.45383562,27.08805479,16.96084932,59.62912329,1549.57,6163.7,2691.24,1.791479452,6.5,14230.0,10.504,September,Lumbini
2011,Pyuthan,8650.0,2220.0,Wheat,21.45383562,27.08805479,16.96084932,59.62912329,1549.57,6163.7,2691.24,1.791479452,6.5,14230.0,19203.0,November,Lumbini
2011,Pyuthan,510.0,1539.0,Barley,21.45383562,27.08805479,16.96084932,59.62912329,1549.57,6163.7,2691.24,1.791479452,6.5,14230.0,784.89,November,Lumbini
2011,Ramechap,9408.0,3210.0,Rice,13.29679452,18.50268493,9.365013699,66.98326027,930.67,5866.04,2621.46,1.566767123,5.4,295.0,30199.68,July,Unknown
2011,Ramechap,20041.0,2500.0,Maize,13.29679452,18.50268493,9.365013699,66.98326027,930.67,5866.04,2621.46,1.566767123,5.4,295.0,50102.5,April,Unknown
2011,Ramechap,5057.0,1200.0,Millet,13.29679452,18.50268493,9.365013699,66.98326027,930.67,5866.04,2621.46,1.566767123,5.4,295.0,6068.4,August,Unknown
2011,Ramechap,19.0,1000.0,Buckwheat,13.29679452,18.50268493,9.365013699,66.98326027,930.67,5866.04,2621.46,1.566767123,5.4,295.0,19.0,September,Unknown
2011,Ramechap,4458.0,1860.0,Wheat,13.29679452,18.50268493,9.365013699,66.98326027,930.67,5866.04,2621.46,1.566767123,5.4,295.0,8291.88,November,Unknown
2011,Ramechap,170.0,647.0,Barley,13.29679452,18.50268493,9.365013699,66.98326027,930.67,5866.04,2621.46,1.566767123,5.4,295.0,109.99,November,Unknown
2011,Rasuwa,1304.0,2760.0,Rice,8.721780822,14.17112329,4.426958904,68.4749863,876.19,6224.3,2749.98,1.706547945,6.1,1151.0,3599.04,July,Bagmati
2011,Rasuwa,2374.0,1980.0,Maize,8.721780822,14.17112329,4.426958904,68.4749863,876.19,6224.3,2749.98,1.706547945,6.1,1151.0,4700.52,April,Bagmati
2011,Rasuwa,980.0,920.0,Millet,8.721780822,14.17112329,4.426958904,68.4749863,876.19,6224.3,2749.98,1.706547945,6.1,1151.0,901.6,August,Bagmati
2011,Rasuwa,0.0,0.0,Buckwheat,8.721780822,14.17112329,4.426958904,68.4749863,876.19,6224.3,2749.98,1.706547945,6.1,1151.0,0.0,September,Bagmati
2011,Rasuwa,700.0,2350.0,Wheat,8.721780822,14.17112329,4.426958904,68.4749863,876.19,6224.3,2749.98,1.706547945,6.1,1151.0,1645.0,November,Bagmati
2011,Rasuwa,300.0,1327.0,Barley,8.721780822,14.17112329,4.426958904,68.4749863,876.19,6224.3,2749.98,1.706547945,6.1,1151.0,398.1,November,Bagmati
2011,Rautahat,40650.0,3350.0,Rice,23.88679452,29.6760274,19.25016438,59.72684932,1282.27,6027.74,2710.06,1.610712329,6.8,13654.0,136177.5,July,Madhesh
2011,Rautahat,1680.0,3150.0,Maize,23.88679452,29.6760274,19.25016438,59.72684932,1282.27,6027.74,2710.06,1.610712329,6.8,13654.0,5292.0,April,Madhesh
2011,Rautahat,60.0,850.0,Millet,23.88679452,29.6760274,19.25016438,59.72684932,1282.27,6027.74,2710.06,1.610712329,6.8,13654.0,51.0,August,Madhesh
2011,Rautahat,0.0,0.0,Buckwheat,23.88679452,29.6760274,19.25016438,59.72684932,1282.27,6027.74,2710.06,1.610712329,6.8,13654.0,0.0,September,Madhesh
2011,Rautahat,15550.0,2677.0,Wheat,23.88679452,29.6760274,19.25016438,59.72684932,1282.27,6027.74,2710.06,1.610712329,6.8,13654.0,41627.35,November,Madhesh
2011,Rautahat,5.0,1000.0,Barley,23.88679452,29.6760274,19.25016438,59.72684932,1282.27,6027.74,2710.06,1.610712329,6.8,13654.0,5.0,November,Madhesh
2011,Rolpa,4715.0,2757.0,Rice,14.44471233,20.11493151,9.879890411,64.71654795,1605.75,6163.7,2691.24,1.640164384,6.1,421.0,12999.255,July,Lumbini
2011,Rolpa,11667.0,2169.0,Maize,14.44471233,20.11493151,9.879890411,64.71654795,1605.75,6163.7,2691.24,1.640164384,6.1,421.0,25305.723,April,Lumbini
2011,Rolpa,1059.0,1000.0,Millet,14.44471233,20.11493151,9.879890411,64.71654795,1605.75,6163.7,2691.24,1.640164384,6.1,421.0,1059.0,August,Lumbini
2011,Rolpa,122.0,533.0,Buckwheat,14.44471233,20.11493151,9.879890411,64.71654795,1605.75,6163.7,2691.24,1.640164384,6.1,421.0,65.026,September,Lumbini
2011,Rolpa,8860.0,1900.0,Wheat,14.44471233,20.11493151,9.879890411,64.71654795,1605.75,6163.7,2691.24,1.640164384,6.1,421.0,16834.0,November,Lumbini
2011,Rolpa,736.0,1250.0,Barley,14.44471233,20.11493151,9.879890411,64.71654795,1605.75,6163.7,2691.24,1.640164384,6.1,421.0,920.0,November,Lumbini
2011,Rukum,3562.0,2700.0,Rice,14.44471233,20.11493151,9.879890411,64.71654795,1605.75,6206.77,2709.3,1.640164384,6.8,11770.0,9617.4,July,Unknown
2011,Rukum,16785.0,1800.0,Maize,14.44471233,20.11493151,9.879890411,64.71654795,1605.75,6206.77,2709.3,1.640164384,6.8,11770.0,30213.0,April,Unknown
2011,Rukum,960.0,950.0,Millet,14.44471233,20.11493151,9.879890411,64.71654795,1605.75,6206.77,2709.3,1.640164384,6.8,11770.0,912.0,August,Unknown
2011,Rukum,0.0,0.0,Buckwheat,14.44471233,20.11493151,9.879890411,64.71654795,1605.75,6206.77,2709.3,1.640164384,6.8,11770.0,0.0,September,Unknown
2011,Rukum,11800.0,2219.0,Wheat,14.44471233,20.11493151,9.879890411,64.71654795,1605.75,6206.77,2709.3,1.640164384,6.8,11770.0,26184.2,November,Unknown
2011,Rukum,925.0,1600.0,Barley,14.44471233,20.11493151,9.879890411,64.71654795,1605.75,6206.77,2709.3,1.640164384,6.8,11770.0,1480.0,November,Unknown
2011,Rupandehi,70500.0,4270.0,Rice,24.37169863,30.32550685,19.35249315,58.21660274,1395.13,6379.5,2968.06,1.518849315,6.6,399.0,301035.0,July,Lumbini
2011,Rupandehi,2300.0,3000.0,Maize,24.37169863,30.32550685,19.35249315,58.21660274,1395.13,6379.5,2968.06,1.518849315,6.6,399.0,6900.0,April,Lumbini
2011,Rupandehi,0.0,0.0,Millet,24.37169863,30.32550685,19.35249315,58.21660274,1395.13,6379.5,2968.06,1.518849315,6.6,399.0,0.0,August,Lumbini
2011,Rupandehi,0.0,0.0,Buckwheat,24.37169863,30.32550685,19.35249315,58.21660274,1395.13,6379.5,2968.06,1.518849315,6.6,399.0,0.0,September,Lumbini
2011,Rupandehi,30500.0,3500.0,Wheat,24.37169863,30.32550685,19.35249315,58.21660274,1395.13,6379.5,2968.06,1.518849315,6.6,399.0,106750.0,November,Lumbini
2011,Rupandehi,100.0,2100.0,Barley,24.37169863,30.32550685,19.35249315,58.21660274,1395.13,6379.5,2968.06,1.518849315,6.6,399.0,210.0,November,Lumbini
2011,Salyan,6961.0,3200.0,Rice,21.45383562,27.08805479,16.96084932,59.62912329,1549.57,6163.7,2691.24,1.791479452,5.9,395.0,22275.2,July,Karnali
2011,Salyan,11588.0,2399.0,Maize,21.45383562,27.08805479,16.96084932,59.62912329,1549.57,6163.7,2691.24,1.791479452,5.9,395.0,27799.612,April,Karnali
2011,Salyan,1780.0,1303.4,Millet,21.45383562,27.08805479,16.96084932,59.62912329,1549.57,6163.7,2691.24,1.791479452,5.9,395.0,2320.052,August,Karnali
2011,Salyan,75.0,1067.0,Buckwheat,21.45383562,27.08805479,16.96084932,59.62912329,1549.57,6163.7,2691.24,1.791479452,5.9,395.0,80.025,September,Karnali
2011,Salyan,15120.0,1902.0,Wheat,21.45383562,27.08805479,16.96084932,59.62912329,1549.57,6163.7,2691.24,1.791479452,5.9,395.0,28758.24,November,Karnali
2011,Salyan,1270.0,1110.0,Barley,21.45383562,27.08805479,16.96084932,59.62912329,1549.57,6163.7,2691.24,1.791479452,5.9,395.0,1409.7,November,Karnali
2011,Sankhuwashava,15812.0,2315.0,Rice,10.28821918,15.82780822,6.132876712,74.26553425,1004.93,5553.18,2458.75,1.773369863,5.6,21112.0,36604.78,July,Unknown
2011,Sankhuwashava,13055.0,1700.0,Maize,10.28821918,15.82780822,6.132876712,74.26553425,1004.93,5553.18,2458.75,1.773369863,5.6,21112.0,22193.5,April,Unknown
2011,Sankhuwashava,9975.0,1000.0,Millet,10.28821918,15.82780822,6.132876712,74.26553425,1004.93,5553.18,2458.75,1.773369863,5.6,21112.0,9975.0,August,Unknown
2011,Sankhuwashava,20.0,550.0,Buckwheat,10.28821918,15.82780822,6.132876712,74.26553425,1004.93,5553.18,2458.75,1.773369863,5.6,21112.0,11.0,September,Unknown
2011,Sankhuwashava,1450.0,1966.0,Wheat,10.28821918,15.82780822,6.132876712,74.26553425,1004.93,5553.18,2458.75,1.773369863,5.6,21112.0,2850.7,November,Unknown
2011,Sankhuwashava,35.0,743.0,Barley,10.28821918,15.82780822,6.132876712,74.26553425,1004.93,5553.18,2458.75,1.773369863,5.6,21112.0,26.005,November,Unknown
2011,Saptari,60000.0,2950.0,Rice,24.41008219,29.94216438,19.74950685,62.81591781,1348.84,5938.49,2667.3,1.710219178,6.6,742.0,177000.0,July,Madhesh
2011,Saptari,4000.0,2000.0,Maize,24.41008219,29.94216438,19.74950685,62.81591781,1348.84,5938.49,2667.3,1.710219178,6.6,742.0,8000.0,April,Madhesh
2011,Saptari,250.0,1500.0,Millet,24.41008219,29.94216438,19.74950685,62.81591781,1348.84,5938.49,2667.3,1.710219178,6.6,742.0,375.0,August,Madhesh
2011,Saptari,0.0,0.0,Buckwheat,24.41008219,29.94216438,19.74950685,62.81591781,1348.84,5938.49,2667.3,1.710219178,6.6,742.0,0.0,September,Madhesh
2011,Saptari,18000.0,2533.0,Wheat,24.41008219,29.94216438,19.74950685,62.81591781,1348.84,5938.49,2667.3,1.710219178,6.6,742.0,45594.0,November,Madhesh
2011,Saptari,0.0,0.0,Barley,24.41008219,29.94216438,19.74950685,62.81591781,1348.84,5938.49,2667.3,1.710219178,6.6,742.0,0.0,November,Madhesh
2011,Sarlahi,39352.0,3650.0,Rice,23.88679452,29.6760274,19.25016438,59.72684932,1282.27,6027.74,2710.06,1.610712329,6.6,748.0,143634.8,July,Madhesh
2011,Sarlahi,10050.0,4100.0,Maize,23.88679452,29.6760274,19.25016438,59.72684932,1282.27,6027.74,2710.06,1.610712329,6.6,748.0,41205.0,April,Madhesh
2011,Sarlahi,1000.0,1000.0,Millet,23.88679452,29.6760274,19.25016438,59.72684932,1282.27,6027.74,2710.06,1.610712329,6.6,748.0,1000.0,August,Madhesh
2011,Sarlahi,0.0,0.0,Buckwheat,23.88679452,29.6760274,19.25016438,59.72684932,1282.27,6027.74,2710.06,1.610712329,6.6,748.0,0.0,September,Madhesh
2011,Sarlahi,28000.0,2400.0,Wheat,23.88679452,29.6760274,19.25016438,59.72684932,1282.27,6027.74,2710.06,1.610712329,6.6,748.0,67200.0,November,Madhesh
2011,Sarlahi,300.0,1500.0,Barley,23.88679452,29.6760274,19.25016438,59.72684932,1282.27,6027.74,2710.06,1.610712329,6.6,748.0,450.0,November,Madhesh
2011,Sindhuli,10265.0,3200.0,Rice,22.08717808,27.54657534,17.85353425,60.90019178,1167.9,5866.04,2621.46,1.60890411,6.0,12812.0,32848.0,July,Bagmati
2011,Sindhuli,15450.0,2600.0,Maize,22.08717808,27.54657534,17.85353425,60.90019178,1167.9,5866.04,2621.46,1.60890411,6.0,12812.0,40170.0,April,Bagmati
2011,Sindhuli,11610.0,900.0,Millet,22.08717808,27.54657534,17.85353425,60.90019178,1167.9,5866.04,2621.46,1.60890411,6.0,12812.0,10449.0,August,Bagmati
2011,Sindhuli,535.0,500.0,Buckwheat,22.08717808,27.54657534,17.85353425,60.90019178,1167.9,5866.04,2621.46,1.60890411,6.0,12812.0,267.5,September,Bagmati
2011,Sindhuli,5550.0,2468.0,Wheat,22.08717808,27.54657534,17.85353425,60.90019178,1167.9,5866.04,2621.46,1.60890411,6.0,12812.0,13697.4,November,Bagmati
2011,Sindhuli,56.0,1161.0,Barley,22.08717808,27.54657534,17.85353425,60.90019178,1167.9,5866.04,2621.46,1.60890411,6.0,12812.0,65.016,November,Bagmati
2011,Sindhupalchok,12300.0,2300.0,Rice,8.721780822,14.17112329,4.426958904,68.4749863,876.19,6223.78,2785.1,1.706547945,5.6,7437.0,28290.0,July,Bagmati
2011,Sindhupalchok,24925.0,2290.0,Maize,8.721780822,14.17112329,4.426958904,68.4749863,876.19,6223.78,2785.1,1.706547945,5.6,7437.0,57078.25,April,Bagmati
2011,Sindhupalchok,19330.0,1100.0,Millet,8.721780822,14.17112329,4.426958904,68.4749863,876.19,6223.78,2785.1,1.706547945,5.6,7437.0,21263.0,August,Bagmati
2011,Sindhupalchok,25.0,450.0,Buckwheat,8.721780822,14.17112329,4.426958904,68.4749863,876.19,6223.78,2785.1,1.706547945,5.6,7437.0,11.25,September,Bagmati
2011,Sindhupalchok,7010.0,1000.0,Wheat,8.721780822,14.17112329,4.426958904,68.4749863,876.19,6223.78,2785.1,1.706547945,5.6,7437.0,7010.0,November,Bagmati
2011,Sindhupalchok,210.0,1000.0,Barley,8.721780822,14.17112329,4.426958904,68.4749863,876.19,6223.78,2785.1,1.706547945,5.6,7437.0,210.0,November,Bagmati
2011,Siraha,61000.0,2871.0,Rice,24.97687671,30.91660274,20.04476712,60.4570137,1253.73,5938.49,2667.3,1.822438356,6.8,4139.0,175131.0,July,Madhesh
2011,Siraha,3100.0,2200.0,Maize,24.97687671,30.91660274,20.04476712,60.4570137,1253.73,5938.49,2667.3,1.822438356,6.8,4139.0,6820.0,April,Madhesh
2011,Siraha,600.0,1000.0,Millet,24.97687671,30.91660274,20.04476712,60.4570137,1253.73,5938.49,2667.3,1.822438356,6.8,4139.0,600.0,August,Madhesh
2011,Siraha,0.0,0.0,Buckwheat,24.97687671,30.91660274,20.04476712,60.4570137,1253.73,5938.49,2667.3,1.822438356,6.8,4139.0,0.0,September,Madhesh
2011,Siraha,15725.0,1900.0,Wheat,24.97687671,30.91660274,20.04476712,60.4570137,1253.73,5938.49,2667.3,1.822438356,6.8,4139.0,29877.5,November,Madhesh
2011,Siraha,0.0,0.0,Barley,24.97687671,30.91660274,20.04476712,60.4570137,1253.73,5938.49,2667.3,1.822438356,6.8,4139.0,0.0,November,Madhesh
2011,Solukhumbu,1620.0,2200.0,Rice,9.026821918,14.42463014,4.89630137,71.02054795,867.27,5866.04,2621.46,1.792136986,5.8,4536.0,3564.0,July,Koshi
2011,Solukhumbu,12955.0,2500.0,Maize,9.026821918,14.42463014,4.89630137,71.02054795,867.27,5866.04,2621.46,1.792136986,5.8,4536.0,32387.5,April,Koshi
2011,Solukhumbu,2100.0,1400.0,Millet,9.026821918,14.42463014,4.89630137,71.02054795,867.27,5866.04,2621.46,1.792136986,5.8,4536.0,2940.0,August,Koshi
2011,Solukhumbu,320.0,700.0,Buckwheat,9.026821918,14.42463014,4.89630137,71.02054795,867.27,5866.04,2621.46,1.792136986,5.8,4536.0,224.0,September,Koshi
2011,Solukhumbu,3750.0,1949.0,Wheat,9.026821918,14.42463014,4.89630137,71.02054795,867.27,5866.04,2621.46,1.792136986,5.8,4536.0,7308.75,November,Koshi
2011,Solukhumbu,200.0,1000.0,Barley,9.026821918,14.42463014,4.89630137,71.02054795,867.27,5866.04,2621.46,1.792136986,5.8,4536.0,200.0,November,Koshi
2011,Sunsari,53550.0,3100.0,Rice,23.75575342,29.1789863,19.22808219,64.99912329,1799.18,5788.14,2603.0,1.598465753,6.6,11556.0,166005.0,July,Koshi
2011,Sunsari,7845.0,2800.0,Maize,23.75575342,29.1789863,19.22808219,64.99912329,1799.18,5788.14,2603.0,1.598465753,6.6,11556.0,21966.0,April,Koshi
2011,Sunsari,800.0,930.0,Millet,23.75575342,29.1789863,19.22808219,64.99912329,1799.18,5788.14,2603.0,1.598465753,6.6,11556.0,744.0,August,Koshi
2011,Sunsari,400.0,930.0,Buckwheat,23.75575342,29.1789863,19.22808219,64.99912329,1799.18,5788.14,2603.0,1.598465753,6.6,11556.0,372.0,September,Koshi
2011,Sunsari,17500.0,2600.0,Wheat,23.75575342,29.1789863,19.22808219,64.99912329,1799.18,5788.14,2603.0,1.598465753,6.6,11556.0,45500.0,November,Koshi
2011,Sunsari,0.0,0.0,Barley,23.75575342,29.1789863,19.22808219,64.99912329,1799.18,5788.14,2603.0,1.598465753,6.6,11556.0,0.0,November,Koshi
2011,Surkhet,14600.0,3719.0,Rice,19.5280274,24.96635616,15.06112329,61.66041096,1697.86,6009.41,2679.97,1.477671233,5.9,194.0,54297.4,July,Karnali
2011,Surkhet,16100.0,2838.0,Maize,19.5280274,24.96635616,15.06112329,61.66041096,1697.86,6009.41,2679.97,1.477671233,5.9,194.0,45691.8,April,Karnali
2011,Surkhet,2095.0,1336.5,Millet,19.5280274,24.96635616,15.06112329,61.66041096,1697.86,6009.41,2679.97,1.477671233,5.9,194.0,2799.9675,August,Karnali
2011,Surkhet,0.0,0.0,Buckwheat,19.5280274,24.96635616,15.06112329,61.66041096,1697.86,6009.41,2679.97,1.477671233,5.9,194.0,0.0,September,Karnali
2011,Surkhet,16255.0,3045.0,Wheat,19.5280274,24.96635616,15.06112329,61.66041096,1697.86,6009.41,2679.97,1.477671233,5.9,194.0,49496.475,November,Karnali
2011,Surkhet,1030.0,1320.0,Barley,19.5280274,24.96635616,15.06112329,61.66041096,1697.86,6009.41,2679.97,1.477671233,5.9,194.0,1359.6,November,Karnali
2011,Syangja,17000.0,3419.0,Rice,18.81720548,23.86958904,14.82761644,62.80556164,1368.27,6044.06,2631.1,1.503643836,6.0,6524.0,58123.0,July,Gandaki
2011,Syangja,26500.0,3500.0,Maize,18.81720548,23.86958904,14.82761644,62.80556164,1368.27,6044.06,2631.1,1.503643836,6.0,6524.0,92750.0,April,Gandaki
2011,Syangja,16805.0,1150.0,Millet,18.81720548,23.86958904,14.82761644,62.80556164,1368.27,6044.06,2631.1,1.503643836,6.0,6524.0,19325.75,August,Gandaki
2011,Syangja,205.0,634.0,Buckwheat,18.81720548,23.86958904,14.82761644,62.80556164,1368.27,6044.06,2631.1,1.503643836,6.0,6524.0,129.97,September,Gandaki
2011,Syangja,5800.0,2095.0,Wheat,18.81720548,23.86958904,14.82761644,62.80556164,1368.27,6044.06,2631.1,1.503643836,6.0,6524.0,12151.0,November,Gandaki
2011,Syangja,9.0,889.0,Barley,18.81720548,23.86958904,14.82761644,62.80556164,1368.27,6044.06,2631.1,1.503643836,6.0,6524.0,8.001,November,Gandaki
2011,Tanahu,13150.0,3278.0,Rice,18.81720548,23.86958904,14.82761644,62.80556164,1368.27,6308.44,2927.97,1.503643836,5.6,2049.0,43105.7,July,Gandaki
2011,Tanahu,22150.0,2888.0,Maize,18.81720548,23.86958904,14.82761644,62.80556164,1368.27,6308.44,2927.97,1.503643836,5.6,2049.0,63969.2,April,Gandaki
2011,Tanahu,6710.0,1000.0,Millet,18.81720548,23.86958904,14.82761644,62.80556164,1368.27,6308.44,2927.97,1.503643836,5.6,2049.0,6710.0,August,Gandaki
2011,Tanahu,191.0,963.0,Buckwheat,18.81720548,23.86958904,14.82761644,62.80556164,1368.27,6308.44,2927.97,1.503643836,5.6,2049.0,183.933,September,Gandaki
2011,Tanahu,1900.0,1908.0,Wheat,18.81720548,23.86958904,14.82761644,62.80556164,1368.27,6308.44,2927.97,1.503643836,5.6,2049.0,3625.2,November,Gandaki
2011,Tanahu,6.0,1000.0,Barley,18.81720548,23.86958904,14.82761644,62.80556164,1368.27,6308.44,2927.97,1.503643836,5.6,2049.0,6.0,November,Gandaki
2011,Taplejung,10477.0,2116.0,Rice,5.073835616,10.36115068,1.099890411,76.25758904,1136.22,5553.18,2458.75,1.571260274,5.4,1277.0,22169.332,July,Koshi
2011,Taplejung,16075.0,2371.0,Maize,5.073835616,10.36115068,1.099890411,76.25758904,1136.22,5553.18,2458.75,1.571260274,5.4,1277.0,38113.825,April,Koshi
2011,Taplejung,3050.0,1150.0,Millet,5.073835616,10.36115068,1.099890411,76.25758904,1136.22,5553.18,2458.75,1.571260274,5.4,1277.0,3507.5,August,Koshi
2011,Taplejung,155.0,1097.0,Buckwheat,5.073835616,10.36115068,1.099890411,76.25758904,1136.22,5553.18,2458.75,1.571260274,5.4,1277.0,170.035,September,Koshi
2011,Taplejung,1210.0,2300.0,Wheat,5.073835616,10.36115068,1.099890411,76.25758904,1136.22,5553.18,2458.75,1.571260274,5.4,1277.0,2783.0,November,Koshi
2011,Taplejung,240.0,1167.0,Barley,5.073835616,10.36115068,1.099890411,76.25758904,1136.22,5553.18,2458.75,1.571260274,5.4,1277.0,280.08,November,Koshi
2011,Terhathum,10662.0,2300.0,Rice,19.40734247,24.42827397,15.50372603,68.06693151,1519.44,5553.18,2458.75,1.468054795,5.6,611.0,24522.6,July,Unknown
2011,Terhathum,12350.0,2100.0,Maize,19.40734247,24.42827397,15.50372603,68.06693151,1519.44,5553.18,2458.75,1.468054795,5.6,611.0,25935.0,April,Unknown
2011,Terhathum,2700.0,1133.7,Millet,19.40734247,24.42827397,15.50372603,68.06693151,1519.44,5553.18,2458.75,1.468054795,5.6,611.0,3060.99,August,Unknown
2011,Terhathum,35.0,743.0,Buckwheat,19.40734247,24.42827397,15.50372603,68.06693151,1519.44,5553.18,2458.75,1.468054795,5.6,611.0,26.005,September,Unknown
2011,Terhathum,2750.0,1980.0,Wheat,19.40734247,24.42827397,15.50372603,68.06693151,1519.44,5553.18,2458.75,1.468054795,5.6,611.0,5445.0,November,Unknown
2011,Terhathum,75.0,893.0,Barley,19.40734247,24.42827397,15.50372603,68.06693151,1519.44,5553.18,2458.75,1.468054795,5.6,611.0,66.975,November,Unknown
2011,Udayapur,16857.0,3008.0,Rice,17.89526027,22.92641096,14.13367123,69.93153425,1767.63,5788.14,2603.0,1.220630137,5.4,1273.0,50705.856,July,Koshi
2011,Udayapur,16880.0,2068.0,Maize,17.89526027,22.92641096,14.13367123,69.93153425,1767.63,5788.14,2603.0,1.220630137,5.4,1273.0,34907.84,April,Koshi
2011,Udayapur,2575.0,1700.0,Millet,17.89526027,22.92641096,14.13367123,69.93153425,1767.63,5788.14,2603.0,1.220630137,5.4,1273.0,4377.5,August,Koshi
2011,Udayapur,18.0,950.0,Buckwheat,17.89526027,22.92641096,14.13367123,69.93153425,1767.63,5788.14,2603.0,1.220630137,5.4,1273.0,17.1,September,Koshi
2011,Udayapur,5115.0,2800.0,Wheat,17.89526027,22.92641096,14.13367123,69.93153425,1767.63,5788.14,2603.0,1.220630137,5.4,1273.0,14322.0,November,Koshi
2011,Udayapur,39.0,949.0,Barley,17.89526027,22.92641096,14.13367123,69.93153425,1767.63,5788.14,2603.0,1.220630137,5.4,1273.0,37.011,November,Koshi
2012,Achham,12569.0,2477.0,Rice,12.19797814,17.825,7.484918033,64.81412568,1001.08,6272.08,2723.06,1.567650273,6.1,76.0,31133.413,July,Sudurpashchim
2012,Achham,3350.0,2843.0,Maize,12.19797814,17.825,7.484918033,64.81412568,1001.08,6272.08,2723.06,1.567650273,6.1,76.0,9524.05,April,Sudurpashchim
2012,Achham,3414.0,970.0,Millet,12.19797814,17.825,7.484918033,64.81412568,1001.08,6272.08,2723.06,1.567650273,6.1,76.0,3311.58,August,Sudurpashchim
2012,Achham,0.0,0.0,Buckwheat,12.19797814,17.825,7.484918033,64.81412568,1001.08,6272.08,2723.06,1.567650273,6.1,76.0,0.0,September,Sudurpashchim
2012,Achham,15332.0,1575.0,Wheat,12.19797814,17.825,7.484918033,64.81412568,1001.08,6272.08,2723.06,1.567650273,6.1,76.0,24147.9,November,Sudurpashchim
2012,Achham,512.0,1100.0,Barley,12.19797814,17.825,7.484918033,64.81412568,1001.08,6272.08,2723.06,1.567650273,6.1,76.0,563.2,November,Sudurpashchim
2012,Arghakhanchi,8672.0,2933.0,Rice,19.7384153,25.37945355,15.43775956,55.64431694,1503.12,6587.61,3028.14,1.765819672,5.9,612.0,25434.976,July,Lumbini
2012,Arghakhanchi,16914.0,2923.0,Maize,19.7384153,25.37945355,15.43775956,55.64431694,1503.12,6587.61,3028.14,1.765819672,5.9,612.0,49439.622,April,Lumbini
2012,Arghakhanchi,505.0,1200.0,Millet,19.7384153,25.37945355,15.43775956,55.64431694,1503.12,6587.61,3028.14,1.765819672,5.9,612.0,606.0,August,Lumbini
2012,Arghakhanchi,275.0,891.0,Buckwheat,19.7384153,25.37945355,15.43775956,55.64431694,1503.12,6587.61,3028.14,1.765819672,5.9,612.0,245.025,September,Lumbini
2012,Arghakhanchi,7340.0,1866.0,Wheat,19.7384153,25.37945355,15.43775956,55.64431694,1503.12,6587.61,3028.14,1.765819672,5.9,612.0,13696.44,November,Lumbini
2012,Arghakhanchi,475.0,1200.0,Barley,19.7384153,25.37945355,15.43775956,55.64431694,1503.12,6587.61,3028.14,1.765819672,5.9,612.0,570.0,November,Lumbini
2012,Baglung,5934.0,3087.0,Rice,19.26103825,24.76915301,14.97270492,57.13614754,1519.52,6273.68,2705.23,1.565382514,5.7,439.0,18318.258,July,Gandaki
2012,Baglung,20344.0,2786.0,Maize,19.26103825,24.76915301,14.97270492,57.13614754,1519.52,6273.68,2705.23,1.565382514,5.7,439.0,56678.384,April,Gandaki
2012,Baglung,18635.0,1180.0,Millet,19.26103825,24.76915301,14.97270492,57.13614754,1519.52,6273.68,2705.23,1.565382514,5.7,439.0,21989.3,August,Gandaki
2012,Baglung,82.0,1451.0,Buckwheat,19.26103825,24.76915301,14.97270492,57.13614754,1519.52,6273.68,2705.23,1.565382514,5.7,439.0,118.982,September,Gandaki
2012,Baglung,7060.0,1884.0,Wheat,19.26103825,24.76915301,14.97270492,57.13614754,1519.52,6273.68,2705.23,1.565382514,5.7,439.0,13301.04,November,Gandaki
2012,Baglung,978.0,1251.0,Barley,19.26103825,24.76915301,14.97270492,57.13614754,1519.52,6273.68,2705.23,1.565382514,5.7,439.0,1223.478,November,Gandaki
2012,Baitadi,6500.0,2197.0,Rice,10.84035519,16.7192623,5.826885246,63.01948087,679.69,6581.86,2899.42,1.645546448,6.0,109.0,14280.5,July,Sudurpashchim
2012,Baitadi,14500.0,1300.0,Maize,10.84035519,16.7192623,5.826885246,63.01948087,679.69,6581.86,2899.42,1.645546448,6.0,109.0,18850.0,April,Sudurpashchim
2012,Baitadi,700.0,1300.0,Millet,10.84035519,16.7192623,5.826885246,63.01948087,679.69,6581.86,2899.42,1.645546448,6.0,109.0,910.0,August,Sudurpashchim
2012,Baitadi,0.0,0.0,Buckwheat,10.84035519,16.7192623,5.826885246,63.01948087,679.69,6581.86,2899.42,1.645546448,6.0,109.0,0.0,September,Sudurpashchim
2012,Baitadi,12000.0,2000.0,Wheat,10.84035519,16.7192623,5.826885246,63.01948087,679.69,6581.86,2899.42,1.645546448,6.0,109.0,24000.0,November,Sudurpashchim
2012,Baitadi,1000.0,1600.0,Barley,10.84035519,16.7192623,5.826885246,63.01948087,679.69,6581.86,2899.42,1.645546448,6.0,109.0,1600.0,November,Sudurpashchim
2012,Bajhang,7006.0,2930.0,Rice,10.84035519,16.7192623,5.826885246,63.01948087,679.69,6272.08,2723.06,1.645546448,5.6,147.0,20527.58,July,Sudurpashchim
2012,Bajhang,3652.0,1800.0,Maize,10.84035519,16.7192623,5.826885246,63.01948087,679.69,6272.08,2723.06,1.645546448,5.6,147.0,6573.6,April,Sudurpashchim
2012,Bajhang,2286.0,900.0,Millet,10.84035519,16.7192623,5.826885246,63.01948087,679.69,6272.08,2723.06,1.645546448,5.6,147.0,2057.4,August,Sudurpashchim
2012,Bajhang,7.0,571.0,Buckwheat,10.84035519,16.7192623,5.826885246,63.01948087,679.69,6272.08,2723.06,1.645546448,5.6,147.0,3.997,September,Sudurpashchim
2012,Bajhang,10982.0,2000.0,Wheat,10.84035519,16.7192623,5.826885246,63.01948087,679.69,6272.08,2723.06,1.645546448,5.6,147.0,21964.0,November,Sudurpashchim
2012,Bajhang,3726.0,761.0,Barley,10.84035519,16.7192623,5.826885246,63.01948087,679.69,6272.08,2723.06,1.645546448,5.6,147.0,2835.486,November,Sudurpashchim
2012,Bajura,3310.0,2300.0,Rice,8.571448087,14.68382514,3.445737705,65.37836066,698.98,6272.08,2723.06,1.633169399,6.0,154.0,7613.0,July,Sudurpashchim
2012,Bajura,790.0,2300.0,Maize,8.571448087,14.68382514,3.445737705,65.37836066,698.98,6272.08,2723.06,1.633169399,6.0,154.0,1817.0,April,Sudurpashchim
2012,Bajura,2610.0,1000.0,Millet,8.571448087,14.68382514,3.445737705,65.37836066,698.98,6272.08,2723.06,1.633169399,6.0,154.0,2610.0,August,Sudurpashchim
2012,Bajura,7.0,1571.0,Buckwheat,8.571448087,14.68382514,3.445737705,65.37836066,698.98,6272.08,2723.06,1.633169399,6.0,154.0,10.997,September,Sudurpashchim
2012,Bajura,4950.0,1784.0,Wheat,8.571448087,14.68382514,3.445737705,65.37836066,698.98,6272.08,2723.06,1.633169399,6.0,154.0,8830.8,November,Sudurpashchim
2012,Bajura,1072.0,1399.0,Barley,8.571448087,14.68382514,3.445737705,65.37836066,698.98,6272.08,2723.06,1.633169399,6.0,154.0,1499.728,November,Sudurpashchim
2012,Banke,33675.0,3244.0,Rice,19.8702459,25.56734973,15.15844262,57.30959016,1194.6,6161.09,2718.29,1.575218579,6.4,5913.0,109241.7,July,Lumbini
2012,Banke,10697.0,2782.0,Maize,19.8702459,25.56734973,15.15844262,57.30959016,1194.6,6161.09,2718.29,1.575218579,6.4,5913.0,29759.054,April,Lumbini
2012,Banke,0.0,0.0,Millet,19.8702459,25.56734973,15.15844262,57.30959016,1194.6,6161.09,2718.29,1.575218579,6.4,5913.0,0.0,August,Lumbini
2012,Banke,0.0,0.0,Buckwheat,19.8702459,25.56734973,15.15844262,57.30959016,1194.6,6161.09,2718.29,1.575218579,6.4,5913.0,0.0,September,Lumbini
2012,Banke,17836.0,3134.0,Wheat,19.8702459,25.56734973,15.15844262,57.30959016,1194.6,6161.09,2718.29,1.575218579,6.4,5913.0,55898.024,November,Lumbini
2012,Banke,10.0,1000.0,Barley,19.8702459,25.56734973,15.15844262,57.30959016,1194.6,6161.09,2718.29,1.575218579,6.4,5913.0,10.0,November,Lumbini
2012,Bara,53400.0,4342.0,Rice,24.72868852,31.20497268,19.40486339,55.01614754,1111.25,6554.75,3003.23,1.735710383,6.7,7732.0,231862.8,July,Madhesh
2012,Bara,5150.0,4101.0,Maize,24.72868852,31.20497268,19.40486339,55.01614754,1111.25,6554.75,3003.23,1.735710383,6.7,7732.0,21120.15,April,Madhesh
2012,Bara,70.0,1300.0,Millet,24.72868852,31.20497268,19.40486339,55.01614754,1111.25,6554.75,3003.23,1.735710383,6.7,7732.0,91.0,August,Madhesh
2012,Bara,0.0,0.0,Buckwheat,24.72868852,31.20497268,19.40486339,55.01614754,1111.25,6554.75,3003.23,1.735710383,6.7,7732.0,0.0,September,Madhesh
2012,Bara,29200.0,3240.0,Wheat,24.72868852,31.20497268,19.40486339,55.01614754,1111.25,6554.75,3003.23,1.735710383,6.7,7732.0,94608.0,November,Madhesh
2012,Bara,72.0,875.0,Barley,24.72868852,31.20497268,19.40486339,55.01614754,1111.25,6554.75,3003.23,1.735710383,6.7,7732.0,63.0,November,Madhesh
2012,Bardiya,45000.0,3546.0,Rice,24.64915301,30.76404372,19.57398907,53.12789617,1208.13,6161.09,2718.29,1.737650273,6.8,7655.0,159570.0,July,Unknown
2012,Bardiya,8000.0,2500.0,Maize,24.64915301,30.76404372,19.57398907,53.12789617,1208.13,6161.09,2718.29,1.737650273,6.8,7655.0,20000.0,April,Unknown
2012,Bardiya,0.0,0.0,Millet,24.64915301,30.76404372,19.57398907,53.12789617,1208.13,6161.09,2718.29,1.737650273,6.8,7655.0,0.0,August,Unknown
2012,Bardiya,0.0,0.0,Buckwheat,24.64915301,30.76404372,19.57398907,53.12789617,1208.13,6161.09,2718.29,1.737650273,6.8,7655.0,0.0,September,Unknown
2012,Bardiya,23500.0,3166.0,Wheat,24.64915301,30.76404372,19.57398907,53.12789617,1208.13,6161.09,2718.29,1.737650273,6.8,7655.0,74401.0,November,Unknown
2012,Bardiya,10.0,1000.0,Barley,24.64915301,30.76404372,19.57398907,53.12789617,1208.13,6161.09,2718.29,1.737650273,6.8,7655.0,10.0,November,Unknown
2012,Bhaktapur,4348.0,5900.0,Rice,18.8945082,24.56300546,14.60336066,56.42721311,1029.32,6630.86,2937.65,1.56920765,5.8,2771.0,25653.2,July,Bagmati
2012,Bhaktapur,1969.0,4000.0,Maize,18.8945082,24.56300546,14.60336066,56.42721311,1029.32,6630.86,2937.65,1.56920765,5.8,2771.0,7876.0,April,Bagmati
2012,Bhaktapur,106.0,1415.0,Millet,18.8945082,24.56300546,14.60336066,56.42721311,1029.32,6630.86,2937.65,1.56920765,5.8,2771.0,149.99,August,Bagmati
2012,Bhaktapur,0.0,0.0,Buckwheat,18.8945082,24.56300546,14.60336066,56.42721311,1029.32,6630.86,2937.65,1.56920765,5.8,2771.0,0.0,September,Bagmati
2012,Bhaktapur,3150.0,3670.0,Wheat,18.8945082,24.56300546,14.60336066,56.42721311,1029.32,6630.86,2937.65,1.56920765,5.8,2771.0,11560.5,November,Bagmati
2012,Bhaktapur,50.0,1100.0,Barley,18.8945082,24.56300546,14.60336066,56.42721311,1029.32,6630.86,2937.65,1.56920765,5.8,2771.0,55.0,November,Bagmati
2012,Bhojpur,16150.0,2743.0,Rice,4.855601093,10.40696721,0.721393443,70.49827869,918.14,5907.77,2588.9,1.661502732,5.4,15732.0,44299.45,July,Koshi
2012,Bhojpur,25790.0,2965.0,Maize,4.855601093,10.40696721,0.721393443,70.49827869,918.14,5907.77,2588.9,1.661502732,5.4,15732.0,76467.35,April,Koshi
2012,Bhojpur,5505.0,800.0,Millet,4.855601093,10.40696721,0.721393443,70.49827869,918.14,5907.77,2588.9,1.661502732,5.4,15732.0,4404.0,August,Koshi
2012,Bhojpur,17.0,706.0,Buckwheat,4.855601093,10.40696721,0.721393443,70.49827869,918.14,5907.77,2588.9,1.661502732,5.4,15732.0,12.002,September,Koshi
2012,Bhojpur,2510.0,2199.0,Wheat,4.855601093,10.40696721,0.721393443,70.49827869,918.14,5907.77,2588.9,1.661502732,5.4,15732.0,5519.49,November,Koshi
2012,Bhojpur,25.0,1000.0,Barley,4.855601093,10.40696721,0.721393443,70.49827869,918.14,5907.77,2588.9,1.661502732,5.4,15732.0,25.0,November,Koshi
2012,Chitwan,28625.0,3312.0,Rice,24.15693989,30.26185792,19.16431694,54.58882514,1200.67,6554.75,3003.23,1.449699454,6.1,615.0,94806.0,July,Bagmati
2012,Chitwan,3490.0,3009.0,Maize,24.15693989,30.26185792,19.16431694,54.58882514,1200.67,6554.75,3003.23,1.449699454,6.1,615.0,10501.41,April,Bagmati
2012,Chitwan,1650.0,1000.0,Millet,24.15693989,30.26185792,19.16431694,54.58882514,1200.67,6554.75,3003.23,1.449699454,6.1,615.0,1650.0,August,Bagmati
2012,Chitwan,0.0,0.0,Buckwheat,24.15693989,30.26185792,19.16431694,54.58882514,1200.67,6554.75,3003.23,1.449699454,6.1,615.0,0.0,September,Bagmati
2012,Chitwan,8750.0,3443.0,Wheat,24.15693989,30.26185792,19.16431694,54.58882514,1200.67,6554.75,3003.23,1.449699454,6.1,615.0,30126.25,November,Bagmati
2012,Chitwan,50.0,1000.0,Barley,24.15693989,30.26185792,19.16431694,54.58882514,1200.67,6554.75,3003.23,1.449699454,6.1,615.0,50.0,November,Bagmati
2012,Dadeldhura,6221.0,2638.0,Rice,15.7352459,21.69699454,10.71967213,56.91737705,810.61,6581.86,2899.42,1.496557377,5.9,10437.0,16410.998,July,Sudurpashchim
2012,Dadeldhura,3744.0,2200.0,Maize,15.7352459,21.69699454,10.71967213,56.91737705,810.61,6581.86,2899.42,1.496557377,5.9,10437.0,8236.8,April,Sudurpashchim
2012,Dadeldhura,320.0,813.0,Millet,15.7352459,21.69699454,10.71967213,56.91737705,810.61,6581.86,2899.42,1.496557377,5.9,10437.0,260.16,August,Sudurpashchim
2012,Dadeldhura,0.0,0.0,Buckwheat,15.7352459,21.69699454,10.71967213,56.91737705,810.61,6581.86,2899.42,1.496557377,5.9,10437.0,0.0,September,Sudurpashchim
2012,Dadeldhura,8710.0,2180.0,Wheat,15.7352459,21.69699454,10.71967213,56.91737705,810.61,6581.86,2899.42,1.496557377,5.9,10437.0,18987.8,November,Sudurpashchim
2012,Dadeldhura,220.0,950.0,Barley,15.7352459,21.69699454,10.71967213,56.91737705,810.61,6581.86,2899.42,1.496557377,5.9,10437.0,209.0,November,Sudurpashchim
2012,Dailekh,8507.0,3051.0,Rice,12.19797814,17.825,7.484918033,64.81412568,1001.08,6161.09,2718.29,1.567650273,5.9,18.0,25954.857,July,Karnali
2012,Dailekh,20150.0,1835.0,Maize,12.19797814,17.825,7.484918033,64.81412568,1001.08,6161.09,2718.29,1.567650273,5.9,18.0,36975.25,April,Karnali
2012,Dailekh,2422.0,1091.0,Millet,12.19797814,17.825,7.484918033,64.81412568,1001.08,6161.09,2718.29,1.567650273,5.9,18.0,2642.402,August,Karnali
2012,Dailekh,29.0,690.0,Buckwheat,12.19797814,17.825,7.484918033,64.81412568,1001.08,6161.09,2718.29,1.567650273,5.9,18.0,20.01,September,Karnali
2012,Dailekh,16850.0,1615.0,Wheat,12.19797814,17.825,7.484918033,64.81412568,1001.08,6161.09,2718.29,1.567650273,5.9,18.0,27212.75,November,Karnali
2012,Dailekh,195.0,1338.0,Barley,12.19797814,17.825,7.484918033,64.81412568,1001.08,6161.09,2718.29,1.567650273,5.9,18.0,260.91,November,Karnali
2012,Dang,37500.0,4197.0,Rice,21.69521858,27.48163934,17.05005464,55.74281421,1333.71,6396.0,2763.86,1.875027322,5.8,24.0,157387.5,July,Lumbini
2012,Dang,23400.0,2004.0,Maize,21.69521858,27.48163934,17.05005464,55.74281421,1333.71,6396.0,2763.86,1.875027322,5.8,24.0,46893.6,April,Lumbini
2012,Dang,20.0,1000.0,Millet,21.69521858,27.48163934,17.05005464,55.74281421,1333.71,6396.0,2763.86,1.875027322,5.8,24.0,20.0,August,Lumbini
2012,Dang,0.0,0.0,Buckwheat,21.69521858,27.48163934,17.05005464,55.74281421,1333.71,6396.0,2763.86,1.875027322,5.8,24.0,0.0,September,Lumbini
2012,Dang,12650.0,2371.0,Wheat,21.69521858,27.48163934,17.05005464,55.74281421,1333.71,6396.0,2763.86,1.875027322,5.8,24.0,29993.15,November,Lumbini
2012,Dang,50.0,1000.0,Barley,21.69521858,27.48163934,17.05005464,55.74281421,1333.71,6396.0,2763.86,1.875027322,5.8,24.0,50.0,November,Lumbini
2012,Darchula,4480.0,2461.0,Rice,5.507131148,11.3276776,0.522568306,65.08434426,516.34,6581.86,2899.42,1.798442623,6.0,11824.0,11025.28,July,Sudurpashchim
2012,Darchula,5530.0,2036.0,Maize,5.507131148,11.3276776,0.522568306,65.08434426,516.34,6581.86,2899.42,1.798442623,6.0,11824.0,11259.08,April,Sudurpashchim
2012,Darchula,1310.0,600.0,Millet,5.507131148,11.3276776,0.522568306,65.08434426,516.34,6581.86,2899.42,1.798442623,6.0,11824.0,786.0,August,Sudurpashchim
2012,Darchula,100.0,800.0,Buckwheat,5.507131148,11.3276776,0.522568306,65.08434426,516.34,6581.86,2899.42,1.798442623,6.0,11824.0,80.0,September,Sudurpashchim
2012,Darchula,5965.0,2232.0,Wheat,5.507131148,11.3276776,0.522568306,65.08434426,516.34,6581.86,2899.42,1.798442623,6.0,11824.0,13313.88,November,Sudurpashchim
2012,Darchula,1116.0,1496.0,Barley,5.507131148,11.3276776,0.522568306,65.08434426,516.34,6581.86,2899.42,1.798442623,6.0,11824.0,1669.536,November,Sudurpashchim
2012,Dhading,12262.0,2720.0,Rice,14.78754098,20.41849727,10.24057377,57.50527322,995.72,6554.75,3003.23,1.583743169,5.5,16.0,33352.64,July,Bagmati
2012,Dhading,14873.0,1639.0,Maize,14.78754098,20.41849727,10.24057377,57.50527322,995.72,6554.75,3003.23,1.583743169,5.5,16.0,24376.847,April,Bagmati
2012,Dhading,6930.0,930.0,Millet,14.78754098,20.41849727,10.24057377,57.50527322,995.72,6554.75,3003.23,1.583743169,5.5,16.0,6444.9,August,Bagmati
2012,Dhading,0.0,0.0,Buckwheat,14.78754098,20.41849727,10.24057377,57.50527322,995.72,6554.75,3003.23,1.583743169,5.5,16.0,0.0,September,Bagmati
2012,Dhading,4810.0,2516.0,Wheat,14.78754098,20.41849727,10.24057377,57.50527322,995.72,6554.75,3003.23,1.583743169,5.5,16.0,12101.96,November,Bagmati
2012,Dhading,350.0,1029.0,Barley,14.78754098,20.41849727,10.24057377,57.50527322,995.72,6554.75,3003.23,1.583743169,5.5,16.0,360.15,November,Bagmati
2012,Dhankuta,8495.0,2220.0,Rice,19.87434426,25.57213115,15.47114754,59.79885246,1136.63,6069.62,2704.59,1.478306011,5.8,6572.0,18858.9,July,Koshi
2012,Dhankuta,18200.0,2160.0,Maize,19.87434426,25.57213115,15.47114754,59.79885246,1136.63,6069.62,2704.59,1.478306011,5.8,6572.0,39312.0,April,Koshi
2012,Dhankuta,7780.0,1000.0,Millet,19.87434426,25.57213115,15.47114754,59.79885246,1136.63,6069.62,2704.59,1.478306011,5.8,6572.0,7780.0,August,Koshi
2012,Dhankuta,0.0,0.0,Buckwheat,19.87434426,25.57213115,15.47114754,59.79885246,1136.63,6069.62,2704.59,1.478306011,5.8,6572.0,0.0,September,Koshi
2012,Dhankuta,1400.0,2418.0,Wheat,19.87434426,25.57213115,15.47114754,59.79885246,1136.63,6069.62,2704.59,1.478306011,5.8,6572.0,3385.2,November,Koshi
2012,Dhankuta,10.0,1000.0,Barley,19.87434426,25.57213115,15.47114754,59.79885246,1136.63,6069.62,2704.59,1.478306011,5.8,6572.0,10.0,November,Koshi
2012,Dhanusha,45790.0,2731.0,Rice,22.40521858,28.63081967,17.60581967,53.94174863,984.93,6328.07,2820.79,1.771639344,6.6,1542.0,125052.49,July,Madhesh
2012,Dhanusha,2019.0,3300.0,Maize,22.40521858,28.63081967,17.60581967,53.94174863,984.93,6328.07,2820.79,1.771639344,6.6,1542.0,6662.7,April,Madhesh
2012,Dhanusha,300.0,1000.0,Millet,22.40521858,28.63081967,17.60581967,53.94174863,984.93,6328.07,2820.79,1.771639344,6.6,1542.0,300.0,August,Madhesh
2012,Dhanusha,0.0,0.0,Buckwheat,22.40521858,28.63081967,17.60581967,53.94174863,984.93,6328.07,2820.79,1.771639344,6.6,1542.0,0.0,September,Madhesh
2012,Dhanusha,40000.0,2700.0,Wheat,22.40521858,28.63081967,17.60581967,53.94174863,984.93,6328.07,2820.79,1.771639344,6.6,1542.0,108000.0,November,Madhesh
2012,Dhanusha,1.0,1000.0,Barley,22.40521858,28.63081967,17.60581967,53.94174863,984.93,6328.07,2820.79,1.771639344,6.6,1542.0,1.0,November,Madhesh
2012,Dolakha,3150.0,1786.0,Rice,1.259344262,7.281639344,-3.481803279,64.23786885,593.53,6323.39,2805.12,2.187513661,6.5,11408.0,5625.9,July,Bagmati
2012,Dolakha,5009.0,2093.0,Maize,1.259344262,7.281639344,-3.481803279,64.23786885,593.53,6323.39,2805.12,2.187513661,6.5,11408.0,10483.837,April,Bagmati
2012,Dolakha,3568.0,1177.0,Millet,1.259344262,7.281639344,-3.481803279,64.23786885,593.53,6323.39,2805.12,2.187513661,6.5,11408.0,4199.536,August,Bagmati
2012,Dolakha,450.0,891.0,Buckwheat,1.259344262,7.281639344,-3.481803279,64.23786885,593.53,6323.39,2805.12,2.187513661,6.5,11408.0,400.95,September,Bagmati
2012,Dolakha,4650.0,1350.0,Wheat,1.259344262,7.281639344,-3.481803279,64.23786885,593.53,6323.39,2805.12,2.187513661,6.5,11408.0,6277.5,November,Bagmati
2012,Dolakha,200.0,1050.0,Barley,1.259344262,7.281639344,-3.481803279,64.23786885,593.53,6323.39,2805.12,2.187513661,6.5,11408.0,210.0,November,Bagmati
2012,Dolpa,276.0,2065.0,Rice,-2.113442623,4.066256831,-7.292595628,68.03666667,1087.98,6396.0,2763.86,1.964125683,6.6,1248.0,569.94,July,Karnali
2012,Dolpa,2177.0,103.0,Maize,-2.113442623,4.066256831,-7.292595628,68.03666667,1087.98,6396.0,2763.86,1.964125683,6.6,1248.0,224.231,April,Karnali
2012,Dolpa,390.0,700.0,Millet,-2.113442623,4.066256831,-7.292595628,68.03666667,1087.98,6396.0,2763.86,1.964125683,6.6,1248.0,273.0,August,Karnali
2012,Dolpa,703.0,899.0,Buckwheat,-2.113442623,4.066256831,-7.292595628,68.03666667,1087.98,6396.0,2763.86,1.964125683,6.6,1248.0,631.997,September,Karnali
2012,Dolpa,2600.0,2423.0,Wheat,-2.113442623,4.066256831,-7.292595628,68.03666667,1087.98,6396.0,2763.86,1.964125683,6.6,1248.0,6299.8,November,Karnali
2012,Dolpa,300.0,1667.0,Barley,-2.113442623,4.066256831,-7.292595628,68.03666667,1087.98,6396.0,2763.86,1.964125683,6.6,1248.0,500.1,November,Karnali
2012,Doti,11715.0,1950.0,Rice,15.7352459,21.69699454,10.71967213,56.91737705,810.61,6581.86,2899.42,1.496557377,5.9,22.0,22844.25,July,Sudurpashchim
2012,Doti,2630.0,1992.0,Maize,15.7352459,21.69699454,10.71967213,56.91737705,810.61,6581.86,2899.42,1.496557377,5.9,22.0,5238.96,April,Sudurpashchim
2012,Doti,5810.0,1000.0,Millet,15.7352459,21.69699454,10.71967213,56.91737705,810.61,6581.86,2899.42,1.496557377,5.9,22.0,5810.0,August,Sudurpashchim
2012,Doti,5.0,1600.0,Buckwheat,15.7352459,21.69699454,10.71967213,56.91737705,810.61,6581.86,2899.42,1.496557377,5.9,22.0,8.0,September,Sudurpashchim
2012,Doti,16150.0,2100.0,Wheat,15.7352459,21.69699454,10.71967213,56.91737705,810.61,6581.86,2899.42,1.496557377,5.9,22.0,33915.0,November,Sudurpashchim
2012,Doti,240.0,1000.0,Barley,15.7352459,21.69699454,10.71967213,56.91737705,810.61,6581.86,2899.42,1.496557377,5.9,22.0,240.0,November,Sudurpashchim
2012,Gorkha,12661.0,2966.0,Rice,14.78754098,20.41849727,10.24057377,57.50527322,995.72,6554.75,3003.23,1.583743169,5.5,348.0,37552.526,July,Gandaki
2012,Gorkha,19353.0,2350.0,Maize,14.78754098,20.41849727,10.24057377,57.50527322,995.72,6554.75,3003.23,1.583743169,5.5,348.0,45479.55,April,Gandaki
2012,Gorkha,11605.0,1200.0,Millet,14.78754098,20.41849727,10.24057377,57.50527322,995.72,6554.75,3003.23,1.583743169,5.5,348.0,13926.0,August,Gandaki
2012,Gorkha,392.0,1008.0,Buckwheat,14.78754098,20.41849727,10.24057377,57.50527322,995.72,6554.75,3003.23,1.583743169,5.5,348.0,395.136,September,Gandaki
2012,Gorkha,3910.0,1850.0,Wheat,14.78754098,20.41849727,10.24057377,57.50527322,995.72,6554.75,3003.23,1.583743169,5.5,348.0,7233.5,November,Gandaki
2012,Gorkha,107.0,1103.0,Barley,14.78754098,20.41849727,10.24057377,57.50527322,995.72,6554.75,3003.23,1.583743169,5.5,348.0,118.021,November,Gandaki
2012,Gulmi,10408.0,2144.0,Rice,19.7384153,25.37945355,15.43775956,55.64431694,1503.12,6587.61,3028.14,1.765819672,6.1,980.0,22314.752,July,Lumbini
2012,Gulmi,24856.0,2355.0,Maize,19.7384153,25.37945355,15.43775956,55.64431694,1503.12,6587.61,3028.14,1.765819672,6.1,980.0,58535.88,April,Lumbini
2012,Gulmi,2918.0,887.0,Millet,19.7384153,25.37945355,15.43775956,55.64431694,1503.12,6587.61,3028.14,1.765819672,6.1,980.0,2588.266,August,Lumbini
2012,Gulmi,199.0,1030.0,Buckwheat,19.7384153,25.37945355,15.43775956,55.64431694,1503.12,6587.61,3028.14,1.765819672,6.1,980.0,204.97,September,Lumbini
2012,Gulmi,8105.0,1980.0,Wheat,19.7384153,25.37945355,15.43775956,55.64431694,1503.12,6587.61,3028.14,1.765819672,6.1,980.0,16047.9,November,Lumbini
2012,Gulmi,380.0,1650.0,Barley,19.7384153,25.37945355,15.43775956,55.64431694,1503.12,6587.61,3028.14,1.765819672,6.1,980.0,627.0,November,Lumbini
2012,Humla,575.0,1591.0,Rice,-1.190846995,4.879836066,-6.317103825,72.93418033,417.37,7354.33,3072.15,2.100983607,6.5,529.0,914.825,July,Karnali
2012,Humla,112.0,1527.0,Maize,-1.190846995,4.879836066,-6.317103825,72.93418033,417.37,7354.33,3072.15,2.100983607,6.5,529.0,171.024,April,Karnali
2012,Humla,1216.0,1053.0,Millet,-1.190846995,4.879836066,-6.317103825,72.93418033,417.37,7354.33,3072.15,2.100983607,6.5,529.0,1280.448,August,Karnali
2012,Humla,670.0,900.0,Buckwheat,-1.190846995,4.879836066,-6.317103825,72.93418033,417.37,7354.33,3072.15,2.100983607,6.5,529.0,603.0,September,Karnali
2012,Humla,1015.0,1156.0,Wheat,-1.190846995,4.879836066,-6.317103825,72.93418033,417.37,7354.33,3072.15,2.100983607,6.5,529.0,1173.34,November,Karnali
2012,Humla,687.0,1233.0,Barley,-1.190846995,4.879836066,-6.317103825,72.93418033,417.37,7354.33,3072.15,2.100983607,6.5,529.0,847.071,November,Karnali
2012,Illam,14815.0,3050.0,Rice,18.37101093,23.88368852,14.31838798,61.73382514,1398.04,5907.77,2588.9,1.261530055,5.5,0.0,45185.75,July,Unknown
2012,Illam,31480.0,2490.0,Maize,18.37101093,23.88368852,14.31838798,61.73382514,1398.04,5907.77,2588.9,1.261530055,5.5,0.0,78385.2,April,Unknown
2012,Illam,3000.0,890.0,Millet,18.37101093,23.88368852,14.31838798,61.73382514,1398.04,5907.77,2588.9,1.261530055,5.5,0.0,2670.0,August,Unknown
2012,Illam,25.0,680.0,Buckwheat,18.37101093,23.88368852,14.31838798,61.73382514,1398.04,5907.77,2588.9,1.261530055,5.5,0.0,17.0,September,Unknown
2012,Illam,4700.0,2757.0,Wheat,18.37101093,23.88368852,14.31838798,61.73382514,1398.04,5907.77,2588.9,1.261530055,5.5,0.0,12957.9,November,Unknown
2012,Illam,55.0,909.0,Barley,18.37101093,23.88368852,14.31838798,61.73382514,1398.04,5907.77,2588.9,1.261530055,5.5,0.0,49.995,November,Unknown
2012,Jajarkot,3737.0,2784.0,Rice,21.69521858,27.48163934,17.05005464,55.74281421,1333.71,6396.0,2763.86,1.875027322,6.2,1033.0,10403.808,July,Karnali
2012,Jajarkot,7890.0,1512.0,Maize,21.69521858,27.48163934,17.05005464,55.74281421,1333.71,6396.0,2763.86,1.875027322,6.2,1033.0,11929.68,April,Karnali
2012,Jajarkot,2106.0,1832.0,Millet,21.69521858,27.48163934,17.05005464,55.74281421,1333.71,6396.0,2763.86,1.875027322,6.2,1033.0,3858.192,August,Karnali
2012,Jajarkot,28.0,1107.0,Buckwheat,21.69521858,27.48163934,17.05005464,55.74281421,1333.71,6396.0,2763.86,1.875027322,6.2,1033.0,30.996,September,Karnali
2012,Jajarkot,11900.0,1251.0,Wheat,21.69521858,27.48163934,17.05005464,55.74281421,1333.71,6396.0,2763.86,1.875027322,6.2,1033.0,14886.9,November,Karnali
2012,Jajarkot,600.0,600.0,Barley,21.69521858,27.48163934,17.05005464,55.74281421,1333.71,6396.0,2763.86,1.875027322,6.2,1033.0,360.0,November,Karnali
2012,Jhapa,86700.0,3700.0,Rice,24.03262295,29.88825137,19.47163934,60.68797814,1677.82,6069.62,2704.59,1.605027322,5.7,90.0,320790.0,July,Koshi
2012,Jhapa,36185.0,2270.0,Maize,24.03262295,29.88825137,19.47163934,60.68797814,1677.82,6069.62,2704.59,1.605027322,5.7,90.0,82139.95,April,Koshi
2012,Jhapa,1785.0,1000.0,Millet,24.03262295,29.88825137,19.47163934,60.68797814,1677.82,6069.62,2704.59,1.605027322,5.7,90.0,1785.0,August,Koshi
2012,Jhapa,1265.0,1000.0,Buckwheat,24.03262295,29.88825137,19.47163934,60.68797814,1677.82,6069.62,2704.59,1.605027322,5.7,90.0,1265.0,September,Koshi
2012,Jhapa,6500.0,3346.0,Wheat,24.03262295,29.88825137,19.47163934,60.68797814,1677.82,6069.62,2704.59,1.605027322,5.7,90.0,21749.0,November,Koshi
2012,Jhapa,8.0,750.0,Barley,24.03262295,29.88825137,19.47163934,60.68797814,1677.82,6069.62,2704.59,1.605027322,5.7,90.0,6.0,November,Koshi
2012,Jumla,2950.0,2200.0,Rice,8.571448087,14.68382514,3.445737705,65.37836066,698.98,6701.11,2816.56,1.633169399,6.5,11618.0,6490.0,July,Karnali
2012,Jumla,4500.0,1200.0,Maize,8.571448087,14.68382514,3.445737705,65.37836066,698.98,6701.11,2816.56,1.633169399,6.5,11618.0,5400.0,April,Karnali
2012,Jumla,3800.0,1200.0,Millet,8.571448087,14.68382514,3.445737705,65.37836066,698.98,6701.11,2816.56,1.633169399,6.5,11618.0,4560.0,August,Karnali
2012,Jumla,290.0,1000.0,Buckwheat,8.571448087,14.68382514,3.445737705,65.37836066,698.98,6701.11,2816.56,1.633169399,6.5,11618.0,290.0,September,Karnali
2012,Jumla,2450.0,2200.0,Wheat,8.571448087,14.68382514,3.445737705,65.37836066,698.98,6701.11,2816.56,1.633169399,6.5,11618.0,5390.0,November,Karnali
2012,Jumla,3950.0,1853.0,Barley,8.571448087,14.68382514,3.445737705,65.37836066,698.98,6701.11,2816.56,1.633169399,6.5,11618.0,7319.35,November,Karnali
2012,Kailali,64400.0,2888.0,Rice,25.00278689,31.4004918,19.57245902,53.0618306,1130.61,6203.38,2761.13,1.637486339,6.6,0.0,185987.2,July,Sudurpashchim
2012,Kailali,5700.0,2105.0,Maize,25.00278689,31.4004918,19.57245902,53.0618306,1130.61,6203.38,2761.13,1.637486339,6.6,0.0,11998.5,April,Sudurpashchim
2012,Kailali,400.0,1125.0,Millet,25.00278689,31.4004918,19.57245902,53.0618306,1130.61,6203.38,2761.13,1.637486339,6.6,0.0,450.0,August,Sudurpashchim
2012,Kailali,25.0,1000.0,Buckwheat,25.00278689,31.4004918,19.57245902,53.0618306,1130.61,6203.38,2761.13,1.637486339,6.6,0.0,25.0,September,Sudurpashchim
2012,Kailali,34500.0,2000.0,Wheat,25.00278689,31.4004918,19.57245902,53.0618306,1130.61,6203.38,2761.13,1.637486339,6.6,0.0,69000.0,November,Sudurpashchim
2012,Kailali,550.0,1200.0,Barley,25.00278689,31.4004918,19.57245902,53.0618306,1130.61,6203.38,2761.13,1.637486339,6.6,0.0,660.0,November,Sudurpashchim
2012,Kalikot,3062.0,2038.0,Rice,12.19797814,17.825,7.484918033,64.81412568,1001.08,6272.08,2723.06,1.567650273,6.2,17454.0,6240.356,July,Karnali
2012,Kalikot,2520.0,2069.0,Maize,12.19797814,17.825,7.484918033,64.81412568,1001.08,6272.08,2723.06,1.567650273,6.2,17454.0,5213.88,April,Karnali
2012,Kalikot,1232.0,1048.0,Millet,12.19797814,17.825,7.484918033,64.81412568,1001.08,6272.08,2723.06,1.567650273,6.2,17454.0,1291.136,August,Karnali
2012,Kalikot,105.0,1410.0,Buckwheat,12.19797814,17.825,7.484918033,64.81412568,1001.08,6272.08,2723.06,1.567650273,6.2,17454.0,148.05,September,Karnali
2012,Kalikot,5450.0,1751.0,Wheat,12.19797814,17.825,7.484918033,64.81412568,1001.08,6272.08,2723.06,1.567650273,6.2,17454.0,9542.95,November,Karnali
2012,Kalikot,1028.0,730.0,Barley,12.19797814,17.825,7.484918033,64.81412568,1001.08,6272.08,2723.06,1.567650273,6.2,17454.0,750.44,November,Karnali
2012,Kanchanpur,44500.0,3115.0,Rice,21.53188525,27.98038251,16.27579235,54.3192623,1044.89,6328.83,2810.73,1.073196721,6.2,35.0,138617.5,July,Sudurpashchim
2012,Kanchanpur,5950.0,1756.0,Maize,21.53188525,27.98038251,16.27579235,54.3192623,1044.89,6328.83,2810.73,1.073196721,6.2,35.0,10448.2,April,Sudurpashchim
2012,Kanchanpur,0.0,0.0,Millet,21.53188525,27.98038251,16.27579235,54.3192623,1044.89,6328.83,2810.73,1.073196721,6.2,35.0,0.0,August,Sudurpashchim
2012,Kanchanpur,0.0,0.0,Buckwheat,21.53188525,27.98038251,16.27579235,54.3192623,1044.89,6328.83,2810.73,1.073196721,6.2,35.0,0.0,September,Sudurpashchim
2012,Kanchanpur,32255.0,2239.0,Wheat,21.53188525,27.98038251,16.27579235,54.3192623,1044.89,6328.83,2810.73,1.073196721,6.2,35.0,72218.945,November,Sudurpashchim
2012,Kanchanpur,10.0,1000.0,Barley,21.53188525,27.98038251,16.27579235,54.3192623,1044.89,6328.83,2810.73,1.073196721,6.2,35.0,10.0,November,Sudurpashchim
2012,Kapilbastu,71000.0,2889.0,Rice,24.96748634,31.22442623,19.79620789,53.54174863,1368.77,6587.61,3028.14,1.776994536,6.9,7607.0,205119.0,July,Lumbini
2012,Kapilbastu,1400.0,2393.0,Maize,24.96748634,31.22442623,19.79620789,53.54174863,1368.77,6587.61,3028.14,1.776994536,6.9,7607.0,3350.2,April,Lumbini
2012,Kapilbastu,0.0,0.0,Millet,24.96748634,31.22442623,19.79620789,53.54174863,1368.77,6587.61,3028.14,1.776994536,6.9,7607.0,0.0,August,Lumbini
2012,Kapilbastu,0.0,0.0,Buckwheat,24.96748634,31.22442623,19.79620789,53.54174863,1368.77,6587.61,3028.14,1.776994536,6.9,7607.0,0.0,September,Lumbini
2012,Kapilbastu,27250.0,2982.0,Wheat,24.96748634,31.22442623,19.79620789,53.54174863,1368.77,6587.61,3028.14,1.776994536,6.9,7607.0,81259.5,November,Lumbini
2012,Kapilbastu,200.0,2000.0,Barley,24.96748634,31.22442623,19.79620789,53.54174863,1368.77,6587.61,3028.14,1.776994536,6.9,7607.0,400.0,November,Lumbini
2012,Kaski,21500.0,3640.0,Rice,4.696311475,10.24994536,0.166857923,66.44325137,934.96,6104.93,2685.68,1.760027322,6.7,14589.0,78260.0,July,Gandaki
2012,Kaski,15573.0,2732.0,Maize,4.696311475,10.24994536,0.166857923,66.44325137,934.96,6104.93,2685.68,1.760027322,6.7,14589.0,42545.436,April,Gandaki
2012,Kaski,14757.0,1158.0,Millet,4.696311475,10.24994536,0.166857923,66.44325137,934.96,6104.93,2685.68,1.760027322,6.7,14589.0,17088.606,August,Gandaki
2012,Kaski,14.0,1143.0,Buckwheat,4.696311475,10.24994536,0.166857923,66.44325137,934.96,6104.93,2685.68,1.760027322,6.7,14589.0,16.002,September,Gandaki
2012,Kaski,6821.0,2360.0,Wheat,4.696311475,10.24994536,0.166857923,66.44325137,934.96,6104.93,2685.68,1.760027322,6.7,14589.0,16097.56,November,Gandaki
2012,Kaski,131.0,863.0,Barley,4.696311475,10.24994536,0.166857923,66.44325137,934.96,6104.93,2685.68,1.760027322,6.7,14589.0,113.053,November,Gandaki
2012,Kathmandu,7950.0,6101.0,Rice,18.8945082,24.56300546,14.60336066,56.42721311,1029.32,6630.86,2937.65,1.56920765,6.5,1638.0,48502.95,July,Bagmati
2012,Kathmandu,7100.0,3831.0,Maize,18.8945082,24.56300546,14.60336066,56.42721311,1029.32,6630.86,2937.65,1.56920765,6.5,1638.0,27200.1,April,Bagmati
2012,Kathmandu,850.0,1000.0,Millet,18.8945082,24.56300546,14.60336066,56.42721311,1029.32,6630.86,2937.65,1.56920765,6.5,1638.0,850.0,August,Bagmati
2012,Kathmandu,5.0,1000.0,Buckwheat,18.8945082,24.56300546,14.60336066,56.42721311,1029.32,6630.86,2937.65,1.56920765,6.5,1638.0,5.0,September,Bagmati
2012,Kathmandu,4829.0,3342.0,Wheat,18.8945082,24.56300546,14.60336066,56.42721311,1029.32,6630.86,2937.65,1.56920765,6.5,1638.0,16138.518,November,Bagmati
2012,Kathmandu,8.0,1000.0,Barley,18.8945082,24.56300546,14.60336066,56.42721311,1029.32,6630.86,2937.65,1.56920765,6.5,1638.0,8.0,November,Bagmati
2012,Kavre,10310.0,3526.0,Rice,18.8945082,24.56300546,14.60336066,56.42721311,1029.32,6630.86,2937.65,1.56920765,5.7,4293.0,36353.06,July,Unknown
2012,Kavre,25353.0,1906.0,Maize,18.8945082,24.56300546,14.60336066,56.42721311,1029.32,6630.86,2937.65,1.56920765,5.7,4293.0,48322.818,April,Unknown
2012,Kavre,3505.0,1000.0,Millet,18.8945082,24.56300546,14.60336066,56.42721311,1029.32,6630.86,2937.65,1.56920765,5.7,4293.0,3505.0,August,Unknown
2012,Kavre,750.0,800.0,Buckwheat,18.8945082,24.56300546,14.60336066,56.42721311,1029.32,6630.86,2937.65,1.56920765,5.7,4293.0,600.0,September,Unknown
2012,Kavre,9950.0,2101.0,Wheat,18.8945082,24.56300546,14.60336066,56.42721311,1029.32,6630.86,2937.65,1.56920765,5.7,4293.0,20904.95,November,Unknown
2012,Kavre,750.0,1900.0,Barley,18.8945082,24.56300546,14.60336066,56.42721311,1029.32,6630.86,2937.65,1.56920765,5.7,4293.0,1425.0,November,Unknown
2012,Khotang,15200.0,1990.0,Rice,13.53948087,19.27797814,9.13010929,57.84948087,836.27,6323.39,2805.12,1.669098361,5.7,11448.0,30248.0,July,Koshi
2012,Khotang,31066.0,2229.0,Maize,13.53948087,19.27797814,9.13010929,57.84948087,836.27,6323.39,2805.12,1.669098361,5.7,11448.0,69246.114,April,Koshi
2012,Khotang,21315.0,1150.0,Millet,13.53948087,19.27797814,9.13010929,57.84948087,836.27,6323.39,2805.12,1.669098361,5.7,11448.0,24512.25,August,Koshi
2012,Khotang,710.0,570.0,Buckwheat,13.53948087,19.27797814,9.13010929,57.84948087,836.27,6323.39,2805.12,1.669098361,5.7,11448.0,404.7,September,Koshi
2012,Khotang,5535.0,2265.0,Wheat,13.53948087,19.27797814,9.13010929,57.84948087,836.27,6323.39,2805.12,1.669098361,5.7,11448.0,12536.775,November,Koshi
2012,Khotang,440.0,977.0,Barley,13.53948087,19.27797814,9.13010929,57.84948087,836.27,6323.39,2805.12,1.669098361,5.7,11448.0,429.88,November,Koshi
2012,Lalitpur,4680.0,5400.0,Rice,18.8945082,24.56300546,14.60336066,56.42721311,1029.32,6630.86,2937.65,1.56920765,6.9,193.0,25272.0,July,Bagmati
2012,Lalitpur,8589.0,2800.0,Maize,18.8945082,24.56300546,14.60336066,56.42721311,1029.32,6630.86,2937.65,1.56920765,6.9,193.0,24049.2,April,Bagmati
2012,Lalitpur,575.0,1200.0,Millet,18.8945082,24.56300546,14.60336066,56.42721311,1029.32,6630.86,2937.65,1.56920765,6.9,193.0,690.0,August,Bagmati
2012,Lalitpur,54.0,1000.0,Buckwheat,18.8945082,24.56300546,14.60336066,56.42721311,1029.32,6630.86,2937.65,1.56920765,6.9,193.0,54.0,September,Bagmati
2012,Lalitpur,4050.0,3047.0,Wheat,18.8945082,24.56300546,14.60336066,56.42721311,1029.32,6630.86,2937.65,1.56920765,6.9,193.0,12340.35,November,Bagmati
2012,Lalitpur,65.0,1077.0,Barley,18.8945082,24.56300546,14.60336066,56.42721311,1029.32,6630.86,2937.65,1.56920765,6.9,193.0,70.005,November,Bagmati
2012,Lamjung,16153.0,2607.0,Rice,4.696311475,10.24994536,0.166857923,66.44325137,934.96,6104.93,2685.68,1.760027322,5.4,1406.0,42110.871,July,Gandaki
2012,Lamjung,15900.0,2242.0,Maize,4.696311475,10.24994536,0.166857923,66.44325137,934.96,6104.93,2685.68,1.760027322,5.4,1406.0,35647.8,April,Gandaki
2012,Lamjung,7919.0,1255.0,Millet,4.696311475,10.24994536,0.166857923,66.44325137,934.96,6104.93,2685.68,1.760027322,5.4,1406.0,9938.345,August,Gandaki
2012,Lamjung,19.0,895.0,Buckwheat,4.696311475,10.24994536,0.166857923,66.44325137,934.96,6104.93,2685.68,1.760027322,5.4,1406.0,17.005,September,Gandaki
2012,Lamjung,600.0,2125.0,Wheat,4.696311475,10.24994536,0.166857923,66.44325137,934.96,6104.93,2685.68,1.760027322,5.4,1406.0,1275.0,November,Gandaki
2012,Lamjung,25.0,1000.0,Barley,4.696311475,10.24994536,0.166857923,66.44325137,934.96,6104.93,2685.68,1.760027322,5.4,1406.0,25.0,November,Gandaki
2012,Mahottari,28160.0,2968.0,Rice,25.31259563,32.05612079,19.48303279,55.68398907,1056.39,6328.07,2820.79,2.002595628,6.8,447.0,83578.88,July,Madhesh
2012,Mahottari,750.0,2000.0,Maize,25.31259563,32.05612079,19.48303279,55.68398907,1056.39,6328.07,2820.79,2.002595628,6.8,447.0,1500.0,April,Madhesh
2012,Mahottari,0.0,0.0,Millet,25.31259563,32.05612079,19.48303279,55.68398907,1056.39,6328.07,2820.79,2.002595628,6.8,447.0,0.0,August,Madhesh
2012,Mahottari,0.0,0.0,Buckwheat,25.31259563,32.05612079,19.48303279,55.68398907,1056.39,6328.07,2820.79,2.002595628,6.8,447.0,0.0,September,Madhesh
2012,Mahottari,26815.0,2361.0,Wheat,25.31259563,32.05612079,19.48303279,55.68398907,1056.39,6328.07,2820.79,2.002595628,6.8,447.0,63310.215,November,Madhesh
2012,Mahottari,10.0,1000.0,Barley,25.31259563,32.05612079,19.48303279,55.68398907,1056.39,6328.07,2820.79,2.002595628,6.8,447.0,10.0,November,Madhesh
2012,Makwanpur,11110.0,3300.0,Rice,21.72814208,27.60554645,17.22469945,55.66759563,1117.94,6554.75,3003.23,1.519016393,5.9,10709.0,36663.0,July,Bagmati
2012,Makwanpur,23636.0,2670.0,Maize,21.72814208,27.60554645,17.22469945,55.66759563,1117.94,6554.75,3003.23,1.519016393,5.9,10709.0,63108.12,April,Bagmati
2012,Makwanpur,2660.0,1224.0,Millet,21.72814208,27.60554645,17.22469945,55.66759563,1117.94,6554.75,3003.23,1.519016393,5.9,10709.0,3255.84,August,Bagmati
2012,Makwanpur,150.0,1060.0,Buckwheat,21.72814208,27.60554645,17.22469945,55.66759563,1117.94,6554.75,3003.23,1.519016393,5.9,10709.0,159.0,September,Bagmati
2012,Makwanpur,4213.0,2884.0,Wheat,21.72814208,27.60554645,17.22469945,55.66759563,1117.94,6554.75,3003.23,1.519016393,5.9,10709.0,12150.292,November,Bagmati
2012,Makwanpur,20.0,1300.0,Barley,21.72814208,27.60554645,17.22469945,55.66759563,1117.94,6554.75,3003.23,1.519016393,5.9,10709.0,26.0,November,Bagmati
2012,Manang,0.0,0.0,Rice,4.696311475,10.24994536,0.166857923,66.44325137,934.96,6104.93,2685.68,1.760027322,6.3,6257.0,0.0,July,Gandaki
2012,Manang,189.0,2566.0,Maize,4.696311475,10.24994536,0.166857923,66.44325137,934.96,6104.93,2685.68,1.760027322,6.3,6257.0,484.974,April,Gandaki
2012,Manang,0.0,0.0,Millet,4.696311475,10.24994536,0.166857923,66.44325137,934.96,6104.93,2685.68,1.760027322,6.3,6257.0,0.0,August,Gandaki
2012,Manang,221.0,2023.0,Buckwheat,4.696311475,10.24994536,0.166857923,66.44325137,934.96,6104.93,2685.68,1.760027322,6.3,6257.0,447.083,September,Gandaki
2012,Manang,258.0,2202.0,Wheat,4.696311475,10.24994536,0.166857923,66.44325137,934.96,6104.93,2685.68,1.760027322,6.3,6257.0,568.116,November,Gandaki
2012,Manang,177.0,1650.0,Barley,4.696311475,10.24994536,0.166857923,66.44325137,934.96,6104.93,2685.68,1.760027322,6.3,6257.0,292.05,November,Gandaki
2012,Morang,82840.0,3130.0,Rice,24.03702186,30.32344262,19.1068306,58.45226776,1301.58,6069.62,2704.59,1.743196721,6.8,12.0,259289.2,July,Koshi
2012,Morang,1630.0,3300.0,Maize,24.03702186,30.32344262,19.1068306,58.45226776,1301.58,6069.62,2704.59,1.743196721,6.8,12.0,5379.0,April,Koshi
2012,Morang,1510.0,1200.0,Millet,24.03702186,30.32344262,19.1068306,58.45226776,1301.58,6069.62,2704.59,1.743196721,6.8,12.0,1812.0,August,Koshi
2012,Morang,65.0,1000.0,Buckwheat,24.03702186,30.32344262,19.1068306,58.45226776,1301.58,6069.62,2704.59,1.743196721,6.8,12.0,65.0,September,Koshi
2012,Morang,16000.0,2277.0,Wheat,24.03702186,30.32344262,19.1068306,58.45226776,1301.58,6069.62,2704.59,1.743196721,6.8,12.0,36432.0,November,Koshi
2012,Morang,0.0,0.0,Barley,24.03702186,30.32344262,19.1068306,58.45226776,1301.58,6069.62,2704.59,1.743196721,6.8,12.0,0.0,November,Koshi
2012,Mugu,1394.0,1937.0,Rice,12.19797814,17.825,7.484918033,64.81412568,1001.08,6272.08,2723.06,1.567650273,5.7,15693.0,2700.178,July,Karnali
2012,Mugu,610.0,1918.0,Maize,12.19797814,17.825,7.484918033,64.81412568,1001.08,6272.08,2723.06,1.567650273,5.7,15693.0,1169.98,April,Karnali
2012,Mugu,4500.0,1000.0,Millet,12.19797814,17.825,7.484918033,64.81412568,1001.08,6272.08,2723.06,1.567650273,5.7,15693.0,4500.0,August,Karnali
2012,Mugu,500.0,1000.0,Buckwheat,12.19797814,17.825,7.484918033,64.81412568,1001.08,6272.08,2723.06,1.567650273,5.7,15693.0,500.0,September,Karnali
2012,Mugu,4350.0,1820.0,Wheat,12.19797814,17.825,7.484918033,64.81412568,1001.08,6272.08,2723.06,1.567650273,5.7,15693.0,7917.0,November,Karnali
2012,Mugu,1550.0,1200.0,Barley,12.19797814,17.825,7.484918033,64.81412568,1001.08,6272.08,2723.06,1.567650273,5.7,15693.0,1860.0,November,Karnali
2012,Mustang,0.0,0.0,Rice,7.773661202,13.46144809,3.18,63.66726776,1334.45,6273.68,2705.23,1.668005464,7.3,10.0,0.0,July,Gandaki
2012,Mustang,525.0,1467.0,Maize,7.773661202,13.46144809,3.18,63.66726776,1334.45,6273.68,2705.23,1.668005464,7.3,10.0,770.175,April,Gandaki
2012,Mustang,0.0,0.0,Millet,7.773661202,13.46144809,3.18,63.66726776,1334.45,6273.68,2705.23,1.668005464,7.3,10.0,0.0,August,Gandaki
2012,Mustang,575.0,1661.0,Buckwheat,7.773661202,13.46144809,3.18,63.66726776,1334.45,6273.68,2705.23,1.668005464,7.3,10.0,955.075,September,Gandaki
2012,Mustang,600.0,1800.0,Wheat,7.773661202,13.46144809,3.18,63.66726776,1334.45,6273.68,2705.23,1.668005464,7.3,10.0,1080.0,November,Gandaki
2012,Mustang,270.0,1852.0,Barley,7.773661202,13.46144809,3.18,63.66726776,1334.45,6273.68,2705.23,1.668005464,7.3,10.0,500.04,November,Gandaki
2012,Myagdi,3895.0,3096.0,Rice,7.773661202,13.46144809,3.18,63.66726776,1334.45,6273.68,2705.23,1.668005464,5.8,15.0,12058.92,July,Gandaki
2012,Myagdi,11129.0,3564.0,Maize,7.773661202,13.46144809,3.18,63.66726776,1334.45,6273.68,2705.23,1.668005464,5.8,15.0,39663.756,April,Gandaki
2012,Myagdi,2743.0,1236.0,Millet,7.773661202,13.46144809,3.18,63.66726776,1334.45,6273.68,2705.23,1.668005464,5.8,15.0,3390.348,August,Gandaki
2012,Myagdi,52.0,962.0,Buckwheat,7.773661202,13.46144809,3.18,63.66726776,1334.45,6273.68,2705.23,1.668005464,5.8,15.0,50.024,September,Gandaki
2012,Myagdi,3048.0,2000.0,Wheat,7.773661202,13.46144809,3.18,63.66726776,1334.45,6273.68,2705.23,1.668005464,5.8,15.0,6096.0,November,Gandaki
2012,Myagdi,309.0,1314.0,Barley,7.773661202,13.46144809,3.18,63.66726776,1334.45,6273.68,2705.23,1.668005464,5.8,15.0,406.026,November,Gandaki
2012,Nawalparasi,45690.0,3920.0,Rice,24.56666667,30.66163934,19.47453552,54.74893443,1407.83,6587.61,3028.14,1.56352459,5.9,115.0,179104.8,July,Unknown
2012,Nawalparasi,10750.0,3258.0,Maize,24.56666667,30.66163934,19.47453552,54.74893443,1407.83,6587.61,3028.14,1.56352459,5.9,115.0,35023.5,April,Unknown
2012,Nawalparasi,450.0,1100.0,Millet,24.56666667,30.66163934,19.47453552,54.74893443,1407.83,6587.61,3028.14,1.56352459,5.9,115.0,495.0,August,Unknown
2012,Nawalparasi,190.0,605.0,Buckwheat,24.56666667,30.66163934,19.47453552,54.74893443,1407.83,6587.61,3028.14,1.56352459,5.9,115.0,114.95,September,Unknown
2012,Nawalparasi,18030.0,2788.0,Wheat,24.56666667,30.66163934,19.47453552,54.74893443,1407.83,6587.61,3028.14,1.56352459,5.9,115.0,50267.64,November,Unknown
2012,Nawalparasi,88.0,1136.0,Barley,24.56666667,30.66163934,19.47453552,54.74893443,1407.83,6587.61,3028.14,1.56352459,5.9,115.0,99.968,November,Unknown
2012,Nuwakot,14650.0,3925.0,Rice,8.735737705,14.61221311,4.014781421,60.01797814,834.84,6630.86,2937.65,1.808087432,5.7,6146.0,57501.25,July,Bagmati
2012,Nuwakot,20100.0,2061.0,Maize,8.735737705,14.61221311,4.014781421,60.01797814,834.84,6630.86,2937.65,1.808087432,5.7,6146.0,41426.1,April,Bagmati
2012,Nuwakot,5085.0,1800.0,Millet,8.735737705,14.61221311,4.014781421,60.01797814,834.84,6630.86,2937.65,1.808087432,5.7,6146.0,9153.0,August,Bagmati
2012,Nuwakot,65.0,1000.0,Buckwheat,8.735737705,14.61221311,4.014781421,60.01797814,834.84,6630.86,2937.65,1.808087432,5.7,6146.0,65.0,September,Bagmati
2012,Nuwakot,5477.0,2750.0,Wheat,8.735737705,14.61221311,4.014781421,60.01797814,834.84,6630.86,2937.65,1.808087432,5.7,6146.0,15061.75,November,Bagmati
2012,Nuwakot,190.0,1200.0,Barley,8.735737705,14.61221311,4.014781421,60.01797814,834.84,6630.86,2937.65,1.808087432,5.7,6146.0,228.0,November,Bagmati
2012,Okhaldhunga,6244.0,2300.0,Rice,13.53948087,19.27797814,9.13010929,57.84948087,836.27,6323.39,2805.12,1.669098361,5.7,8047.0,14361.2,July,Koshi
2012,Okhaldhunga,12400.0,2100.0,Maize,13.53948087,19.27797814,9.13010929,57.84948087,836.27,6323.39,2805.12,1.669098361,5.7,8047.0,26040.0,April,Koshi
2012,Okhaldhunga,7751.0,1290.0,Millet,13.53948087,19.27797814,9.13010929,57.84948087,836.27,6323.39,2805.12,1.669098361,5.7,8047.0,9998.79,August,Koshi
2012,Okhaldhunga,105.0,867.0,Buckwheat,13.53948087,19.27797814,9.13010929,57.84948087,836.27,6323.39,2805.12,1.669098361,5.7,8047.0,91.035,September,Koshi
2012,Okhaldhunga,2490.0,2020.0,Wheat,13.53948087,19.27797814,9.13010929,57.84948087,836.27,6323.39,2805.12,1.669098361,5.7,8047.0,5029.8,November,Koshi
2012,Okhaldhunga,100.0,1000.0,Barley,13.53948087,19.27797814,9.13010929,57.84948087,836.27,6323.39,2805.12,1.669098361,5.7,8047.0,100.0,November,Koshi
2012,Palpa,9566.0,3376.0,Rice,19.26103825,24.76915301,14.97270492,57.13614754,1519.52,6587.61,3028.14,1.565382514,5.9,193.0,32294.816,July,Lumbini
2012,Palpa,21580.0,1871.0,Maize,19.26103825,24.76915301,14.97270492,57.13614754,1519.52,6587.61,3028.14,1.565382514,5.9,193.0,40376.18,April,Lumbini
2012,Palpa,2540.0,1019.0,Millet,19.26103825,24.76915301,14.97270492,57.13614754,1519.52,6587.61,3028.14,1.565382514,5.9,193.0,2588.26,August,Lumbini
2012,Palpa,450.0,931.0,Buckwheat,19.26103825,24.76915301,14.97270492,57.13614754,1519.52,6587.61,3028.14,1.565382514,5.9,193.0,418.95,September,Lumbini
2012,Palpa,6240.0,2201.0,Wheat,19.26103825,24.76915301,14.97270492,57.13614754,1519.52,6587.61,3028.14,1.565382514,5.9,193.0,13734.24,November,Lumbini
2012,Palpa,26.0,1423.0,Barley,19.26103825,24.76915301,14.97270492,57.13614754,1519.52,6587.61,3028.14,1.565382514,5.9,193.0,36.998,November,Lumbini
2012,Panchthar,11300.0,2000.0,Rice,10.28385246,16.28010929,5.678032787,66.47601093,789.36,5907.77,2588.9,1.846639344,5.7,1148.0,22600.0,July,Koshi
2012,Panchthar,8000.0,1530.0,Maize,10.28385246,16.28010929,5.678032787,66.47601093,789.36,5907.77,2588.9,1.846639344,5.7,1148.0,12240.0,April,Koshi
2012,Panchthar,5000.0,1870.0,Millet,10.28385246,16.28010929,5.678032787,66.47601093,789.36,5907.77,2588.9,1.846639344,5.7,1148.0,9350.0,August,Koshi
2012,Panchthar,56.0,643.0,Buckwheat,10.28385246,16.28010929,5.678032787,66.47601093,789.36,5907.77,2588.9,1.846639344,5.7,1148.0,36.008,September,Koshi
2012,Panchthar,3995.0,1910.0,Wheat,10.28385246,16.28010929,5.678032787,66.47601093,789.36,5907.77,2588.9,1.846639344,5.7,1148.0,7630.45,November,Koshi
2012,Panchthar,460.0,1200.0,Barley,10.28385246,16.28010929,5.678032787,66.47601093,789.36,5907.77,2588.9,1.846639344,5.7,1148.0,552.0,November,Koshi
2012,Parbat,8830.0,2976.0,Rice,7.773661202,13.46144809,3.18,63.66726776,1334.45,6273.68,2705.23,1.668005464,5.7,536.0,26278.08,July,Gandaki
2012,Parbat,14285.0,2102.0,Maize,7.773661202,13.46144809,3.18,63.66726776,1334.45,6273.68,2705.23,1.668005464,5.7,536.0,30027.07,April,Gandaki
2012,Parbat,8770.0,870.0,Millet,7.773661202,13.46144809,3.18,63.66726776,1334.45,6273.68,2705.23,1.668005464,5.7,536.0,7629.9,August,Gandaki
2012,Parbat,38.0,974.0,Buckwheat,7.773661202,13.46144809,3.18,63.66726776,1334.45,6273.68,2705.23,1.668005464,5.7,536.0,37.012,September,Gandaki
2012,Parbat,2605.0,2504.0,Wheat,7.773661202,13.46144809,3.18,63.66726776,1334.45,6273.68,2705.23,1.668005464,5.7,536.0,6522.92,November,Gandaki
2012,Parbat,118.0,890.0,Barley,7.773661202,13.46144809,3.18,63.66726776,1334.45,6273.68,2705.23,1.668005464,5.7,536.0,105.02,November,Gandaki
2012,Parsa,44360.0,3705.0,Rice,25.03098361,31.54174863,19.39827869,56.05467213,1130.54,6554.75,3003.23,1.705245902,6.9,889.0,164353.8,July,Madhesh
2012,Parsa,4075.0,3500.0,Maize,25.03098361,31.54174863,19.39827869,56.05467213,1130.54,6554.75,3003.23,1.705245902,6.9,889.0,14262.5,April,Madhesh
2012,Parsa,85.0,906.0,Millet,25.03098361,31.54174863,19.39827869,56.05467213,1130.54,6554.75,3003.23,1.705245902,6.9,889.0,77.01,August,Madhesh
2012,Parsa,0.0,0.0,Buckwheat,25.03098361,31.54174863,19.39827869,56.05467213,1130.54,6554.75,3003.23,1.705245902,6.9,889.0,0.0,September,Madhesh
2012,Parsa,23650.0,3450.0,Wheat,25.03098361,31.54174863,19.39827869,56.05467213,1130.54,6554.75,3003.23,1.705245902,6.9,889.0,81592.5,November,Madhesh
2012,Parsa,39.0,1000.0,Barley,25.03098361,31.54174863,19.39827869,56.05467213,1130.54,6554.75,3003.23,1.705245902,6.9,889.0,39.0,November,Madhesh
2012,Pyuthan,6410.0,2956.0,Rice,21.69521858,27.48163934,17.05005464,55.74281421,1333.71,6396.0,2763.86,1.875027322,6.5,14230.0,18947.96,July,Lumbini
2012,Pyuthan,12058.0,1522.0,Maize,21.69521858,27.48163934,17.05005464,55.74281421,1333.71,6396.0,2763.86,1.875027322,6.5,14230.0,18352.276,April,Lumbini
2012,Pyuthan,1985.0,1010.0,Millet,21.69521858,27.48163934,17.05005464,55.74281421,1333.71,6396.0,2763.86,1.875027322,6.5,14230.0,2004.85,August,Lumbini
2012,Pyuthan,13.0,846.0,Buckwheat,21.69521858,27.48163934,17.05005464,55.74281421,1333.71,6396.0,2763.86,1.875027322,6.5,14230.0,10.998,September,Lumbini
2012,Pyuthan,8650.0,2250.0,Wheat,21.69521858,27.48163934,17.05005464,55.74281421,1333.71,6396.0,2763.86,1.875027322,6.5,14230.0,19462.5,November,Lumbini
2012,Pyuthan,510.0,1549.0,Barley,21.69521858,27.48163934,17.05005464,55.74281421,1333.71,6396.0,2763.86,1.875027322,6.5,14230.0,789.99,November,Lumbini
2012,Ramechap,9408.0,2820.0,Rice,13.53948087,19.27797814,9.13010929,57.84948087,836.27,6323.39,2805.12,1.669098361,5.4,295.0,26530.56,July,Unknown
2012,Ramechap,21398.0,2400.0,Maize,13.53948087,19.27797814,9.13010929,57.84948087,836.27,6323.39,2805.12,1.669098361,5.4,295.0,51355.2,April,Unknown
2012,Ramechap,5060.0,875.0,Millet,13.53948087,19.27797814,9.13010929,57.84948087,836.27,6323.39,2805.12,1.669098361,5.4,295.0,4427.5,August,Unknown
2012,Ramechap,20.0,1000.0,Buckwheat,13.53948087,19.27797814,9.13010929,57.84948087,836.27,6323.39,2805.12,1.669098361,5.4,295.0,20.0,September,Unknown
2012,Ramechap,4470.0,1830.0,Wheat,13.53948087,19.27797814,9.13010929,57.84948087,836.27,6323.39,2805.12,1.669098361,5.4,295.0,8180.1,November,Unknown
2012,Ramechap,175.0,811.0,Barley,13.53948087,19.27797814,9.13010929,57.84948087,836.27,6323.39,2805.12,1.669098361,5.4,295.0,141.925,November,Unknown
2012,Rasuwa,1304.0,2287.0,Rice,8.735737705,14.61221311,4.014781421,60.01797814,834.84,6534.45,2854.33,1.808087432,6.1,1151.0,2982.248,July,Bagmati
2012,Rasuwa,2324.0,1527.0,Maize,8.735737705,14.61221311,4.014781421,60.01797814,834.84,6534.45,2854.33,1.808087432,6.1,1151.0,3548.748,April,Bagmati
2012,Rasuwa,980.0,807.0,Millet,8.735737705,14.61221311,4.014781421,60.01797814,834.84,6534.45,2854.33,1.808087432,6.1,1151.0,790.86,August,Bagmati
2012,Rasuwa,0.0,0.0,Buckwheat,8.735737705,14.61221311,4.014781421,60.01797814,834.84,6534.45,2854.33,1.808087432,6.1,1151.0,0.0,September,Bagmati
2012,Rasuwa,680.0,2529.0,Wheat,8.735737705,14.61221311,4.014781421,60.01797814,834.84,6534.45,2854.33,1.808087432,6.1,1151.0,1719.72,November,Bagmati
2012,Rasuwa,290.0,1321.0,Barley,8.735737705,14.61221311,4.014781421,60.01797814,834.84,6534.45,2854.33,1.808087432,6.1,1151.0,383.09,November,Bagmati
2012,Rautahat,30125.0,2243.0,Rice,24.1413388,30.47387978,19.09459016,54.35382514,1090.12,6328.07,2820.79,1.793743169,6.8,13654.0,67570.375,July,Madhesh
2012,Rautahat,1680.0,3300.0,Maize,24.1413388,30.47387978,19.09459016,54.35382514,1090.12,6328.07,2820.79,1.793743169,6.8,13654.0,5544.0,April,Madhesh
2012,Rautahat,60.0,850.0,Millet,24.1413388,30.47387978,19.09459016,54.35382514,1090.12,6328.07,2820.79,1.793743169,6.8,13654.0,51.0,August,Madhesh
2012,Rautahat,0.0,0.0,Buckwheat,24.1413388,30.47387978,19.09459016,54.35382514,1090.12,6328.07,2820.79,1.793743169,6.8,13654.0,0.0,September,Madhesh
2012,Rautahat,15500.0,3100.0,Wheat,24.1413388,30.47387978,19.09459016,54.35382514,1090.12,6328.07,2820.79,1.793743169,6.8,13654.0,48050.0,November,Madhesh
2012,Rautahat,5.0,1000.0,Barley,24.1413388,30.47387978,19.09459016,54.35382514,1090.12,6328.07,2820.79,1.793743169,6.8,13654.0,5.0,November,Madhesh
2012,Rolpa,4715.0,2500.0,Rice,14.5331694,20.48718579,9.645819672,60.86655738,1302.51,6396.0,2763.86,1.726748634,6.1,421.0,11787.5,July,Lumbini
2012,Rolpa,10305.0,1582.0,Maize,14.5331694,20.48718579,9.645819672,60.86655738,1302.51,6396.0,2763.86,1.726748634,6.1,421.0,16302.51,April,Lumbini
2012,Rolpa,1061.0,998.0,Millet,14.5331694,20.48718579,9.645819672,60.86655738,1302.51,6396.0,2763.86,1.726748634,6.1,421.0,1058.878,August,Lumbini
2012,Rolpa,122.0,533.0,Buckwheat,14.5331694,20.48718579,9.645819672,60.86655738,1302.51,6396.0,2763.86,1.726748634,6.1,421.0,65.026,September,Lumbini
2012,Rolpa,8530.0,1873.0,Wheat,14.5331694,20.48718579,9.645819672,60.86655738,1302.51,6396.0,2763.86,1.726748634,6.1,421.0,15976.69,November,Lumbini
2012,Rolpa,499.0,1423.0,Barley,14.5331694,20.48718579,9.645819672,60.86655738,1302.51,6396.0,2763.86,1.726748634,6.1,421.0,710.077,November,Lumbini
2012,Rukum,3562.0,2900.0,Rice,14.5331694,20.48718579,9.645819672,60.86655738,1302.51,6438.61,2783.79,1.726748634,6.8,11770.0,10329.8,July,Unknown
2012,Rukum,15107.0,1060.0,Maize,14.5331694,20.48718579,9.645819672,60.86655738,1302.51,6438.61,2783.79,1.726748634,6.8,11770.0,16013.42,April,Unknown
2012,Rukum,960.0,960.0,Millet,14.5331694,20.48718579,9.645819672,60.86655738,1302.51,6438.61,2783.79,1.726748634,6.8,11770.0,921.6,August,Unknown
2012,Rukum,0.0,0.0,Buckwheat,14.5331694,20.48718579,9.645819672,60.86655738,1302.51,6438.61,2783.79,1.726748634,6.8,11770.0,0.0,September,Unknown
2012,Rukum,10620.0,2500.0,Wheat,14.5331694,20.48718579,9.645819672,60.86655738,1302.51,6438.61,2783.79,1.726748634,6.8,11770.0,26550.0,November,Unknown
2012,Rukum,980.0,1180.0,Barley,14.5331694,20.48718579,9.645819672,60.86655738,1302.51,6438.61,2783.79,1.726748634,6.8,11770.0,1156.4,November,Unknown
2012,Rupandehi,70000.0,4567.0,Rice,24.56666667,30.66163934,19.47453552,54.74893443,1407.83,6587.61,3028.14,1.56352459,6.6,399.0,319690.0,July,Lumbini
2012,Rupandehi,2550.0,4129.0,Maize,24.56666667,30.66163934,19.47453552,54.74893443,1407.83,6587.61,3028.14,1.56352459,6.6,399.0,10528.95,April,Lumbini
2012,Rupandehi,0.0,0.0,Millet,24.56666667,30.66163934,19.47453552,54.74893443,1407.83,6587.61,3028.14,1.56352459,6.6,399.0,0.0,August,Lumbini
2012,Rupandehi,0.0,0.0,Buckwheat,24.56666667,30.66163934,19.47453552,54.74893443,1407.83,6587.61,3028.14,1.56352459,6.6,399.0,0.0,September,Lumbini
2012,Rupandehi,30500.0,3208.0,Wheat,24.56666667,30.66163934,19.47453552,54.74893443,1407.83,6587.61,3028.14,1.56352459,6.6,399.0,97844.0,November,Lumbini
2012,Rupandehi,100.0,2100.0,Barley,24.56666667,30.66163934,19.47453552,54.74893443,1407.83,6587.61,3028.14,1.56352459,6.6,399.0,210.0,November,Lumbini
2012,Salyan,6950.0,3352.0,Rice,21.69521858,27.48163934,17.05005464,55.74281421,1333.71,6396.0,2763.86,1.875027322,5.9,395.0,23296.4,July,Karnali
2012,Salyan,11560.0,1924.0,Maize,21.69521858,27.48163934,17.05005464,55.74281421,1333.71,6396.0,2763.86,1.875027322,5.9,395.0,22241.44,April,Karnali
2012,Salyan,1780.0,1238.0,Millet,21.69521858,27.48163934,17.05005464,55.74281421,1333.71,6396.0,2763.86,1.875027322,5.9,395.0,2203.64,August,Karnali
2012,Salyan,75.0,1067.0,Buckwheat,21.69521858,27.48163934,17.05005464,55.74281421,1333.71,6396.0,2763.86,1.875027322,5.9,395.0,80.025,September,Karnali
2012,Salyan,13613.0,2147.0,Wheat,21.69521858,27.48163934,17.05005464,55.74281421,1333.71,6396.0,2763.86,1.875027322,5.9,395.0,29227.111,November,Karnali
2012,Salyan,1250.0,1188.0,Barley,21.69521858,27.48163934,17.05005464,55.74281421,1333.71,6396.0,2763.86,1.875027322,5.9,395.0,1485.0,November,Karnali
2012,Sankhuwashava,15801.0,1500.0,Rice,10.28385246,16.28010929,5.678032787,66.47601093,789.36,5907.77,2588.9,1.846639344,5.6,21112.0,23701.5,July,Unknown
2012,Sankhuwashava,13074.0,1700.0,Maize,10.28385246,16.28010929,5.678032787,66.47601093,789.36,5907.77,2588.9,1.846639344,5.6,21112.0,22225.8,April,Unknown
2012,Sankhuwashava,9981.0,1020.0,Millet,10.28385246,16.28010929,5.678032787,66.47601093,789.36,5907.77,2588.9,1.846639344,5.6,21112.0,10180.62,August,Unknown
2012,Sankhuwashava,18.0,556.0,Buckwheat,10.28385246,16.28010929,5.678032787,66.47601093,789.36,5907.77,2588.9,1.846639344,5.6,21112.0,10.008,September,Unknown
2012,Sankhuwashava,1450.0,2069.0,Wheat,10.28385246,16.28010929,5.678032787,66.47601093,789.36,5907.77,2588.9,1.846639344,5.6,21112.0,3000.05,November,Unknown
2012,Sankhuwashava,35.0,857.0,Barley,10.28385246,16.28010929,5.678032787,66.47601093,789.36,5907.77,2588.9,1.846639344,5.6,21112.0,29.995,November,Unknown
2012,Saptari,30219.0,1998.0,Rice,24.73795082,31.17139344,19.57346995,55.68428962,923.24,6276.46,2796.96,1.960519126,6.6,742.0,60377.562,July,Madhesh
2012,Saptari,300.0,2500.0,Maize,24.73795082,31.17139344,19.57346995,55.68428962,923.24,6276.46,2796.96,1.960519126,6.6,742.0,750.0,April,Madhesh
2012,Saptari,250.0,860.0,Millet,24.73795082,31.17139344,19.57346995,55.68428962,923.24,6276.46,2796.96,1.960519126,6.6,742.0,215.0,August,Madhesh
2012,Saptari,0.0,0.0,Buckwheat,24.73795082,31.17139344,19.57346995,55.68428962,923.24,6276.46,2796.96,1.960519126,6.6,742.0,0.0,September,Madhesh
2012,Saptari,15500.0,2581.0,Wheat,24.73795082,31.17139344,19.57346995,55.68428962,923.24,6276.46,2796.96,1.960519126,6.6,742.0,40005.5,November,Madhesh
2012,Saptari,0.0,0.0,Barley,24.73795082,31.17139344,19.57346995,55.68428962,923.24,6276.46,2796.96,1.960519126,6.6,742.0,0.0,November,Madhesh
2012,Sarlahi,38400.0,2419.0,Rice,24.1413388,30.47387978,19.09459016,54.35382514,1090.12,6328.07,2820.79,1.793743169,6.6,748.0,92889.6,July,Madhesh
2012,Sarlahi,3655.0,5384.0,Maize,24.1413388,30.47387978,19.09459016,54.35382514,1090.12,6328.07,2820.79,1.793743169,6.6,748.0,19678.52,April,Madhesh
2012,Sarlahi,950.0,1000.0,Millet,24.1413388,30.47387978,19.09459016,54.35382514,1090.12,6328.07,2820.79,1.793743169,6.6,748.0,950.0,August,Madhesh
2012,Sarlahi,0.0,0.0,Buckwheat,24.1413388,30.47387978,19.09459016,54.35382514,1090.12,6328.07,2820.79,1.793743169,6.6,748.0,0.0,September,Madhesh
2012,Sarlahi,26500.0,2481.0,Wheat,24.1413388,30.47387978,19.09459016,54.35382514,1090.12,6328.07,2820.79,1.793743169,6.6,748.0,65746.5,November,Madhesh
2012,Sarlahi,275.0,1000.0,Barley,24.1413388,30.47387978,19.09459016,54.35382514,1090.12,6328.07,2820.79,1.793743169,6.6,748.0,275.0,November,Madhesh
2012,Sindhuli,11265.0,3099.0,Rice,22.40521858,28.63081967,17.60581967,53.94174863,984.93,6323.39,2805.12,1.771639344,6.0,12812.0,34910.235,July,Bagmati
2012,Sindhuli,18510.0,2399.0,Maize,22.40521858,28.63081967,17.60581967,53.94174863,984.93,6323.39,2805.12,1.771639344,6.0,12812.0,44405.49,April,Bagmati
2012,Sindhuli,11635.0,790.0,Millet,22.40521858,28.63081967,17.60581967,53.94174863,984.93,6323.39,2805.12,1.771639344,6.0,12812.0,9191.65,August,Bagmati
2012,Sindhuli,532.0,506.0,Buckwheat,22.40521858,28.63081967,17.60581967,53.94174863,984.93,6323.39,2805.12,1.771639344,6.0,12812.0,269.192,September,Bagmati
2012,Sindhuli,5620.0,2532.0,Wheat,22.40521858,28.63081967,17.60581967,53.94174863,984.93,6323.39,2805.12,1.771639344,6.0,12812.0,14229.84,November,Bagmati
2012,Sindhuli,52.0,1500.0,Barley,22.40521858,28.63081967,17.60581967,53.94174863,984.93,6323.39,2805.12,1.771639344,6.0,12812.0,78.0,November,Bagmati
2012,Sindhupalchok,12220.0,2167.0,Rice,8.735737705,14.61221311,4.014781421,60.01797814,834.84,6630.86,2937.65,1.808087432,5.6,7437.0,26480.74,July,Bagmati
2012,Sindhupalchok,24900.0,2041.0,Maize,8.735737705,14.61221311,4.014781421,60.01797814,834.84,6630.86,2937.65,1.808087432,5.6,7437.0,50820.9,April,Bagmati
2012,Sindhupalchok,19320.0,1100.0,Millet,8.735737705,14.61221311,4.014781421,60.01797814,834.84,6630.86,2937.65,1.808087432,5.6,7437.0,21252.0,August,Bagmati
2012,Sindhupalchok,0.0,0.0,Buckwheat,8.735737705,14.61221311,4.014781421,60.01797814,834.84,6630.86,2937.65,1.808087432,5.6,7437.0,0.0,September,Bagmati
2012,Sindhupalchok,7020.0,1330.0,Wheat,8.735737705,14.61221311,4.014781421,60.01797814,834.84,6630.86,2937.65,1.808087432,5.6,7437.0,9336.6,November,Bagmati
2012,Sindhupalchok,205.0,1000.0,Barley,8.735737705,14.61221311,4.014781421,60.01797814,834.84,6630.86,2937.65,1.808087432,5.6,7437.0,205.0,November,Bagmati
2012,Siraha,31175.0,1726.0,Rice,25.06688525,31.78117486,19.48934426,55.16314208,979.15,6276.46,2796.96,2.050874317,6.8,4139.0,53808.05,July,Madhesh
2012,Siraha,1750.0,1800.0,Maize,25.06688525,31.78117486,19.48934426,55.16314208,979.15,6276.46,2796.96,2.050874317,6.8,4139.0,3150.0,April,Madhesh
2012,Siraha,645.0,890.0,Millet,25.06688525,31.78117486,19.48934426,55.16314208,979.15,6276.46,2796.96,2.050874317,6.8,4139.0,574.05,August,Madhesh
2012,Siraha,0.0,0.0,Buckwheat,25.06688525,31.78117486,19.48934426,55.16314208,979.15,6276.46,2796.96,2.050874317,6.8,4139.0,0.0,September,Madhesh
2012,Siraha,15675.0,1901.0,Wheat,25.06688525,31.78117486,19.48934426,55.16314208,979.15,6276.46,2796.96,2.050874317,6.8,4139.0,29798.175,November,Madhesh
2012,Siraha,0.0,0.0,Barley,25.06688525,31.78117486,19.48934426,55.16314208,979.15,6276.46,2796.96,2.050874317,6.8,4139.0,0.0,November,Madhesh
2012,Solukhumbu,1530.0,2200.0,Rice,9.038551913,15.02497268,4.415655738,62.41871585,722.08,6323.39,2805.12,1.92636612,5.8,4536.0,3366.0,July,Koshi
2012,Solukhumbu,12955.0,2510.0,Maize,9.038551913,15.02497268,4.415655738,62.41871585,722.08,6323.39,2805.12,1.92636612,5.8,4536.0,32517.05,April,Koshi
2012,Solukhumbu,2100.0,1200.0,Millet,9.038551913,15.02497268,4.415655738,62.41871585,722.08,6323.39,2805.12,1.92636612,5.8,4536.0,2520.0,August,Koshi
2012,Solukhumbu,230.0,600.0,Buckwheat,9.038551913,15.02497268,4.415655738,62.41871585,722.08,6323.39,2805.12,1.92636612,5.8,4536.0,138.0,September,Koshi
2012,Solukhumbu,3755.0,1944.0,Wheat,9.038551913,15.02497268,4.415655738,62.41871585,722.08,6323.39,2805.12,1.92636612,5.8,4536.0,7299.72,November,Koshi
2012,Solukhumbu,200.0,1000.0,Barley,9.038551913,15.02497268,4.415655738,62.41871585,722.08,6323.39,2805.12,1.92636612,5.8,4536.0,200.0,November,Koshi
2012,Sunsari,52550.0,3057.0,Rice,24.03702186,30.32344262,19.1068306,58.45226776,1301.58,6069.62,2704.59,1.743196721,6.6,11556.0,160645.35,July,Koshi
2012,Sunsari,7845.0,3442.0,Maize,24.03702186,30.32344262,19.1068306,58.45226776,1301.58,6069.62,2704.59,1.743196721,6.6,11556.0,27002.49,April,Koshi
2012,Sunsari,1185.0,910.0,Millet,24.03702186,30.32344262,19.1068306,58.45226776,1301.58,6069.62,2704.59,1.743196721,6.6,11556.0,1078.35,August,Koshi
2012,Sunsari,400.0,950.0,Buckwheat,24.03702186,30.32344262,19.1068306,58.45226776,1301.58,6069.62,2704.59,1.743196721,6.6,11556.0,380.0,September,Koshi
2012,Sunsari,15500.0,2806.0,Wheat,24.03702186,30.32344262,19.1068306,58.45226776,1301.58,6069.62,2704.59,1.743196721,6.6,11556.0,43493.0,November,Koshi
2012,Sunsari,0.0,0.0,Barley,24.03702186,30.32344262,19.1068306,58.45226776,1301.58,6069.62,2704.59,1.743196721,6.6,11556.0,0.0,November,Koshi
2012,Surkhet,14000.0,3491.0,Rice,19.8702459,25.56734973,15.15844262,57.30959016,1194.6,6161.09,2718.29,1.575218579,5.9,194.0,48874.0,July,Karnali
2012,Surkhet,16100.0,2696.0,Maize,19.8702459,25.56734973,15.15844262,57.30959016,1194.6,6161.09,2718.29,1.575218579,5.9,194.0,43405.6,April,Karnali
2012,Surkhet,2095.0,0.0,Millet,19.8702459,25.56734973,15.15844262,57.30959016,1194.6,6161.09,2718.29,1.575218579,5.9,194.0,0.0,August,Karnali
2012,Surkhet,0.0,1313.0,Buckwheat,19.8702459,25.56734973,15.15844262,57.30959016,1194.6,6161.09,2718.29,1.575218579,5.9,194.0,0.0,September,Karnali
2012,Surkhet,14955.0,3077.0,Wheat,19.8702459,25.56734973,15.15844262,57.30959016,1194.6,6161.09,2718.29,1.575218579,5.9,194.0,46016.535,November,Karnali
2012,Surkhet,1030.0,1330.0,Barley,19.8702459,25.56734973,15.15844262,57.30959016,1194.6,6161.09,2718.29,1.575218579,5.9,194.0,1369.9,November,Karnali
2012,Syangja,17030.0,3572.0,Rice,19.26103825,24.76915301,14.97270492,57.13614754,1519.52,6273.68,2705.23,1.565382514,6.0,6524.0,60831.16,July,Gandaki
2012,Syangja,30905.0,2999.0,Maize,19.26103825,24.76915301,14.97270492,57.13614754,1519.52,6273.68,2705.23,1.565382514,6.0,6524.0,92684.095,April,Gandaki
2012,Syangja,16805.0,1150.0,Millet,19.26103825,24.76915301,14.97270492,57.13614754,1519.52,6273.68,2705.23,1.565382514,6.0,6524.0,19325.75,August,Gandaki
2012,Syangja,215.0,651.0,Buckwheat,19.26103825,24.76915301,14.97270492,57.13614754,1519.52,6273.68,2705.23,1.565382514,6.0,6524.0,139.965,September,Gandaki
2012,Syangja,5800.0,1922.0,Wheat,19.26103825,24.76915301,14.97270492,57.13614754,1519.52,6273.68,2705.23,1.565382514,6.0,6524.0,11147.6,November,Gandaki
2012,Syangja,9.0,1000.0,Barley,19.26103825,24.76915301,14.97270492,57.13614754,1519.52,6273.68,2705.23,1.565382514,6.0,6524.0,9.0,November,Gandaki
2012,Tanahu,14865.0,3240.0,Rice,19.26103825,24.76915301,14.97270492,57.13614754,1519.52,6554.75,3003.23,1.565382514,5.6,2049.0,48162.6,July,Gandaki
2012,Tanahu,26045.0,2750.0,Maize,19.26103825,24.76915301,14.97270492,57.13614754,1519.52,6554.75,3003.23,1.565382514,5.6,2049.0,71623.75,April,Gandaki
2012,Tanahu,6710.0,1000.0,Millet,19.26103825,24.76915301,14.97270492,57.13614754,1519.52,6554.75,3003.23,1.565382514,5.6,2049.0,6710.0,August,Gandaki
2012,Tanahu,191.0,963.0,Buckwheat,19.26103825,24.76915301,14.97270492,57.13614754,1519.52,6554.75,3003.23,1.565382514,5.6,2049.0,183.933,September,Gandaki
2012,Tanahu,1905.0,1922.0,Wheat,19.26103825,24.76915301,14.97270492,57.13614754,1519.52,6554.75,3003.23,1.565382514,5.6,2049.0,3661.41,November,Gandaki
2012,Tanahu,6.0,1000.0,Barley,19.26103825,24.76915301,14.97270492,57.13614754,1519.52,6554.75,3003.23,1.565382514,5.6,2049.0,6.0,November,Gandaki
2012,Taplejung,4850.0,2250.0,Rice,4.855601093,10.40696721,0.721393443,70.49827869,918.14,5907.77,2588.9,1.661502732,5.4,1277.0,10912.5,July,Koshi
2012,Taplejung,9150.0,3000.0,Maize,4.855601093,10.40696721,0.721393443,70.49827869,918.14,5907.77,2588.9,1.661502732,5.4,1277.0,27450.0,April,Koshi
2012,Taplejung,3050.0,1150.0,Millet,4.855601093,10.40696721,0.721393443,70.49827869,918.14,5907.77,2588.9,1.661502732,5.4,1277.0,3507.5,August,Koshi
2012,Taplejung,118.0,1398.0,Buckwheat,4.855601093,10.40696721,0.721393443,70.49827869,918.14,5907.77,2588.9,1.661502732,5.4,1277.0,164.964,September,Koshi
2012,Taplejung,1895.0,1900.0,Wheat,4.855601093,10.40696721,0.721393443,70.49827869,918.14,5907.77,2588.9,1.661502732,5.4,1277.0,3600.5,November,Koshi
2012,Taplejung,240.0,1300.0,Barley,4.855601093,10.40696721,0.721393443,70.49827869,918.14,5907.77,2588.9,1.661502732,5.4,1277.0,312.0,November,Koshi
2012,Terhathum,10341.0,2300.0,Rice,19.87434426,25.57213115,15.47114754,59.79885246,1136.63,5907.77,2588.9,1.478306011,5.6,611.0,23784.3,July,Unknown
2012,Terhathum,12400.0,2120.0,Maize,19.87434426,25.57213115,15.47114754,59.79885246,1136.63,5907.77,2588.9,1.478306011,5.6,611.0,26288.0,April,Unknown
2012,Terhathum,2750.0,1200.0,Millet,19.87434426,25.57213115,15.47114754,59.79885246,1136.63,5907.77,2588.9,1.478306011,5.6,611.0,3300.0,August,Unknown
2012,Terhathum,35.0,800.0,Buckwheat,19.87434426,25.57213115,15.47114754,59.79885246,1136.63,5907.77,2588.9,1.478306011,5.6,611.0,28.0,September,Unknown
2012,Terhathum,2600.0,2269.0,Wheat,19.87434426,25.57213115,15.47114754,59.79885246,1136.63,5907.77,2588.9,1.478306011,5.6,611.0,5899.4,November,Unknown
2012,Terhathum,75.0,1107.0,Barley,19.87434426,25.57213115,15.47114754,59.79885246,1136.63,5907.77,2588.9,1.478306011,5.6,611.0,83.025,November,Unknown
2012,Udayapur,11625.0,3750.0,Rice,18.37101093,23.88368852,14.31838798,61.73382514,1398.04,6069.62,2704.59,1.261530055,5.4,1273.0,43593.75,July,Koshi
2012,Udayapur,9500.0,2450.0,Maize,18.37101093,23.88368852,14.31838798,61.73382514,1398.04,6069.62,2704.59,1.261530055,5.4,1273.0,23275.0,April,Koshi
2012,Udayapur,2580.0,1950.0,Millet,18.37101093,23.88368852,14.31838798,61.73382514,1398.04,6069.62,2704.59,1.261530055,5.4,1273.0,5031.0,August,Koshi
2012,Udayapur,19.0,1000.0,Buckwheat,18.37101093,23.88368852,14.31838798,61.73382514,1398.04,6069.62,2704.59,1.261530055,5.4,1273.0,19.0,September,Koshi
2012,Udayapur,5119.0,3181.0,Wheat,18.37101093,23.88368852,14.31838798,61.73382514,1398.04,6069.62,2704.59,1.261530055,5.4,1273.0,16283.539,November,Koshi
2012,Udayapur,40.0,850.0,Barley,18.37101093,23.88368852,14.31838798,61.73382514,1398.04,6069.62,2704.59,1.261530055,5.4,1273.0,34.0,November,Koshi
2013,Achham,16572.0,2100.0,Rice,12.31284932,17.40635616,8.072767123,72.06328767,1630.46,6137.36,2671.57,1.542958904,6.1,76.0,34801.2,July,Sudurpashchim
2013,Achham,3652.0,2783.0,Maize,12.31284932,17.40635616,8.072767123,72.06328767,1630.46,6137.36,2671.57,1.542958904,6.1,76.0,10163.516,April,Sudurpashchim
2013,Achham,3415.0,1004.0,Millet,12.31284932,17.40635616,8.072767123,72.06328767,1630.46,6137.36,2671.57,1.542958904,6.1,76.0,3428.66,August,Sudurpashchim
2013,Achham,0.0,0.0,Buckwheat,12.31284932,17.40635616,8.072767123,72.06328767,1630.46,6137.36,2671.57,1.542958904,6.1,76.0,0.0,September,Sudurpashchim
2013,Achham,15335.0,1495.0,Wheat,12.31284932,17.40635616,8.072767123,72.06328767,1630.46,6137.36,2671.57,1.542958904,6.1,76.0,22925.825,November,Sudurpashchim
2013,Achham,505.0,1121.0,Barley,12.31284932,17.40635616,8.072767123,72.06328767,1630.46,6137.36,2671.57,1.542958904,6.1,76.0,566.105,November,Sudurpashchim
2013,Arghakhanchi,8672.0,3033.0,Rice,19.33852055,24.47167123,15.43356164,64.34490411,2071.98,6284.78,2913.63,1.674493151,5.9,612.0,26302.176,July,Lumbini
2013,Arghakhanchi,16915.0,2923.0,Maize,19.33852055,24.47167123,15.43356164,64.34490411,2071.98,6284.78,2913.63,1.674493151,5.9,612.0,49442.545,April,Lumbini
2013,Arghakhanchi,505.0,1200.0,Millet,19.33852055,24.47167123,15.43356164,64.34490411,2071.98,6284.78,2913.63,1.674493151,5.9,612.0,606.0,August,Lumbini
2013,Arghakhanchi,275.0,873.0,Buckwheat,19.33852055,24.47167123,15.43356164,64.34490411,2071.98,6284.78,2913.63,1.674493151,5.9,612.0,240.075,September,Lumbini
2013,Arghakhanchi,7335.0,1766.0,Wheat,19.33852055,24.47167123,15.43356164,64.34490411,2071.98,6284.78,2913.63,1.674493151,5.9,612.0,12953.61,November,Lumbini
2013,Arghakhanchi,350.0,1200.0,Barley,19.33852055,24.47167123,15.43356164,64.34490411,2071.98,6284.78,2913.63,1.674493151,5.9,612.0,420.0,November,Lumbini
2013,Baglung,5927.0,3188.0,Rice,18.79980822,23.78808219,14.92939726,65.97928767,2074.76,5925.15,2576.65,1.490958904,5.7,439.0,18895.276,July,Gandaki
2013,Baglung,20349.0,2891.0,Maize,18.79980822,23.78808219,14.92939726,65.97928767,2074.76,5925.15,2576.65,1.490958904,5.7,439.0,58828.959,April,Gandaki
2013,Baglung,18615.0,1180.0,Millet,18.79980822,23.78808219,14.92939726,65.97928767,2074.76,5925.15,2576.65,1.490958904,5.7,439.0,21965.7,August,Gandaki
2013,Baglung,80.0,1450.0,Buckwheat,18.79980822,23.78808219,14.92939726,65.97928767,2074.76,5925.15,2576.65,1.490958904,5.7,439.0,116.0,September,Gandaki
2013,Baglung,7011.0,2360.0,Wheat,18.79980822,23.78808219,14.92939726,65.97928767,2074.76,5925.15,2576.65,1.490958904,5.7,439.0,16545.96,November,Gandaki
2013,Baglung,965.0,1250.0,Barley,18.79980822,23.78808219,14.92939726,65.97928767,2074.76,5925.15,2576.65,1.490958904,5.7,439.0,1206.25,November,Gandaki
2013,Baitadi,7000.0,2240.0,Rice,10.97284932,16.38367123,6.398657534,69.62816438,1148.29,6440.73,2848.18,1.629315068,6.0,109.0,15680.0,July,Sudurpashchim
2013,Baitadi,14500.0,1615.0,Maize,10.97284932,16.38367123,6.398657534,69.62816438,1148.29,6440.73,2848.18,1.629315068,6.0,109.0,23417.5,April,Sudurpashchim
2013,Baitadi,700.0,1400.0,Millet,10.97284932,16.38367123,6.398657534,69.62816438,1148.29,6440.73,2848.18,1.629315068,6.0,109.0,980.0,August,Sudurpashchim
2013,Baitadi,0.0,0.0,Buckwheat,10.97284932,16.38367123,6.398657534,69.62816438,1148.29,6440.73,2848.18,1.629315068,6.0,109.0,0.0,September,Sudurpashchim
2013,Baitadi,12000.0,2042.0,Wheat,10.97284932,16.38367123,6.398657534,69.62816438,1148.29,6440.73,2848.18,1.629315068,6.0,109.0,24504.0,November,Sudurpashchim
2013,Baitadi,1000.0,1800.0,Barley,10.97284932,16.38367123,6.398657534,69.62816438,1148.29,6440.73,2848.18,1.629315068,6.0,109.0,1800.0,November,Sudurpashchim
2013,Bajhang,7006.0,3250.0,Rice,10.97284932,16.38367123,6.398657534,69.62816438,1148.29,6137.36,2671.57,1.629315068,5.6,147.0,22769.5,July,Sudurpashchim
2013,Bajhang,3652.0,1060.0,Maize,10.97284932,16.38367123,6.398657534,69.62816438,1148.29,6137.36,2671.57,1.629315068,5.6,147.0,3871.12,April,Sudurpashchim
2013,Bajhang,2286.0,900.0,Millet,10.97284932,16.38367123,6.398657534,69.62816438,1148.29,6137.36,2671.57,1.629315068,5.6,147.0,2057.4,August,Sudurpashchim
2013,Bajhang,7.0,571.0,Buckwheat,10.97284932,16.38367123,6.398657534,69.62816438,1148.29,6137.36,2671.57,1.629315068,5.6,147.0,3.997,September,Sudurpashchim
2013,Bajhang,10982.0,2273.0,Wheat,10.97284932,16.38367123,6.398657534,69.62816438,1148.29,6137.36,2671.57,1.629315068,5.6,147.0,24962.086,November,Sudurpashchim
2013,Bajhang,3726.0,789.0,Barley,10.97284932,16.38367123,6.398657534,69.62816438,1148.29,6137.36,2671.57,1.629315068,5.6,147.0,2939.814,November,Sudurpashchim
2013,Bajura,3310.0,2415.0,Rice,8.700438356,14.44838356,3.835452055,71.31435616,1181.0,6137.36,2671.57,1.595589041,6.0,154.0,7993.65,July,Sudurpashchim
2013,Bajura,790.0,2339.0,Maize,8.700438356,14.44838356,3.835452055,71.31435616,1181.0,6137.36,2671.57,1.595589041,6.0,154.0,1847.81,April,Sudurpashchim
2013,Bajura,2610.0,2662.0,Millet,8.700438356,14.44838356,3.835452055,71.31435616,1181.0,6137.36,2671.57,1.595589041,6.0,154.0,6947.82,August,Sudurpashchim
2013,Bajura,7.0,1857.0,Buckwheat,8.700438356,14.44838356,3.835452055,71.31435616,1181.0,6137.36,2671.57,1.595589041,6.0,154.0,12.999,September,Sudurpashchim
2013,Bajura,4950.0,1532.0,Wheat,8.700438356,14.44838356,3.835452055,71.31435616,1181.0,6137.36,2671.57,1.595589041,6.0,154.0,7583.4,November,Sudurpashchim
2013,Bajura,1072.0,988.0,Barley,8.700438356,14.44838356,3.835452055,71.31435616,1181.0,6137.36,2671.57,1.595589041,6.0,154.0,1059.136,November,Sudurpashchim
2013,Banke,36500.0,3526.0,Rice,19.76386301,24.83720548,15.67871233,65.04906849,1835.35,5816.6,2582.43,1.500547945,6.4,5913.0,128699.0,July,Lumbini
2013,Banke,8500.0,1800.0,Maize,19.76386301,24.83720548,15.67871233,65.04906849,1835.35,5816.6,2582.43,1.500547945,6.4,5913.0,15300.0,April,Lumbini
2013,Banke,0.0,0.0,Millet,19.76386301,24.83720548,15.67871233,65.04906849,1835.35,5816.6,2582.43,1.500547945,6.4,5913.0,0.0,August,Lumbini
2013,Banke,0.0,0.0,Buckwheat,19.76386301,24.83720548,15.67871233,65.04906849,1835.35,5816.6,2582.43,1.500547945,6.4,5913.0,0.0,September,Lumbini
2013,Banke,18022.0,2927.0,Wheat,19.76386301,24.83720548,15.67871233,65.04906849,1835.35,5816.6,2582.43,1.500547945,6.4,5913.0,52750.394,November,Lumbini
2013,Banke,10.0,1000.0,Barley,19.76386301,24.83720548,15.67871233,65.04906849,1835.35,5816.6,2582.43,1.500547945,6.4,5913.0,10.0,November,Lumbini
2013,Bara,54680.0,4751.0,Rice,24.26136986,30.38161644,19.26569863,61.55846575,1477.56,6251.42,2888.78,1.59890411,6.7,7732.0,259784.68,July,Madhesh
2013,Bara,13478.0,6400.0,Maize,24.26136986,30.38161644,19.26569863,61.55846575,1477.56,6251.42,2888.78,1.59890411,6.7,7732.0,86259.2,April,Madhesh
2013,Bara,78.0,1346.0,Millet,24.26136986,30.38161644,19.26569863,61.55846575,1477.56,6251.42,2888.78,1.59890411,6.7,7732.0,104.988,August,Madhesh
2013,Bara,0.0,0.0,Buckwheat,24.26136986,30.38161644,19.26569863,61.55846575,1477.56,6251.42,2888.78,1.59890411,6.7,7732.0,0.0,September,Madhesh
2013,Bara,29100.0,3216.0,Wheat,24.26136986,30.38161644,19.26569863,61.55846575,1477.56,6251.42,2888.78,1.59890411,6.7,7732.0,93585.6,November,Madhesh
2013,Bara,85.0,1059.0,Barley,24.26136986,30.38161644,19.26569863,61.55846575,1477.56,6251.42,2888.78,1.59890411,6.7,7732.0,90.015,November,Madhesh
2013,Bardiya,52000.0,3838.0,Rice,24.3159726,29.98084932,19.66772603,60.85068493,1667.21,5816.6,2582.43,1.675232877,6.8,7655.0,199576.0,July,Unknown
2013,Bardiya,1200.0,2083.0,Maize,24.3159726,29.98084932,19.66772603,60.85068493,1667.21,5816.6,2582.43,1.675232877,6.8,7655.0,2499.6,April,Unknown
2013,Bardiya,0.0,0.0,Millet,24.3159726,29.98084932,19.66772603,60.85068493,1667.21,5816.6,2582.43,1.675232877,6.8,7655.0,0.0,August,Unknown
2013,Bardiya,0.0,0.0,Buckwheat,24.3159726,29.98084932,19.66772603,60.85068493,1667.21,5816.6,2582.43,1.675232877,6.8,7655.0,0.0,September,Unknown
2013,Bardiya,19500.0,3718.0,Wheat,24.3159726,29.98084932,19.66772603,60.85068493,1667.21,5816.6,2582.43,1.675232877,6.8,7655.0,72501.0,November,Unknown
2013,Bardiya,10.0,1000.0,Barley,24.3159726,29.98084932,19.66772603,60.85068493,1667.21,5816.6,2582.43,1.675232877,6.8,7655.0,10.0,November,Unknown
2013,Bhaktapur,4352.0,6194.0,Rice,18.59547945,23.90112329,14.64284932,63.4950411,1424.54,6294.94,2805.83,1.474575342,5.8,2771.0,26956.288,July,Bagmati
2013,Bhaktapur,1969.0,4500.0,Maize,18.59547945,23.90112329,14.64284932,63.4950411,1424.54,6294.94,2805.83,1.474575342,5.8,2771.0,8860.5,April,Bagmati
2013,Bhaktapur,106.0,1443.0,Millet,18.59547945,23.90112329,14.64284932,63.4950411,1424.54,6294.94,2805.83,1.474575342,5.8,2771.0,152.958,August,Bagmati
2013,Bhaktapur,0.0,0.0,Buckwheat,18.59547945,23.90112329,14.64284932,63.4950411,1424.54,6294.94,2805.83,1.474575342,5.8,2771.0,0.0,September,Bagmati
2013,Bhaktapur,3100.0,3484.0,Wheat,18.59547945,23.90112329,14.64284932,63.4950411,1424.54,6294.94,2805.83,1.474575342,5.8,2771.0,10800.4,November,Bagmati
2013,Bhaktapur,50.0,1000.0,Barley,18.59547945,23.90112329,14.64284932,63.4950411,1424.54,6294.94,2805.83,1.474575342,5.8,2771.0,50.0,November,Bagmati
2013,Bhojpur,17150.0,2819.0,Rice,5.338410959,10.74586301,1.237506849,71.65550685,1236.96,5671.1,2497.26,1.532219178,5.4,15732.0,48345.85,July,Koshi
2013,Bhojpur,42776.0,2900.0,Maize,5.338410959,10.74586301,1.237506849,71.65550685,1236.96,5671.1,2497.26,1.532219178,5.4,15732.0,124050.4,April,Koshi
2013,Bhojpur,5500.0,909.0,Millet,5.338410959,10.74586301,1.237506849,71.65550685,1236.96,5671.1,2497.26,1.532219178,5.4,15732.0,4999.5,August,Koshi
2013,Bhojpur,17.0,706.0,Buckwheat,5.338410959,10.74586301,1.237506849,71.65550685,1236.96,5671.1,2497.26,1.532219178,5.4,15732.0,12.002,September,Koshi
2013,Bhojpur,2510.0,2400.0,Wheat,5.338410959,10.74586301,1.237506849,71.65550685,1236.96,5671.1,2497.26,1.532219178,5.4,15732.0,6024.0,November,Koshi
2013,Bhojpur,20.0,1000.0,Barley,5.338410959,10.74586301,1.237506849,71.65550685,1236.96,5671.1,2497.26,1.532219178,5.4,15732.0,20.0,November,Koshi
2013,Chitwan,29575.0,3400.0,Rice,23.56378082,29.2409863,18.912,62.68432877,1668.0,6251.42,2888.78,1.319534247,6.1,615.0,100555.0,July,Bagmati
2013,Chitwan,9750.0,3000.0,Maize,23.56378082,29.2409863,18.912,62.68432877,1668.0,6251.42,2888.78,1.319534247,6.1,615.0,29250.0,April,Bagmati
2013,Chitwan,1650.0,970.0,Millet,23.56378082,29.2409863,18.912,62.68432877,1668.0,6251.42,2888.78,1.319534247,6.1,615.0,1600.5,August,Bagmati
2013,Chitwan,0.0,0.0,Buckwheat,23.56378082,29.2409863,18.912,62.68432877,1668.0,6251.42,2888.78,1.319534247,6.1,615.0,0.0,September,Bagmati
2013,Chitwan,8550.0,3497.0,Wheat,23.56378082,29.2409863,18.912,62.68432877,1668.0,6251.42,2888.78,1.319534247,6.1,615.0,29899.35,November,Bagmati
2013,Chitwan,40.0,1125.0,Barley,23.56378082,29.2409863,18.912,62.68432877,1668.0,6251.42,2888.78,1.319534247,6.1,615.0,45.0,November,Bagmati
2013,Dadeldhura,6221.0,2904.0,Rice,15.67632877,20.97652055,11.3180274,65.124,1373.2,6440.73,2848.18,1.471671233,5.9,10437.0,18065.784,July,Sudurpashchim
2013,Dadeldhura,3744.0,2910.0,Maize,15.67632877,20.97652055,11.3180274,65.124,1373.2,6440.73,2848.18,1.471671233,5.9,10437.0,10895.04,April,Sudurpashchim
2013,Dadeldhura,300.0,1000.0,Millet,15.67632877,20.97652055,11.3180274,65.124,1373.2,6440.73,2848.18,1.471671233,5.9,10437.0,300.0,August,Sudurpashchim
2013,Dadeldhura,0.0,0.0,Buckwheat,15.67632877,20.97652055,11.3180274,65.124,1373.2,6440.73,2848.18,1.471671233,5.9,10437.0,0.0,September,Sudurpashchim
2013,Dadeldhura,8710.0,1656.0,Wheat,15.67632877,20.97652055,11.3180274,65.124,1373.2,6440.73,2848.18,1.471671233,5.9,10437.0,14423.76,November,Sudurpashchim
2013,Dadeldhura,195.0,903.0,Barley,15.67632877,20.97652055,11.3180274,65.124,1373.2,6440.73,2848.18,1.471671233,5.9,10437.0,176.085,November,Sudurpashchim
2013,Dailekh,8307.0,3065.0,Rice,12.31284932,17.40635616,8.072767123,72.06328767,1630.46,5816.6,2582.43,1.542958904,5.9,18.0,25460.955,July,Karnali
2013,Dailekh,20150.0,1851.0,Maize,12.31284932,17.40635616,8.072767123,72.06328767,1630.46,5816.6,2582.43,1.542958904,5.9,18.0,37297.65,April,Karnali
2013,Dailekh,2422.0,1091.0,Millet,12.31284932,17.40635616,8.072767123,72.06328767,1630.46,5816.6,2582.43,1.542958904,5.9,18.0,2642.402,August,Karnali
2013,Dailekh,27.0,704.0,Buckwheat,12.31284932,17.40635616,8.072767123,72.06328767,1630.46,5816.6,2582.43,1.542958904,5.9,18.0,19.008,September,Karnali
2013,Dailekh,21500.0,1450.0,Wheat,12.31284932,17.40635616,8.072767123,72.06328767,1630.46,5816.6,2582.43,1.542958904,5.9,18.0,31175.0,November,Karnali
2013,Dailekh,200.0,1250.0,Barley,12.31284932,17.40635616,8.072767123,72.06328767,1630.46,5816.6,2582.43,1.542958904,5.9,18.0,250.0,November,Karnali
2013,Dang,38230.0,4088.0,Rice,21.39353425,26.70147945,17.1419726,63.776,1828.02,5999.12,2609.0,1.776082192,5.8,24.0,156284.24,July,Lumbini
2013,Dang,25300.0,1842.0,Maize,21.39353425,26.70147945,17.1419726,63.776,1828.02,5999.12,2609.0,1.776082192,5.8,24.0,46602.6,April,Lumbini
2013,Dang,19.0,1000.0,Millet,21.39353425,26.70147945,17.1419726,63.776,1828.02,5999.12,2609.0,1.776082192,5.8,24.0,19.0,August,Lumbini
2013,Dang,20.0,0.0,Buckwheat,21.39353425,26.70147945,17.1419726,63.776,1828.02,5999.12,2609.0,1.776082192,5.8,24.0,0.0,September,Lumbini
2013,Dang,12655.0,2300.0,Wheat,21.39353425,26.70147945,17.1419726,63.776,1828.02,5999.12,2609.0,1.776082192,5.8,24.0,29106.5,November,Lumbini
2013,Dang,50.0,980.0,Barley,21.39353425,26.70147945,17.1419726,63.776,1828.02,5999.12,2609.0,1.776082192,5.8,24.0,49.0,November,Lumbini
2013,Darchula,4480.0,2373.0,Rice,5.814684932,11.18863014,1.145232877,71.8539726,867.07,6440.73,2848.18,1.78369863,6.0,11824.0,10631.04,July,Sudurpashchim
2013,Darchula,3558.0,1800.0,Maize,5.814684932,11.18863014,1.145232877,71.8539726,867.07,6440.73,2848.18,1.78369863,6.0,11824.0,6404.4,April,Sudurpashchim
2013,Darchula,1310.0,682.0,Millet,5.814684932,11.18863014,1.145232877,71.8539726,867.07,6440.73,2848.18,1.78369863,6.0,11824.0,893.42,August,Sudurpashchim
2013,Darchula,100.0,820.0,Buckwheat,5.814684932,11.18863014,1.145232877,71.8539726,867.07,6440.73,2848.18,1.78369863,6.0,11824.0,82.0,September,Sudurpashchim
2013,Darchula,4480.0,2700.0,Wheat,5.814684932,11.18863014,1.145232877,71.8539726,867.07,6440.73,2848.18,1.78369863,6.0,11824.0,12096.0,November,Sudurpashchim
2013,Darchula,1200.0,1300.0,Barley,5.814684932,11.18863014,1.145232877,71.8539726,867.07,6440.73,2848.18,1.78369863,6.0,11824.0,1560.0,November,Sudurpashchim
2013,Dhading,12645.0,3804.0,Rice,14.6089589,19.83728767,10.43594521,65.88969863,1427.79,6251.42,2888.78,1.515643836,5.5,16.0,48101.58,July,Bagmati
2013,Dhading,19445.0,2500.0,Maize,14.6089589,19.83728767,10.43594521,65.88969863,1427.79,6251.42,2888.78,1.515643836,5.5,16.0,48612.5,April,Bagmati
2013,Dhading,6930.0,1003.0,Millet,14.6089589,19.83728767,10.43594521,65.88969863,1427.79,6251.42,2888.78,1.515643836,5.5,16.0,6950.79,August,Bagmati
2013,Dhading,0.0,0.0,Buckwheat,14.6089589,19.83728767,10.43594521,65.88969863,1427.79,6251.42,2888.78,1.515643836,5.5,16.0,0.0,September,Bagmati
2013,Dhading,4800.0,2104.0,Wheat,14.6089589,19.83728767,10.43594521,65.88969863,1427.79,6251.42,2888.78,1.515643836,5.5,16.0,10099.2,November,Bagmati
2013,Dhading,350.0,1000.0,Barley,14.6089589,19.83728767,10.43594521,65.88969863,1427.79,6251.42,2888.78,1.515643836,5.5,16.0,350.0,November,Bagmati
2013,Dhankuta,10660.0,2274.0,Rice,19.908,25.25923288,15.83515068,63.76115068,1547.04,5914.5,2650.54,1.426438356,5.8,6572.0,24240.84,July,Koshi
2013,Dhankuta,5450.0,2748.0,Maize,19.908,25.25923288,15.83515068,63.76115068,1547.04,5914.5,2650.54,1.426438356,5.8,6572.0,14976.6,April,Koshi
2013,Dhankuta,8000.0,1000.0,Millet,19.908,25.25923288,15.83515068,63.76115068,1547.04,5914.5,2650.54,1.426438356,5.8,6572.0,8000.0,August,Koshi
2013,Dhankuta,0.0,0.0,Buckwheat,19.908,25.25923288,15.83515068,63.76115068,1547.04,5914.5,2650.54,1.426438356,5.8,6572.0,0.0,September,Koshi
2013,Dhankuta,1400.0,2286.0,Wheat,19.908,25.25923288,15.83515068,63.76115068,1547.04,5914.5,2650.54,1.426438356,5.8,6572.0,3200.4,November,Koshi
2013,Dhankuta,5.0,1000.0,Barley,19.908,25.25923288,15.83515068,63.76115068,1547.04,5914.5,2650.54,1.426438356,5.8,6572.0,5.0,November,Koshi
2013,Dhanusha,40635.0,2871.0,Rice,22.22715068,28.1350411,17.77150685,59.48649315,1249.09,6095.67,2727.34,1.702520548,6.6,1542.0,116663.085,July,Madhesh
2013,Dhanusha,2019.0,3300.0,Maize,22.22715068,28.1350411,17.77150685,59.48649315,1249.09,6095.67,2727.34,1.702520548,6.6,1542.0,6662.7,April,Madhesh
2013,Dhanusha,300.0,1000.0,Millet,22.22715068,28.1350411,17.77150685,59.48649315,1249.09,6095.67,2727.34,1.702520548,6.6,1542.0,300.0,August,Madhesh
2013,Dhanusha,0.0,0.0,Buckwheat,22.22715068,28.1350411,17.77150685,59.48649315,1249.09,6095.67,2727.34,1.702520548,6.6,1542.0,0.0,September,Madhesh
2013,Dhanusha,39500.0,2658.0,Wheat,22.22715068,28.1350411,17.77150685,59.48649315,1249.09,6095.67,2727.34,1.702520548,6.6,1542.0,104991.0,November,Madhesh
2013,Dhanusha,1.0,1000.0,Barley,22.22715068,28.1350411,17.77150685,59.48649315,1249.09,6095.67,2727.34,1.702520548,6.6,1542.0,1.0,November,Madhesh
2013,Dolakha,3175.0,1850.0,Rice,1.774794521,7.680136986,-2.92430137,67.92564384,832.49,5968.19,2664.6,2.040273973,6.5,11408.0,5873.75,July,Bagmati
2013,Dolakha,5450.0,2150.0,Maize,1.774794521,7.680136986,-2.92430137,67.92564384,832.49,5968.19,2664.6,2.040273973,6.5,11408.0,11717.5,April,Bagmati
2013,Dolakha,3600.0,1181.0,Millet,1.774794521,7.680136986,-2.92430137,67.92564384,832.49,5968.19,2664.6,2.040273973,6.5,11408.0,4251.6,August,Bagmati
2013,Dolakha,430.0,907.0,Buckwheat,1.774794521,7.680136986,-2.92430137,67.92564384,832.49,5968.19,2664.6,2.040273973,6.5,11408.0,390.01,September,Bagmati
2013,Dolakha,4650.0,1351.0,Wheat,1.774794521,7.680136986,-2.92430137,67.92564384,832.49,5968.19,2664.6,2.040273973,6.5,11408.0,6282.15,November,Bagmati
2013,Dolakha,175.0,1029.0,Barley,1.774794521,7.680136986,-2.92430137,67.92564384,832.49,5968.19,2664.6,2.040273973,6.5,11408.0,180.075,November,Bagmati
2013,Dolpa,276.0,2138.0,Rice,-1.594712329,4.382684932,-6.735616438,71.51465753,1501.85,5999.12,2609.0,1.881780822,6.6,1248.0,590.088,July,Karnali
2013,Dolpa,220.0,1136.0,Maize,-1.594712329,4.382684932,-6.735616438,71.51465753,1501.85,5999.12,2609.0,1.881780822,6.6,1248.0,249.92,April,Karnali
2013,Dolpa,390.0,731.0,Millet,-1.594712329,4.382684932,-6.735616438,71.51465753,1501.85,5999.12,2609.0,1.881780822,6.6,1248.0,285.09,August,Karnali
2013,Dolpa,680.0,1015.0,Buckwheat,-1.594712329,4.382684932,-6.735616438,71.51465753,1501.85,5999.12,2609.0,1.881780822,6.6,1248.0,690.2,September,Karnali
2013,Dolpa,2590.0,2093.0,Wheat,-1.594712329,4.382684932,-6.735616438,71.51465753,1501.85,5999.12,2609.0,1.881780822,6.6,1248.0,5420.87,November,Karnali
2013,Dolpa,300.0,1530.0,Barley,-1.594712329,4.382684932,-6.735616438,71.51465753,1501.85,5999.12,2609.0,1.881780822,6.6,1248.0,459.0,November,Karnali
2013,Doti,10665.0,2100.0,Rice,15.67632877,20.97652055,11.3180274,65.124,1373.2,6440.73,2848.18,1.471671233,5.9,22.0,22396.5,July,Sudurpashchim
2013,Doti,2748.0,1900.0,Maize,15.67632877,20.97652055,11.3180274,65.124,1373.2,6440.73,2848.18,1.471671233,5.9,22.0,5221.2,April,Sudurpashchim
2013,Doti,5121.0,1200.0,Millet,15.67632877,20.97652055,11.3180274,65.124,1373.2,6440.73,2848.18,1.471671233,5.9,22.0,6145.2,August,Sudurpashchim
2013,Doti,12.0,1000.0,Buckwheat,15.67632877,20.97652055,11.3180274,65.124,1373.2,6440.73,2848.18,1.471671233,5.9,22.0,12.0,September,Sudurpashchim
2013,Doti,15950.0,2101.0,Wheat,15.67632877,20.97652055,11.3180274,65.124,1373.2,6440.73,2848.18,1.471671233,5.9,22.0,33510.95,November,Sudurpashchim
2013,Doti,240.0,1542.0,Barley,15.67632877,20.97652055,11.3180274,65.124,1373.2,6440.73,2848.18,1.471671233,5.9,22.0,370.08,November,Sudurpashchim
2013,Gorkha,12765.0,3231.0,Rice,14.6089589,19.83728767,10.43594521,65.88969863,1427.79,6251.42,2888.78,1.515643836,5.5,348.0,41243.715,July,Gandaki
2013,Gorkha,19353.0,2350.0,Maize,14.6089589,19.83728767,10.43594521,65.88969863,1427.79,6251.42,2888.78,1.515643836,5.5,348.0,45479.55,April,Gandaki
2013,Gorkha,11605.0,1200.0,Millet,14.6089589,19.83728767,10.43594521,65.88969863,1427.79,6251.42,2888.78,1.515643836,5.5,348.0,13926.0,August,Gandaki
2013,Gorkha,393.0,1008.0,Buckwheat,14.6089589,19.83728767,10.43594521,65.88969863,1427.79,6251.42,2888.78,1.515643836,5.5,348.0,396.144,September,Gandaki
2013,Gorkha,3900.0,1881.0,Wheat,14.6089589,19.83728767,10.43594521,65.88969863,1427.79,6251.42,2888.78,1.515643836,5.5,348.0,7335.9,November,Gandaki
2013,Gorkha,108.0,1102.0,Barley,14.6089589,19.83728767,10.43594521,65.88969863,1427.79,6251.42,2888.78,1.515643836,5.5,348.0,119.016,November,Gandaki
2013,Gulmi,10484.0,2417.0,Rice,19.33852055,24.47167123,15.43356164,64.34490411,2071.98,6284.78,2913.63,1.674493151,6.1,980.0,25339.828,July,Lumbini
2013,Gulmi,24844.0,2114.0,Maize,19.33852055,24.47167123,15.43356164,64.34490411,2071.98,6284.78,2913.63,1.674493151,6.1,980.0,52520.216,April,Lumbini
2013,Gulmi,2900.0,1000.0,Millet,19.33852055,24.47167123,15.43356164,64.34490411,2071.98,6284.78,2913.63,1.674493151,6.1,980.0,2900.0,August,Lumbini
2013,Gulmi,210.0,1200.0,Buckwheat,19.33852055,24.47167123,15.43356164,64.34490411,2071.98,6284.78,2913.63,1.674493151,6.1,980.0,252.0,September,Lumbini
2013,Gulmi,8095.0,1836.0,Wheat,19.33852055,24.47167123,15.43356164,64.34490411,2071.98,6284.78,2913.63,1.674493151,6.1,980.0,14862.42,November,Lumbini
2013,Gulmi,370.0,1800.0,Barley,19.33852055,24.47167123,15.43356164,64.34490411,2071.98,6284.78,2913.63,1.674493151,6.1,980.0,666.0,November,Lumbini
2013,Humla,572.0,1689.0,Rice,-0.753013699,5.110109589,-5.832657534,77.30967123,739.41,7006.06,2930.23,2.005315068,6.5,529.0,966.108,July,Karnali
2013,Humla,113.0,1575.0,Maize,-0.753013699,5.110109589,-5.832657534,77.30967123,739.41,7006.06,2930.23,2.005315068,6.5,529.0,177.975,April,Karnali
2013,Humla,1278.0,910.0,Millet,-0.753013699,5.110109589,-5.832657534,77.30967123,739.41,7006.06,2930.23,2.005315068,6.5,529.0,1162.98,August,Karnali
2013,Humla,670.0,900.0,Buckwheat,-0.753013699,5.110109589,-5.832657534,77.30967123,739.41,7006.06,2930.23,2.005315068,6.5,529.0,603.0,September,Karnali
2013,Humla,1018.0,936.0,Wheat,-0.753013699,5.110109589,-5.832657534,77.30967123,739.41,7006.06,2930.23,2.005315068,6.5,529.0,952.848,November,Karnali
2013,Humla,686.0,1176.0,Barley,-0.753013699,5.110109589,-5.832657534,77.30967123,739.41,7006.06,2930.23,2.005315068,6.5,529.0,806.736,November,Karnali
2013,Illam,14185.0,3170.0,Rice,18.54356164,23.79931507,14.71336986,64.82063014,1806.9,5671.1,2497.26,1.228465753,5.5,0.0,44966.45,July,Unknown
2013,Illam,28200.0,2470.0,Maize,18.54356164,23.79931507,14.71336986,64.82063014,1806.9,5671.1,2497.26,1.228465753,5.5,0.0,69654.0,April,Unknown
2013,Illam,3000.0,1000.0,Millet,18.54356164,23.79931507,14.71336986,64.82063014,1806.9,5671.1,2497.26,1.228465753,5.5,0.0,3000.0,August,Unknown
2013,Illam,25.0,800.0,Buckwheat,18.54356164,23.79931507,14.71336986,64.82063014,1806.9,5671.1,2497.26,1.228465753,5.5,0.0,20.0,September,Unknown
2013,Illam,4697.0,2629.0,Wheat,18.54356164,23.79931507,14.71336986,64.82063014,1806.9,5671.1,2497.26,1.228465753,5.5,0.0,12348.413,November,Unknown
2013,Illam,50.0,1000.0,Barley,18.54356164,23.79931507,14.71336986,64.82063014,1806.9,5671.1,2497.26,1.228465753,5.5,0.0,50.0,November,Unknown
2013,Jajarkot,4042.0,2675.0,Rice,21.39353425,26.70147945,17.1419726,63.776,1828.02,5999.12,2609.0,1.776082192,6.2,1033.0,10812.35,July,Karnali
2013,Jajarkot,8266.0,1275.0,Maize,21.39353425,26.70147945,17.1419726,63.776,1828.02,5999.12,2609.0,1.776082192,6.2,1033.0,10539.15,April,Karnali
2013,Jajarkot,1932.0,1189.0,Millet,21.39353425,26.70147945,17.1419726,63.776,1828.02,5999.12,2609.0,1.776082192,6.2,1033.0,2297.148,August,Karnali
2013,Jajarkot,19.0,1053.0,Buckwheat,21.39353425,26.70147945,17.1419726,63.776,1828.02,5999.12,2609.0,1.776082192,6.2,1033.0,20.007,September,Karnali
2013,Jajarkot,11550.0,1153.0,Wheat,21.39353425,26.70147945,17.1419726,63.776,1828.02,5999.12,2609.0,1.776082192,6.2,1033.0,13317.15,November,Karnali
2013,Jajarkot,650.0,554.0,Barley,21.39353425,26.70147945,17.1419726,63.776,1828.02,5999.12,2609.0,1.776082192,6.2,1033.0,360.1,November,Karnali
2013,Jhapa,88500.0,4127.0,Rice,24.16871233,29.55931507,20.00624658,63.62178082,2052.57,5914.5,2650.54,1.571808219,5.7,90.0,365239.5,July,Koshi
2013,Jhapa,36850.0,2578.0,Maize,24.16871233,29.55931507,20.00624658,63.62178082,2052.57,5914.5,2650.54,1.571808219,5.7,90.0,94999.3,April,Koshi
2013,Jhapa,1750.0,1029.0,Millet,24.16871233,29.55931507,20.00624658,63.62178082,2052.57,5914.5,2650.54,1.571808219,5.7,90.0,1800.75,August,Koshi
2013,Jhapa,1270.0,1000.0,Buckwheat,24.16871233,29.55931507,20.00624658,63.62178082,2052.57,5914.5,2650.54,1.571808219,5.7,90.0,1270.0,September,Koshi
2013,Jhapa,7000.0,3220.0,Wheat,24.16871233,29.55931507,20.00624658,63.62178082,2052.57,5914.5,2650.54,1.571808219,5.7,90.0,22540.0,November,Koshi
2013,Jhapa,6.0,1000.0,Barley,24.16871233,29.55931507,20.00624658,63.62178082,2052.57,5914.5,2650.54,1.571808219,5.7,90.0,6.0,November,Koshi
2013,Jumla,2950.0,2200.0,Rice,8.700438356,14.44838356,3.835452055,71.31435616,1181.0,6576.5,2783.88,1.595589041,6.5,11618.0,6490.0,July,Karnali
2013,Jumla,4500.0,1700.0,Maize,8.700438356,14.44838356,3.835452055,71.31435616,1181.0,6576.5,2783.88,1.595589041,6.5,11618.0,7650.0,April,Karnali
2013,Jumla,3890.0,1100.0,Millet,8.700438356,14.44838356,3.835452055,71.31435616,1181.0,6576.5,2783.88,1.595589041,6.5,11618.0,4279.0,August,Karnali
2013,Jumla,85.0,1000.0,Buckwheat,8.700438356,14.44838356,3.835452055,71.31435616,1181.0,6576.5,2783.88,1.595589041,6.5,11618.0,85.0,September,Karnali
2013,Jumla,2453.0,1880.0,Wheat,8.700438356,14.44838356,3.835452055,71.31435616,1181.0,6576.5,2783.88,1.595589041,6.5,11618.0,4611.64,November,Karnali
2013,Jumla,4000.0,1850.0,Barley,8.700438356,14.44838356,3.835452055,71.31435616,1181.0,6576.5,2783.88,1.595589041,6.5,11618.0,7400.0,November,Karnali
2013,Kailali,71450.0,2936.0,Rice,24.52854795,30.43947945,19.62443836,62.03841096,1851.21,5926.11,2653.75,1.577013699,6.6,0.0,209777.2,July,Sudurpashchim
2013,Kailali,5540.0,1039.0,Maize,24.52854795,30.43947945,19.62443836,62.03841096,1851.21,5926.11,2653.75,1.577013699,6.6,0.0,5756.06,April,Sudurpashchim
2013,Kailali,377.0,1008.0,Millet,24.52854795,30.43947945,19.62443836,62.03841096,1851.21,5926.11,2653.75,1.577013699,6.6,0.0,380.016,August,Sudurpashchim
2013,Kailali,25.0,1000.0,Buckwheat,24.52854795,30.43947945,19.62443836,62.03841096,1851.21,5926.11,2653.75,1.577013699,6.6,0.0,25.0,September,Sudurpashchim
2013,Kailali,34500.0,2029.0,Wheat,24.52854795,30.43947945,19.62443836,62.03841096,1851.21,5926.11,2653.75,1.577013699,6.6,0.0,70000.5,November,Sudurpashchim
2013,Kailali,425.0,988.0,Barley,24.52854795,30.43947945,19.62443836,62.03841096,1851.21,5926.11,2653.75,1.577013699,6.6,0.0,419.9,November,Sudurpashchim
2013,Kalikot,2466.0,2406.0,Rice,12.31284932,17.40635616,8.072767123,72.06328767,1630.46,6137.36,2671.57,1.542958904,6.2,17454.0,5933.196,July,Karnali
2013,Kalikot,2525.0,2070.0,Maize,12.31284932,17.40635616,8.072767123,72.06328767,1630.46,6137.36,2671.57,1.542958904,6.2,17454.0,5226.75,April,Karnali
2013,Kalikot,1232.0,1051.0,Millet,12.31284932,17.40635616,8.072767123,72.06328767,1630.46,6137.36,2671.57,1.542958904,6.2,17454.0,1294.832,August,Karnali
2013,Kalikot,105.0,1476.0,Buckwheat,12.31284932,17.40635616,8.072767123,72.06328767,1630.46,6137.36,2671.57,1.542958904,6.2,17454.0,154.98,September,Karnali
2013,Kalikot,5430.0,1770.0,Wheat,12.31284932,17.40635616,8.072767123,72.06328767,1630.46,6137.36,2671.57,1.542958904,6.2,17454.0,9611.1,November,Karnali
2013,Kalikot,1000.0,800.0,Barley,12.31284932,17.40635616,8.072767123,72.06328767,1630.46,6137.36,2671.57,1.542958904,6.2,17454.0,800.0,November,Karnali
2013,Kanchanpur,48796.0,2945.0,Rice,21.32542466,27.07846575,16.83367123,62.80246575,1775.67,6066.3,2710.02,1.014876712,6.2,35.0,143704.22,July,Sudurpashchim
2013,Kanchanpur,3600.0,1900.0,Maize,21.32542466,27.07846575,16.83367123,62.80246575,1775.67,6066.3,2710.02,1.014876712,6.2,35.0,6840.0,April,Sudurpashchim
2013,Kanchanpur,0.0,0.0,Millet,21.32542466,27.07846575,16.83367123,62.80246575,1775.67,6066.3,2710.02,1.014876712,6.2,35.0,0.0,August,Sudurpashchim
2013,Kanchanpur,0.0,0.0,Buckwheat,21.32542466,27.07846575,16.83367123,62.80246575,1775.67,6066.3,2710.02,1.014876712,6.2,35.0,0.0,September,Sudurpashchim
2013,Kanchanpur,31433.0,2259.0,Wheat,21.32542466,27.07846575,16.83367123,62.80246575,1775.67,6066.3,2710.02,1.014876712,6.2,35.0,71007.147,November,Sudurpashchim
2013,Kanchanpur,10.0,1000.0,Barley,21.32542466,27.07846575,16.83367123,62.80246575,1775.67,6066.3,2710.02,1.014876712,6.2,35.0,10.0,November,Sudurpashchim
2013,Kapilbastu,72000.0,3270.0,Rice,24.44263014,30.32334247,19.55241096,61.49991781,1897.68,6284.78,2913.63,1.696493151,6.9,7607.0,235440.0,July,Lumbini
2013,Kapilbastu,1370.0,2410.0,Maize,24.44263014,30.32334247,19.55241096,61.49991781,1897.68,6284.78,2913.63,1.696493151,6.9,7607.0,3301.7,April,Lumbini
2013,Kapilbastu,0.0,0.0,Millet,24.44263014,30.32334247,19.55241096,61.49991781,1897.68,6284.78,2913.63,1.696493151,6.9,7607.0,0.0,August,Lumbini
2013,Kapilbastu,0.0,0.0,Buckwheat,24.44263014,30.32334247,19.55241096,61.49991781,1897.68,6284.78,2913.63,1.696493151,6.9,7607.0,0.0,September,Lumbini
2013,Kapilbastu,31000.0,2900.0,Wheat,24.44263014,30.32334247,19.55241096,61.49991781,1897.68,6284.78,2913.63,1.696493151,6.9,7607.0,89900.0,November,Lumbini
2013,Kapilbastu,200.0,1750.0,Barley,24.44263014,30.32334247,19.55241096,61.49991781,1897.68,6284.78,2913.63,1.696493151,6.9,7607.0,350.0,November,Lumbini
2013,Kaski,22050.0,3654.0,Rice,4.954273973,10.24282192,0.566191781,72.09860274,1327.28,5756.73,2564.58,1.67539726,6.7,14589.0,80570.7,July,Gandaki
2013,Kaski,20573.0,2554.0,Maize,4.954273973,10.24282192,0.566191781,72.09860274,1327.28,5756.73,2564.58,1.67539726,6.7,14589.0,52543.442,April,Gandaki
2013,Kaski,14767.0,1170.0,Millet,4.954273973,10.24282192,0.566191781,72.09860274,1327.28,5756.73,2564.58,1.67539726,6.7,14589.0,17277.39,August,Gandaki
2013,Kaski,14.0,1143.0,Buckwheat,4.954273973,10.24282192,0.566191781,72.09860274,1327.28,5756.73,2564.58,1.67539726,6.7,14589.0,16.002,September,Gandaki
2013,Kaski,6820.0,2273.0,Wheat,4.954273973,10.24282192,0.566191781,72.09860274,1327.28,5756.73,2564.58,1.67539726,6.7,14589.0,15501.86,November,Gandaki
2013,Kaski,130.0,846.0,Barley,4.954273973,10.24282192,0.566191781,72.09860274,1327.28,5756.73,2564.58,1.67539726,6.7,14589.0,109.98,November,Gandaki
2013,Kathmandu,7940.0,5698.0,Rice,18.59547945,23.90112329,14.64284932,63.4950411,1424.54,6294.94,2805.83,1.474575342,6.5,1638.0,45242.12,July,Bagmati
2013,Kathmandu,9923.0,3342.0,Maize,18.59547945,23.90112329,14.64284932,63.4950411,1424.54,6294.94,2805.83,1.474575342,6.5,1638.0,33162.666,April,Bagmati
2013,Kathmandu,852.0,1000.0,Millet,18.59547945,23.90112329,14.64284932,63.4950411,1424.54,6294.94,2805.83,1.474575342,6.5,1638.0,852.0,August,Bagmati
2013,Kathmandu,5.0,1000.0,Buckwheat,18.59547945,23.90112329,14.64284932,63.4950411,1424.54,6294.94,2805.83,1.474575342,6.5,1638.0,5.0,September,Bagmati
2013,Kathmandu,4529.0,2901.0,Wheat,18.59547945,23.90112329,14.64284932,63.4950411,1424.54,6294.94,2805.83,1.474575342,6.5,1638.0,13138.629,November,Bagmati
2013,Kathmandu,5.0,1000.0,Barley,18.59547945,23.90112329,14.64284932,63.4950411,1424.54,6294.94,2805.83,1.474575342,6.5,1638.0,5.0,November,Bagmati
2013,Kavre,10100.0,3012.0,Rice,18.59547945,23.90112329,14.64284932,63.4950411,1424.54,6294.94,2805.83,1.474575342,5.7,4293.0,30421.2,July,Unknown
2013,Kavre,24278.0,2125.0,Maize,18.59547945,23.90112329,14.64284932,63.4950411,1424.54,6294.94,2805.83,1.474575342,5.7,4293.0,51590.75,April,Unknown
2013,Kavre,3505.0,999.0,Millet,18.59547945,23.90112329,14.64284932,63.4950411,1424.54,6294.94,2805.83,1.474575342,5.7,4293.0,3501.495,August,Unknown
2013,Kavre,605.0,1000.0,Buckwheat,18.59547945,23.90112329,14.64284932,63.4950411,1424.54,6294.94,2805.83,1.474575342,5.7,4293.0,605.0,September,Unknown
2013,Kavre,9900.0,1909.0,Wheat,18.59547945,23.90112329,14.64284932,63.4950411,1424.54,6294.94,2805.83,1.474575342,5.7,4293.0,18899.1,November,Unknown
2013,Kavre,750.0,1100.0,Barley,18.59547945,23.90112329,14.64284932,63.4950411,1424.54,6294.94,2805.83,1.474575342,5.7,4293.0,825.0,November,Unknown
2013,Khotang,15202.0,2802.0,Rice,13.64624658,19.14556164,9.505013699,63.75282192,1122.96,5968.19,2664.6,1.61369863,5.5,11448.0,42596.004,July,Koshi
2013,Khotang,41060.0,1714.0,Maize,13.64624658,19.14556164,9.505013699,63.75282192,1122.96,5968.19,2664.6,1.61369863,5.5,11448.0,70376.84,April,Koshi
2013,Khotang,21315.0,1097.0,Millet,13.64624658,19.14556164,9.505013699,63.75282192,1122.96,5968.19,2664.6,1.61369863,5.5,11448.0,23382.555,August,Koshi
2013,Khotang,700.0,571.0,Buckwheat,13.64624658,19.14556164,9.505013699,63.75282192,1122.96,5968.19,2664.6,1.61369863,5.5,11448.0,399.7,September,Koshi
2013,Khotang,5530.0,2181.0,Wheat,13.64624658,19.14556164,9.505013699,63.75282192,1122.96,5968.19,2664.6,1.61369863,5.5,11448.0,12060.93,November,Koshi
2013,Khotang,400.0,1000.0,Barley,13.64624658,19.14556164,9.505013699,63.75282192,1122.96,5968.19,2664.6,1.61369863,5.5,11448.0,400.0,November,Koshi
2013,Lalitpur,4680.0,5650.0,Rice,18.59547945,23.90112329,14.64284932,63.4950411,1424.54,6294.94,2805.83,1.474575342,6.9,193.0,26442.0,July,Bagmati
2013,Lalitpur,8589.0,2900.0,Maize,18.59547945,23.90112329,14.64284932,63.4950411,1424.54,6294.94,2805.83,1.474575342,6.9,193.0,24908.1,April,Bagmati
2013,Lalitpur,575.0,1000.0,Millet,18.59547945,23.90112329,14.64284932,63.4950411,1424.54,6294.94,2805.83,1.474575342,6.9,193.0,575.0,August,Bagmati
2013,Lalitpur,54.0,981.0,Buckwheat,18.59547945,23.90112329,14.64284932,63.4950411,1424.54,6294.94,2805.83,1.474575342,6.9,193.0,52.974,September,Bagmati
2013,Lalitpur,4000.0,2725.0,Wheat,18.59547945,23.90112329,14.64284932,63.4950411,1424.54,6294.94,2805.83,1.474575342,6.9,193.0,10900.0,November,Bagmati
2013,Lalitpur,65.0,1077.0,Barley,18.59547945,23.90112329,14.64284932,63.4950411,1424.54,6294.94,2805.83,1.474575342,6.9,193.0,70.005,November,Bagmati
2013,Lamjung,16453.0,2864.0,Rice,4.954273973,10.24282192,0.566191781,72.09860274,1327.28,5756.73,2564.58,1.67539726,5.4,1406.0,47121.392,July,Gandaki
2013,Lamjung,22725.0,2332.0,Maize,4.954273973,10.24282192,0.566191781,72.09860274,1327.28,5756.73,2564.58,1.67539726,5.4,1406.0,52994.7,April,Gandaki
2013,Lamjung,7919.0,950.0,Millet,4.954273973,10.24282192,0.566191781,72.09860274,1327.28,5756.73,2564.58,1.67539726,5.4,1406.0,7523.05,August,Gandaki
2013,Lamjung,19.0,1000.0,Buckwheat,4.954273973,10.24282192,0.566191781,72.09860274,1327.28,5756.73,2564.58,1.67539726,5.4,1406.0,19.0,September,Gandaki
2013,Lamjung,500.0,2750.0,Wheat,4.954273973,10.24282192,0.566191781,72.09860274,1327.28,5756.73,2564.58,1.67539726,5.4,1406.0,1375.0,November,Gandaki
2013,Lamjung,28.0,964.0,Barley,4.954273973,10.24282192,0.566191781,72.09860274,1327.28,5756.73,2564.58,1.67539726,5.4,1406.0,26.992,November,Gandaki
2013,Mahottari,36144.0,1800.0,Rice,24.94339726,31.37087671,19.51580822,60.82712329,1254.79,6095.67,2727.34,1.865287671,6.8,447.0,65059.2,July,Madhesh
2013,Mahottari,700.0,2000.0,Maize,24.94339726,31.37087671,19.51580822,60.82712329,1254.79,6095.67,2727.34,1.865287671,6.8,447.0,1400.0,April,Madhesh
2013,Mahottari,0.0,0.0,Millet,24.94339726,31.37087671,19.51580822,60.82712329,1254.79,6095.67,2727.34,1.865287671,6.8,447.0,0.0,August,Madhesh
2013,Mahottari,0.0,0.0,Buckwheat,24.94339726,31.37087671,19.51580822,60.82712329,1254.79,6095.67,2727.34,1.865287671,6.8,447.0,0.0,September,Madhesh
2013,Mahottari,26800.0,2325.0,Wheat,24.94339726,31.37087671,19.51580822,60.82712329,1254.79,6095.67,2727.34,1.865287671,6.8,447.0,62310.0,November,Madhesh
2013,Mahottari,10.0,1000.0,Barley,24.94339726,31.37087671,19.51580822,60.82712329,1254.79,6095.67,2727.34,1.865287671,6.8,447.0,10.0,November,Madhesh
2013,Makwanpur,11125.0,3450.0,Rice,21.2800274,26.70410959,17.122,63.21057534,1562.07,6251.42,2888.78,1.394821918,5.9,10709.0,38381.25,July,Bagmati
2013,Makwanpur,23648.0,2870.0,Maize,21.2800274,26.70410959,17.122,63.21057534,1562.07,6251.42,2888.78,1.394821918,5.9,10709.0,67869.76,April,Bagmati
2013,Makwanpur,2645.0,1240.0,Millet,21.2800274,26.70410959,17.122,63.21057534,1562.07,6251.42,2888.78,1.394821918,5.9,10709.0,3279.8,August,Bagmati
2013,Makwanpur,170.0,1112.0,Buckwheat,21.2800274,26.70410959,17.122,63.21057534,1562.07,6251.42,2888.78,1.394821918,5.9,10709.0,189.04,September,Bagmati
2013,Makwanpur,4200.0,2859.0,Wheat,21.2800274,26.70410959,17.122,63.21057534,1562.07,6251.42,2888.78,1.394821918,5.9,10709.0,12007.8,November,Bagmati
2013,Makwanpur,20.0,1300.0,Barley,21.2800274,26.70410959,17.122,63.21057534,1562.07,6251.42,2888.78,1.394821918,5.9,10709.0,26.0,November,Bagmati
2013,Manang,0.0,0.0,Rice,4.954273973,10.24282192,0.566191781,72.09860274,1327.28,5756.73,2564.58,1.67539726,6.3,6257.0,0.0,July,Gandaki
2013,Manang,176.0,1960.0,Maize,4.954273973,10.24282192,0.566191781,72.09860274,1327.28,5756.73,2564.58,1.67539726,6.3,6257.0,344.96,April,Gandaki
2013,Manang,0.0,0.0,Millet,4.954273973,10.24282192,0.566191781,72.09860274,1327.28,5756.73,2564.58,1.67539726,6.3,6257.0,0.0,August,Gandaki
2013,Manang,225.0,1578.0,Buckwheat,4.954273973,10.24282192,0.566191781,72.09860274,1327.28,5756.73,2564.58,1.67539726,6.3,6257.0,355.05,September,Gandaki
2013,Manang,276.0,2228.0,Wheat,4.954273973,10.24282192,0.566191781,72.09860274,1327.28,5756.73,2564.58,1.67539726,6.3,6257.0,614.928,November,Gandaki
2013,Manang,100.0,2150.0,Barley,4.954273973,10.24282192,0.566191781,72.09860274,1327.28,5756.73,2564.58,1.67539726,6.3,6257.0,215.0,November,Gandaki
2013,Morang,83525.0,3976.0,Rice,23.96660274,29.75136986,19.40868493,62.59860274,1668.32,5914.5,2650.54,1.672,6.8,12.0,332095.4,July,Koshi
2013,Morang,15000.0,3333.0,Maize,23.96660274,29.75136986,19.40868493,62.59860274,1668.32,5914.5,2650.54,1.672,6.8,12.0,49995.0,April,Koshi
2013,Morang,1500.0,1200.0,Millet,23.96660274,29.75136986,19.40868493,62.59860274,1668.32,5914.5,2650.54,1.672,6.8,12.0,1800.0,August,Koshi
2013,Morang,70.0,1000.0,Buckwheat,23.96660274,29.75136986,19.40868493,62.59860274,1668.32,5914.5,2650.54,1.672,6.8,12.0,70.0,September,Koshi
2013,Morang,16345.0,2441.0,Wheat,23.96660274,29.75136986,19.40868493,62.59860274,1668.32,5914.5,2650.54,1.672,6.8,12.0,39898.145,November,Koshi
2013,Morang,0.0,0.0,Barley,23.96660274,29.75136986,19.40868493,62.59860274,1668.32,5914.5,2650.54,1.672,6.8,12.0,0.0,November,Koshi
2013,Mugu,1500.0,2501.0,Rice,12.31284932,17.40635616,8.072767123,72.06328767,1630.46,6137.36,2671.57,1.542958904,5.7,15693.0,3751.5,July,Karnali
2013,Mugu,617.0,1720.0,Maize,12.31284932,17.40635616,8.072767123,72.06328767,1630.46,6137.36,2671.57,1.542958904,5.7,15693.0,1061.24,April,Karnali
2013,Mugu,4488.0,1100.0,Millet,12.31284932,17.40635616,8.072767123,72.06328767,1630.46,6137.36,2671.57,1.542958904,5.7,15693.0,4936.8,August,Karnali
2013,Mugu,506.0,1000.0,Buckwheat,12.31284932,17.40635616,8.072767123,72.06328767,1630.46,6137.36,2671.57,1.542958904,5.7,15693.0,506.0,September,Karnali
2013,Mugu,4335.0,1900.0,Wheat,12.31284932,17.40635616,8.072767123,72.06328767,1630.46,6137.36,2671.57,1.542958904,5.7,15693.0,8236.5,November,Karnali
2013,Mugu,1540.0,1000.0,Barley,12.31284932,17.40635616,8.072767123,72.06328767,1630.46,6137.36,2671.57,1.542958904,5.7,15693.0,1540.0,November,Karnali
2013,Mustang,0.0,0.0,Rice,7.888219178,13.25109589,3.502054795,70.16846575,1770.97,5925.15,2576.65,1.59490411,7.3,10.0,0.0,July,Gandaki
2013,Mustang,530.0,1453.0,Maize,7.888219178,13.25109589,3.502054795,70.16846575,1770.97,5925.15,2576.65,1.59490411,7.3,10.0,770.09,April,Gandaki
2013,Mustang,0.0,0.0,Millet,7.888219178,13.25109589,3.502054795,70.16846575,1770.97,5925.15,2576.65,1.59490411,7.3,10.0,0.0,August,Gandaki
2013,Mustang,585.0,1744.0,Buckwheat,7.888219178,13.25109589,3.502054795,70.16846575,1770.97,5925.15,2576.65,1.59490411,7.3,10.0,1020.24,September,Gandaki
2013,Mustang,604.0,1838.0,Wheat,7.888219178,13.25109589,3.502054795,70.16846575,1770.97,5925.15,2576.65,1.59490411,7.3,10.0,1110.152,November,Gandaki
2013,Mustang,273.0,1853.0,Barley,7.888219178,13.25109589,3.502054795,70.16846575,1770.97,5925.15,2576.65,1.59490411,7.3,10.0,505.869,November,Gandaki
2013,Myagdi,3895.0,3200.0,Rice,7.888219178,13.25109589,3.502054795,70.16846575,1770.97,5925.15,2576.65,1.59490411,5.8,15.0,12464.0,July,Gandaki
2013,Myagdi,11134.0,3673.0,Maize,7.888219178,13.25109589,3.502054795,70.16846575,1770.97,5925.15,2576.65,1.59490411,5.8,15.0,40895.182,April,Gandaki
2013,Myagdi,2743.0,1249.0,Millet,7.888219178,13.25109589,3.502054795,70.16846575,1770.97,5925.15,2576.65,1.59490411,5.8,15.0,3426.007,August,Gandaki
2013,Myagdi,58.0,1690.0,Buckwheat,7.888219178,13.25109589,3.502054795,70.16846575,1770.97,5925.15,2576.65,1.59490411,5.8,15.0,98.02,September,Gandaki
2013,Myagdi,3045.0,2109.0,Wheat,7.888219178,13.25109589,3.502054795,70.16846575,1770.97,5925.15,2576.65,1.59490411,5.8,15.0,6421.905,November,Gandaki
2013,Myagdi,304.0,1299.0,Barley,7.888219178,13.25109589,3.502054795,70.16846575,1770.97,5925.15,2576.65,1.59490411,5.8,15.0,394.896,November,Gandaki
2013,Nawalparasi,48350.0,4070.0,Rice,23.94734247,29.66087671,19.14709589,63.07517808,1933.38,6284.78,2913.63,1.457561644,5.9,115.0,196784.5,July,Unknown
2013,Nawalparasi,10750.0,2354.0,Maize,23.94734247,29.66087671,19.14709589,63.07517808,1933.38,6284.78,2913.63,1.457561644,5.9,115.0,25305.5,April,Unknown
2013,Nawalparasi,500.0,1030.0,Millet,23.94734247,29.66087671,19.14709589,63.07517808,1933.38,6284.78,2913.63,1.457561644,5.9,115.0,515.0,August,Unknown
2013,Nawalparasi,200.0,635.0,Buckwheat,23.94734247,29.66087671,19.14709589,63.07517808,1933.38,6284.78,2913.63,1.457561644,5.9,115.0,127.0,September,Unknown
2013,Nawalparasi,18010.0,2710.0,Wheat,23.94734247,29.66087671,19.14709589,63.07517808,1933.38,6284.78,2913.63,1.457561644,5.9,115.0,48807.1,November,Unknown
2013,Nawalparasi,10.0,1000.0,Barley,23.94734247,29.66087671,19.14709589,63.07517808,1933.38,6284.78,2913.63,1.457561644,5.9,115.0,10.0,November,Unknown
2013,Nuwakot,14695.0,4299.0,Rice,8.843506849,14.41591781,4.340630137,66.93967123,1205.66,6294.94,2805.83,1.713671233,5.7,6146.0,63173.805,July,Bagmati
2013,Nuwakot,19615.0,3000.0,Maize,8.843506849,14.41591781,4.340630137,66.93967123,1205.66,6294.94,2805.83,1.713671233,5.7,6146.0,58845.0,April,Bagmati
2013,Nuwakot,5120.0,1900.0,Millet,8.843506849,14.41591781,4.340630137,66.93967123,1205.66,6294.94,2805.83,1.713671233,5.7,6146.0,9728.0,August,Bagmati
2013,Nuwakot,200.0,1130.0,Buckwheat,8.843506849,14.41591781,4.340630137,66.93967123,1205.66,6294.94,2805.83,1.713671233,5.7,6146.0,226.0,September,Bagmati
2013,Nuwakot,5470.0,3199.0,Wheat,8.843506849,14.41591781,4.340630137,66.93967123,1205.66,6294.94,2805.83,1.713671233,5.7,6146.0,17498.53,November,Bagmati
2013,Nuwakot,200.0,1125.0,Barley,8.843506849,14.41591781,4.340630137,66.93967123,1205.66,6294.94,2805.83,1.713671233,5.7,6146.0,225.0,November,Bagmati
2013,Okhaldhunga,4350.0,2600.0,Rice,13.64624658,19.14556164,9.505013699,63.75282192,1122.96,5968.19,2664.6,1.61369863,5.7,8047.0,11310.0,July,Koshi
2013,Okhaldhunga,11580.0,2200.0,Maize,13.64624658,19.14556164,9.505013699,63.75282192,1122.96,5968.19,2664.6,1.61369863,5.7,8047.0,25476.0,April,Koshi
2013,Okhaldhunga,7751.0,1600.0,Millet,13.64624658,19.14556164,9.505013699,63.75282192,1122.96,5968.19,2664.6,1.61369863,5.7,8047.0,12401.6,August,Koshi
2013,Okhaldhunga,105.0,857.0,Buckwheat,13.64624658,19.14556164,9.505013699,63.75282192,1122.96,5968.19,2664.6,1.61369863,5.7,8047.0,89.985,September,Koshi
2013,Okhaldhunga,2241.0,2123.0,Wheat,13.64624658,19.14556164,9.505013699,63.75282192,1122.96,5968.19,2664.6,1.61369863,5.7,8047.0,4757.643,November,Koshi
2013,Okhaldhunga,100.0,1000.0,Barley,13.64624658,19.14556164,9.505013699,63.75282192,1122.96,5968.19,2664.6,1.61369863,5.7,8047.0,100.0,November,Koshi
2013,Palpa,9430.0,3740.0,Rice,18.79980822,23.78808219,14.92939726,65.97928767,2074.76,6284.78,2913.63,1.490958904,5.9,193.0,35268.2,July,Lumbini
2013,Palpa,21583.0,1894.0,Maize,18.79980822,23.78808219,14.92939726,65.97928767,2074.76,6284.78,2913.63,1.490958904,5.9,193.0,40878.202,April,Lumbini
2013,Palpa,2538.0,1019.0,Millet,18.79980822,23.78808219,14.92939726,65.97928767,2074.76,6284.78,2913.63,1.490958904,5.9,193.0,2586.222,August,Lumbini
2013,Palpa,448.0,933.0,Buckwheat,18.79980822,23.78808219,14.92939726,65.97928767,2074.76,6284.78,2913.63,1.490958904,5.9,193.0,417.984,September,Lumbini
2013,Palpa,6200.0,2234.0,Wheat,18.79980822,23.78808219,14.92939726,65.97928767,2074.76,6284.78,2913.63,1.490958904,5.9,193.0,13850.8,November,Lumbini
2013,Palpa,26.0,1423.0,Barley,18.79980822,23.78808219,14.92939726,65.97928767,2074.76,6284.78,2913.63,1.490958904,5.9,193.0,36.998,November,Lumbini
2013,Panchthar,10322.0,2919.0,Rice,10.70473973,16.52709589,6.27969863,68.49465753,1130.71,5671.1,2497.26,1.769452055,5.7,1148.0,30129.918,July,Koshi
2013,Panchthar,18627.0,1607.0,Maize,10.70473973,16.52709589,6.27969863,68.49465753,1130.71,5671.1,2497.26,1.769452055,5.7,1148.0,29933.589,April,Koshi
2013,Panchthar,4805.0,1883.0,Millet,10.70473973,16.52709589,6.27969863,68.49465753,1130.71,5671.1,2497.26,1.769452055,5.7,1148.0,9047.815,August,Koshi
2013,Panchthar,56.0,643.0,Buckwheat,10.70473973,16.52709589,6.27969863,68.49465753,1130.71,5671.1,2497.26,1.769452055,5.7,1148.0,36.008,September,Koshi
2013,Panchthar,3120.0,2158.0,Wheat,10.70473973,16.52709589,6.27969863,68.49465753,1130.71,5671.1,2497.26,1.769452055,5.7,1148.0,6732.96,November,Koshi
2013,Panchthar,450.0,1111.0,Barley,10.70473973,16.52709589,6.27969863,68.49465753,1130.71,5671.1,2497.26,1.769452055,5.7,1148.0,499.95,November,Koshi
2013,Parbat,9595.0,2762.0,Rice,7.888219178,13.25109589,3.502054795,70.16846575,1770.97,5925.15,2576.65,1.59490411,5.7,536.0,26501.39,July,Gandaki
2013,Parbat,14285.0,2128.0,Maize,7.888219178,13.25109589,3.502054795,70.16846575,1770.97,5925.15,2576.65,1.59490411,5.7,536.0,30398.48,April,Gandaki
2013,Parbat,8770.0,900.0,Millet,7.888219178,13.25109589,3.502054795,70.16846575,1770.97,5925.15,2576.65,1.59490411,5.7,536.0,7893.0,August,Gandaki
2013,Parbat,38.0,974.0,Buckwheat,7.888219178,13.25109589,3.502054795,70.16846575,1770.97,5925.15,2576.65,1.59490411,5.7,536.0,37.012,September,Gandaki
2013,Parbat,2604.0,2321.0,Wheat,7.888219178,13.25109589,3.502054795,70.16846575,1770.97,5925.15,2576.65,1.59490411,5.7,536.0,6043.884,November,Gandaki
2013,Parbat,95.0,905.0,Barley,7.888219178,13.25109589,3.502054795,70.16846575,1770.97,5925.15,2576.65,1.59490411,5.7,536.0,85.975,November,Gandaki
2013,Parsa,43710.0,3633.0,Rice,24.45331507,30.57575342,19.17046575,62.98630137,1527.06,6251.42,2888.78,1.610328767,6.9,889.0,158798.43,July,Madhesh
2013,Parsa,4075.0,3500.0,Maize,24.45331507,30.57575342,19.17046575,62.98630137,1527.06,6251.42,2888.78,1.610328767,6.9,889.0,14262.5,April,Madhesh
2013,Parsa,86.0,1000.0,Millet,24.45331507,30.57575342,19.17046575,62.98630137,1527.06,6251.42,2888.78,1.610328767,6.9,889.0,86.0,August,Madhesh
2013,Parsa,0.0,0.0,Buckwheat,24.45331507,30.57575342,19.17046575,62.98630137,1527.06,6251.42,2888.78,1.610328767,6.9,889.0,0.0,September,Madhesh
2013,Parsa,23600.0,3419.0,Wheat,24.45331507,30.57575342,19.17046575,62.98630137,1527.06,6251.42,2888.78,1.610328767,6.9,889.0,80688.4,November,Madhesh
2013,Parsa,39.0,1026.0,Barley,24.45331507,30.57575342,19.17046575,62.98630137,1527.06,6251.42,2888.78,1.610328767,6.9,889.0,40.014,November,Madhesh
2013,Pyuthan,6520.0,3027.0,Rice,21.39353425,26.70147945,17.1419726,63.776,1828.02,5999.12,2609.0,1.776082192,6.5,14230.0,19736.04,July,Lumbini
2013,Pyuthan,12058.0,1531.0,Maize,21.39353425,26.70147945,17.1419726,63.776,1828.02,5999.12,2609.0,1.776082192,6.5,14230.0,18460.798,April,Lumbini
2013,Pyuthan,1984.0,1011.0,Millet,21.39353425,26.70147945,17.1419726,63.776,1828.02,5999.12,2609.0,1.776082192,6.5,14230.0,2005.824,August,Lumbini
2013,Pyuthan,13.0,1154.0,Buckwheat,21.39353425,26.70147945,17.1419726,63.776,1828.02,5999.12,2609.0,1.776082192,6.5,14230.0,15.002,September,Lumbini
2013,Pyuthan,8640.0,2403.0,Wheat,21.39353425,26.70147945,17.1419726,63.776,1828.02,5999.12,2609.0,1.776082192,6.5,14230.0,20761.92,November,Lumbini
2013,Pyuthan,510.0,1600.0,Barley,21.39353425,26.70147945,17.1419726,63.776,1828.02,5999.12,2609.0,1.776082192,6.5,14230.0,816.0,November,Lumbini
2013,Ramechap,9508.0,2720.0,Rice,13.64624658,19.14556164,9.505013699,63.75282192,1122.96,5968.19,2664.6,1.61369863,5.4,295.0,25861.76,July,Unknown
2013,Ramechap,21480.0,2670.0,Maize,13.64624658,19.14556164,9.505013699,63.75282192,1122.96,5968.19,2664.6,1.61369863,5.4,295.0,57351.6,April,Unknown
2013,Ramechap,5060.0,870.0,Millet,13.64624658,19.14556164,9.505013699,63.75282192,1122.96,5968.19,2664.6,1.61369863,5.4,295.0,4402.2,August,Unknown
2013,Ramechap,19.0,1000.0,Buckwheat,13.64624658,19.14556164,9.505013699,63.75282192,1122.96,5968.19,2664.6,1.61369863,5.4,295.0,19.0,September,Unknown
2013,Ramechap,4460.0,1954.0,Wheat,13.64624658,19.14556164,9.505013699,63.75282192,1122.96,5968.19,2664.6,1.61369863,5.4,295.0,8714.84,November,Unknown
2013,Ramechap,173.0,1098.0,Barley,13.64624658,19.14556164,9.505013699,63.75282192,1122.96,5968.19,2664.6,1.61369863,5.4,295.0,189.954,November,Unknown
2013,Rasuwa,1305.0,2483.0,Rice,8.843506849,14.41591781,4.340630137,66.93967123,1205.66,6099.83,2729.57,1.713671233,6.1,1151.0,3240.315,July,Bagmati
2013,Rasuwa,2430.0,2091.0,Maize,8.843506849,14.41591781,4.340630137,66.93967123,1205.66,6099.83,2729.57,1.713671233,6.1,1151.0,5081.13,April,Bagmati
2013,Rasuwa,900.0,926.0,Millet,8.843506849,14.41591781,4.340630137,66.93967123,1205.66,6099.83,2729.57,1.713671233,6.1,1151.0,833.4,August,Bagmati
2013,Rasuwa,0.0,0.0,Buckwheat,8.843506849,14.41591781,4.340630137,66.93967123,1205.66,6099.83,2729.57,1.713671233,6.1,1151.0,0.0,September,Bagmati
2013,Rasuwa,740.0,2508.0,Wheat,8.843506849,14.41591781,4.340630137,66.93967123,1205.66,6099.83,2729.57,1.713671233,6.1,1151.0,1855.92,November,Bagmati
2013,Rasuwa,173.0,1098.0,Barley,8.843506849,14.41591781,4.340630137,66.93967123,1205.66,6099.83,2729.57,1.713671233,6.1,1151.0,189.954,November,Bagmati
2013,Rautahat,30500.0,3135.0,Rice,23.78819178,29.81767123,19.04443836,60.38523288,1421.55,6095.67,2727.34,1.655780822,6.8,13654.0,95617.5,July,Madhesh
2013,Rautahat,1700.0,3235.0,Maize,23.78819178,29.81767123,19.04443836,60.38523288,1421.55,6095.67,2727.34,1.655780822,6.8,13654.0,5499.5,April,Madhesh
2013,Rautahat,60.0,867.0,Millet,23.78819178,29.81767123,19.04443836,60.38523288,1421.55,6095.67,2727.34,1.655780822,6.8,13654.0,52.02,August,Madhesh
2013,Rautahat,0.0,0.0,Buckwheat,23.78819178,29.81767123,19.04443836,60.38523288,1421.55,6095.67,2727.34,1.655780822,6.8,13654.0,0.0,September,Madhesh
2013,Rautahat,15450.0,3107.0,Wheat,23.78819178,29.81767123,19.04443836,60.38523288,1421.55,6095.67,2727.34,1.655780822,6.8,13654.0,48003.15,November,Madhesh
2013,Rautahat,5.0,1000.0,Barley,23.78819178,29.81767123,19.04443836,60.38523288,1421.55,6095.67,2727.34,1.655780822,6.8,13654.0,5.0,November,Madhesh
2013,Rolpa,4715.0,2500.0,Rice,14.56769863,19.93446575,10.21882192,68.73339726,1859.02,5999.12,2609.0,1.672246575,6.1,421.0,11787.5,July,Lumbini
2013,Rolpa,11881.0,2200.0,Maize,14.56769863,19.93446575,10.21882192,68.73339726,1859.02,5999.12,2609.0,1.672246575,6.1,421.0,26138.2,April,Lumbini
2013,Rolpa,1061.0,1200.0,Millet,14.56769863,19.93446575,10.21882192,68.73339726,1859.02,5999.12,2609.0,1.672246575,6.1,421.0,1273.2,August,Lumbini
2013,Rolpa,122.0,984.0,Buckwheat,14.56769863,19.93446575,10.21882192,68.73339726,1859.02,5999.12,2609.0,1.672246575,6.1,421.0,120.048,September,Lumbini
2013,Rolpa,8560.0,2500.0,Wheat,14.56769863,19.93446575,10.21882192,68.73339726,1859.02,5999.12,2609.0,1.672246575,6.1,421.0,21400.0,November,Lumbini
2013,Rolpa,500.0,1400.0,Barley,14.56769863,19.93446575,10.21882192,68.73339726,1859.02,5999.12,2609.0,1.672246575,6.1,421.0,700.0,November,Lumbini
2013,Rukum,3562.0,2800.0,Rice,14.56769863,19.93446575,10.21882192,68.73339726,1859.02,6046.88,2628.68,1.672246575,6.8,11770.0,9973.6,July,Unknown
2013,Rukum,16289.0,1903.0,Maize,14.56769863,19.93446575,10.21882192,68.73339726,1859.02,6046.88,2628.68,1.672246575,6.8,11770.0,30997.967,April,Unknown
2013,Rukum,915.0,0.0,Millet,14.56769863,19.93446575,10.21882192,68.73339726,1859.02,6046.88,2628.68,1.672246575,6.8,11770.0,0.0,August,Unknown
2013,Rukum,0.0,1719.0,Buckwheat,14.56769863,19.93446575,10.21882192,68.73339726,1859.02,6046.88,2628.68,1.672246575,6.8,11770.0,0.0,September,Unknown
2013,Rukum,10600.0,2599.0,Wheat,14.56769863,19.93446575,10.21882192,68.73339726,1859.02,6046.88,2628.68,1.672246575,6.8,11770.0,27549.4,November,Unknown
2013,Rukum,980.0,1224.0,Barley,14.56769863,19.93446575,10.21882192,68.73339726,1859.02,6046.88,2628.68,1.672246575,6.8,11770.0,1199.52,November,Unknown
2013,Rupandehi,70500.0,4674.0,Rice,23.94734247,29.66087671,19.14709589,63.07517808,1933.38,6284.78,2913.63,1.457561644,6.6,399.0,329517.0,July,Lumbini
2013,Rupandehi,2650.0,3962.0,Maize,23.94734247,29.66087671,19.14709589,63.07517808,1933.38,6284.78,2913.63,1.457561644,6.6,399.0,10499.3,April,Lumbini
2013,Rupandehi,120.0,0.0,Millet,23.94734247,29.66087671,19.14709589,63.07517808,1933.38,6284.78,2913.63,1.457561644,6.6,399.0,0.0,August,Lumbini
2013,Rupandehi,0.0,0.0,Buckwheat,23.94734247,29.66087671,19.14709589,63.07517808,1933.38,6284.78,2913.63,1.457561644,6.6,399.0,0.0,September,Lumbini
2013,Rupandehi,30400.0,3512.0,Wheat,23.94734247,29.66087671,19.14709589,63.07517808,1933.38,6284.78,2913.63,1.457561644,6.6,399.0,106764.8,November,Lumbini
2013,Rupandehi,100.0,2100.0,Barley,23.94734247,29.66087671,19.14709589,63.07517808,1933.38,6284.78,2913.63,1.457561644,6.6,399.0,210.0,November,Lumbini
2013,Salyan,6934.0,3533.0,Rice,21.39353425,26.70147945,17.1419726,63.776,1828.02,5999.12,2609.0,1.776082192,5.9,395.0,24497.822,July,Karnali
2013,Salyan,16280.0,2057.0,Maize,21.39353425,26.70147945,17.1419726,63.776,1828.02,5999.12,2609.0,1.776082192,5.9,395.0,33487.96,April,Karnali
2013,Salyan,2204.0,909.0,Millet,21.39353425,26.70147945,17.1419726,63.776,1828.02,5999.12,2609.0,1.776082192,5.9,395.0,2003.436,August,Karnali
2013,Salyan,65.0,1092.0,Buckwheat,21.39353425,26.70147945,17.1419726,63.776,1828.02,5999.12,2609.0,1.776082192,5.9,395.0,70.98,September,Karnali
2013,Salyan,15108.0,2028.0,Wheat,21.39353425,26.70147945,17.1419726,63.776,1828.02,5999.12,2609.0,1.776082192,5.9,395.0,30639.024,November,Karnali
2013,Salyan,1265.0,1154.0,Barley,21.39353425,26.70147945,17.1419726,63.776,1828.02,5999.12,2609.0,1.776082192,5.9,395.0,1459.81,November,Karnali
2013,Sankhuwashava,13775.0,2574.0,Rice,10.70473973,16.52709589,6.27969863,68.49465753,1130.71,5671.1,2497.26,1.769452055,5.6,21112.0,35456.85,July,Unknown
2013,Sankhuwashava,12470.0,1363.0,Maize,10.70473973,16.52709589,6.27969863,68.49465753,1130.71,5671.1,2497.26,1.769452055,5.6,21112.0,16996.61,April,Unknown
2013,Sankhuwashava,7171.0,1020.0,Millet,10.70473973,16.52709589,6.27969863,68.49465753,1130.71,5671.1,2497.26,1.769452055,5.6,21112.0,7314.42,August,Unknown
2013,Sankhuwashava,18.0,833.0,Buckwheat,10.70473973,16.52709589,6.27969863,68.49465753,1130.71,5671.1,2497.26,1.769452055,5.6,21112.0,14.994,September,Unknown
2013,Sankhuwashava,775.0,2471.0,Wheat,10.70473973,16.52709589,6.27969863,68.49465753,1130.71,5671.1,2497.26,1.769452055,5.6,21112.0,1915.025,November,Unknown
2013,Sankhuwashava,30.0,1000.0,Barley,10.70473973,16.52709589,6.27969863,68.49465753,1130.71,5671.1,2497.26,1.769452055,5.6,21112.0,30.0,November,Unknown
2013,Saptari,35000.0,2586.0,Rice,24.54646575,30.5710411,19.75561644,60.33608219,1162.1,6044.41,2704.31,1.858876712,6.6,742.0,90510.0,July,Madhesh
2013,Saptari,3500.0,2229.0,Maize,24.54646575,30.5710411,19.75561644,60.33608219,1162.1,6044.41,2704.31,1.858876712,6.6,742.0,7801.5,April,Madhesh
2013,Saptari,250.0,860.0,Millet,24.54646575,30.5710411,19.75561644,60.33608219,1162.1,6044.41,2704.31,1.858876712,6.6,742.0,215.0,August,Madhesh
2013,Saptari,0.0,0.0,Buckwheat,24.54646575,30.5710411,19.75561644,60.33608219,1162.1,6044.41,2704.31,1.858876712,6.6,742.0,0.0,September,Madhesh
2013,Saptari,16000.0,2750.0,Wheat,24.54646575,30.5710411,19.75561644,60.33608219,1162.1,6044.41,2704.31,1.858876712,6.6,742.0,44000.0,November,Madhesh
2013,Saptari,0.0,0.0,Barley,24.54646575,30.5710411,19.75561644,60.33608219,1162.1,6044.41,2704.31,1.858876712,6.6,742.0,0.0,November,Madhesh
2013,Sarlahi,45500.0,2483.0,Rice,23.78819178,29.81767123,19.04443836,60.38523288,1421.55,6095.67,2727.34,1.655780822,6.6,748.0,112976.5,July,Madhesh
2013,Sarlahi,5440.0,4648.0,Maize,23.78819178,29.81767123,19.04443836,60.38523288,1421.55,6095.67,2727.34,1.655780822,6.6,748.0,25285.12,April,Madhesh
2013,Sarlahi,950.0,1000.0,Millet,23.78819178,29.81767123,19.04443836,60.38523288,1421.55,6095.67,2727.34,1.655780822,6.6,748.0,950.0,August,Madhesh
2013,Sarlahi,0.0,0.0,Buckwheat,23.78819178,29.81767123,19.04443836,60.38523288,1421.55,6095.67,2727.34,1.655780822,6.6,748.0,0.0,September,Madhesh
2013,Sarlahi,22500.0,2833.0,Wheat,23.78819178,29.81767123,19.04443836,60.38523288,1421.55,6095.67,2727.34,1.655780822,6.6,748.0,63742.5,November,Madhesh
2013,Sarlahi,75.0,1000.0,Barley,23.78819178,29.81767123,19.04443836,60.38523288,1421.55,6095.67,2727.34,1.655780822,6.6,748.0,75.0,November,Madhesh
2013,Sindhuli,14200.0,3300.0,Rice,22.22715068,28.1350411,17.77150685,59.48649315,1249.09,5968.19,2664.6,1.702520548,6.0,12812.0,46860.0,July,Bagmati
2013,Sindhuli,23642.0,2520.0,Maize,22.22715068,28.1350411,17.77150685,59.48649315,1249.09,5968.19,2664.6,1.702520548,6.0,12812.0,59577.84,April,Bagmati
2013,Sindhuli,11618.0,820.0,Millet,22.22715068,28.1350411,17.77150685,59.48649315,1249.09,5968.19,2664.6,1.702520548,6.0,12812.0,9526.76,August,Bagmati
2013,Sindhuli,532.0,511.0,Buckwheat,22.22715068,28.1350411,17.77150685,59.48649315,1249.09,5968.19,2664.6,1.702520548,6.0,12812.0,271.852,September,Bagmati
2013,Sindhuli,5600.0,2518.0,Wheat,22.22715068,28.1350411,17.77150685,59.48649315,1249.09,5968.19,2664.6,1.702520548,6.0,12812.0,14100.8,November,Bagmati
2013,Sindhuli,50.0,1500.0,Barley,22.22715068,28.1350411,17.77150685,59.48649315,1249.09,5968.19,2664.6,1.702520548,6.0,12812.0,75.0,November,Bagmati
2013,Sindhupalchok,12235.0,2325.0,Rice,8.843506849,14.41591781,4.340630137,66.93967123,1205.66,6294.94,2805.83,1.713671233,5.6,7437.0,28446.375,July,Bagmati
2013,Sindhupalchok,24907.0,2166.0,Maize,8.843506849,14.41591781,4.340630137,66.93967123,1205.66,6294.94,2805.83,1.713671233,5.6,7437.0,53948.562,April,Bagmati
2013,Sindhupalchok,19320.0,1100.0,Millet,8.843506849,14.41591781,4.340630137,66.93967123,1205.66,6294.94,2805.83,1.713671233,5.6,7437.0,21252.0,August,Bagmati
2013,Sindhupalchok,0.0,0.0,Buckwheat,8.843506849,14.41591781,4.340630137,66.93967123,1205.66,6294.94,2805.83,1.713671233,5.6,7437.0,0.0,September,Bagmati
2013,Sindhupalchok,7010.0,1122.0,Wheat,8.843506849,14.41591781,4.340630137,66.93967123,1205.66,6294.94,2805.83,1.713671233,5.6,7437.0,7865.22,November,Bagmati
2013,Sindhupalchok,200.0,1000.0,Barley,8.843506849,14.41591781,4.340630137,66.93967123,1205.66,6294.94,2805.83,1.713671233,5.6,7437.0,200.0,November,Bagmati
2013,Siraha,38788.0,2534.0,Rice,24.82953425,31.20764384,19.65583562,59.86153425,1161.89,6044.41,2704.31,1.940876712,6.8,4139.0,98288.792,July,Madhesh
2013,Siraha,2000.0,2000.0,Maize,24.82953425,31.20764384,19.65583562,59.86153425,1161.89,6044.41,2704.31,1.940876712,6.8,4139.0,4000.0,April,Madhesh
2013,Siraha,650.0,885.0,Millet,24.82953425,31.20764384,19.65583562,59.86153425,1161.89,6044.41,2704.31,1.940876712,6.8,4139.0,575.25,August,Madhesh
2013,Siraha,0.0,0.0,Buckwheat,24.82953425,31.20764384,19.65583562,59.86153425,1161.89,6044.41,2704.31,1.940876712,6.8,4139.0,0.0,September,Madhesh
2013,Siraha,14750.0,2193.0,Wheat,24.82953425,31.20764384,19.65583562,59.86153425,1161.89,6044.41,2704.31,1.940876712,6.8,4139.0,32346.75,November,Madhesh
2013,Siraha,0.0,0.0,Barley,24.82953425,31.20764384,19.65583562,59.86153425,1161.89,6044.41,2704.31,1.940876712,6.8,4139.0,0.0,November,Madhesh
2013,Solukhumbu,1620.0,2200.0,Rice,9.333589041,15.06279452,4.903479452,66.35646575,1002.06,5968.19,2664.6,1.805890411,5.8,4536.0,3564.0,July,Koshi
2013,Solukhumbu,12955.0,2510.0,Maize,9.333589041,15.06279452,4.903479452,66.35646575,1002.06,5968.19,2664.6,1.805890411,5.8,4536.0,32517.05,April,Koshi
2013,Solukhumbu,2100.0,1280.0,Millet,9.333589041,15.06279452,4.903479452,66.35646575,1002.06,5968.19,2664.6,1.805890411,5.8,4536.0,2688.0,August,Koshi
2013,Solukhumbu,230.0,652.0,Buckwheat,9.333589041,15.06279452,4.903479452,66.35646575,1002.06,5968.19,2664.6,1.805890411,5.8,4536.0,149.96,September,Koshi
2013,Solukhumbu,1250.0,2040.0,Wheat,9.333589041,15.06279452,4.903479452,66.35646575,1002.06,5968.19,2664.6,1.805890411,5.8,4536.0,2550.0,November,Koshi
2013,Solukhumbu,190.0,1053.0,Barley,9.333589041,15.06279452,4.903479452,66.35646575,1002.06,5968.19,2664.6,1.805890411,5.8,4536.0,200.07,November,Koshi
2013,Sunsari,51550.0,3496.0,Rice,23.96660274,29.75136986,19.40868493,62.59860274,1668.32,5914.5,2650.54,1.672,6.6,11556.0,180218.8,July,Koshi
2013,Sunsari,7800.0,3397.0,Maize,23.96660274,29.75136986,19.40868493,62.59860274,1668.32,5914.5,2650.54,1.672,6.6,11556.0,26496.6,April,Koshi
2013,Sunsari,1200.0,917.0,Millet,23.96660274,29.75136986,19.40868493,62.59860274,1668.32,5914.5,2650.54,1.672,6.6,11556.0,1100.4,August,Koshi
2013,Sunsari,400.0,1000.0,Buckwheat,23.96660274,29.75136986,19.40868493,62.59860274,1668.32,5914.5,2650.54,1.672,6.6,11556.0,400.0,September,Koshi
2013,Sunsari,16300.0,2767.0,Wheat,23.96660274,29.75136986,19.40868493,62.59860274,1668.32,5914.5,2650.54,1.672,6.6,11556.0,45102.1,November,Koshi
2013,Sunsari,0.0,0.0,Barley,23.96660274,29.75136986,19.40868493,62.59860274,1668.32,5914.5,2650.54,1.672,6.6,11556.0,0.0,November,Koshi
2013,Surkhet,14600.0,4063.0,Rice,19.76386301,24.83720548,15.67871233,65.04906849,1835.35,5816.6,2582.43,1.500547945,5.9,194.0,59319.8,July,Karnali
2013,Surkhet,16100.0,2375.0,Maize,19.76386301,24.83720548,15.67871233,65.04906849,1835.35,5816.6,2582.43,1.500547945,5.9,194.0,38237.5,April,Karnali
2013,Surkhet,2095.0,1352.0,Millet,19.76386301,24.83720548,15.67871233,65.04906849,1835.35,5816.6,2582.43,1.500547945,5.9,194.0,2832.44,August,Karnali
2013,Surkhet,0.0,0.0,Buckwheat,19.76386301,24.83720548,15.67871233,65.04906849,1835.35,5816.6,2582.43,1.500547945,5.9,194.0,0.0,September,Karnali
2013,Surkhet,16255.0,2815.0,Wheat,19.76386301,24.83720548,15.67871233,65.04906849,1835.35,5816.6,2582.43,1.500547945,5.9,194.0,45757.825,November,Karnali
2013,Surkhet,1030.0,1320.0,Barley,19.76386301,24.83720548,15.67871233,65.04906849,1835.35,5816.6,2582.43,1.500547945,5.9,194.0,1359.6,November,Karnali
2013,Syangja,18030.0,3531.0,Rice,18.79980822,23.78808219,14.92939726,65.97928767,2074.76,5925.15,2576.65,1.490958904,6.0,6524.0,63663.93,July,Gandaki
2013,Syangja,30905.0,2633.0,Maize,18.79980822,23.78808219,14.92939726,65.97928767,2074.76,5925.15,2576.65,1.490958904,6.0,6524.0,81372.865,April,Gandaki
2013,Syangja,16805.0,1120.0,Millet,18.79980822,23.78808219,14.92939726,65.97928767,2074.76,5925.15,2576.65,1.490958904,6.0,6524.0,18821.6,August,Gandaki
2013,Syangja,230.0,748.0,Buckwheat,18.79980822,23.78808219,14.92939726,65.97928767,2074.76,5925.15,2576.65,1.490958904,6.0,6524.0,172.04,September,Gandaki
2013,Syangja,5798.0,1751.0,Wheat,18.79980822,23.78808219,14.92939726,65.97928767,2074.76,5925.15,2576.65,1.490958904,6.0,6524.0,10152.298,November,Gandaki
2013,Syangja,6.0,833.0,Barley,18.79980822,23.78808219,14.92939726,65.97928767,2074.76,5925.15,2576.65,1.490958904,6.0,6524.0,4.998,November,Gandaki
2013,Tanahu,16415.0,3570.0,Rice,18.79980822,23.78808219,14.92939726,65.97928767,2074.76,6251.42,2888.78,1.490958904,5.6,2049.0,58601.55,July,Gandaki
2013,Tanahu,26045.0,2750.0,Maize,18.79980822,23.78808219,14.92939726,65.97928767,2074.76,6251.42,2888.78,1.490958904,5.6,2049.0,71623.75,April,Gandaki
2013,Tanahu,6350.0,900.0,Millet,18.79980822,23.78808219,14.92939726,65.97928767,2074.76,6251.42,2888.78,1.490958904,5.6,2049.0,5715.0,August,Gandaki
2013,Tanahu,191.0,979.0,Buckwheat,18.79980822,23.78808219,14.92939726,65.97928767,2074.76,6251.42,2888.78,1.490958904,5.6,2049.0,186.989,September,Gandaki
2013,Tanahu,1900.0,1950.0,Wheat,18.79980822,23.78808219,14.92939726,65.97928767,2074.76,6251.42,2888.78,1.490958904,5.6,2049.0,3705.0,November,Gandaki
2013,Tanahu,6.0,1000.0,Barley,18.79980822,23.78808219,14.92939726,65.97928767,2074.76,6251.42,2888.78,1.490958904,5.6,2049.0,6.0,November,Gandaki
2013,Taplejung,6950.0,1994.0,Rice,5.338410959,10.74586301,1.237506849,71.65550685,1236.96,5671.1,2497.26,1.532219178,5.4,1277.0,13858.3,July,Koshi
2013,Taplejung,16075.0,3074.0,Maize,5.338410959,10.74586301,1.237506849,71.65550685,1236.96,5671.1,2497.26,1.532219178,5.4,1277.0,49414.55,April,Koshi
2013,Taplejung,3290.0,1343.0,Millet,5.338410959,10.74586301,1.237506849,71.65550685,1236.96,5671.1,2497.26,1.532219178,5.4,1277.0,4418.47,August,Koshi
2013,Taplejung,120.0,1417.0,Buckwheat,5.338410959,10.74586301,1.237506849,71.65550685,1236.96,5671.1,2497.26,1.532219178,5.4,1277.0,170.04,September,Koshi
2013,Taplejung,925.0,2179.0,Wheat,5.338410959,10.74586301,1.237506849,71.65550685,1236.96,5671.1,2497.26,1.532219178,5.4,1277.0,2015.575,November,Koshi
2013,Taplejung,200.0,1500.0,Barley,5.338410959,10.74586301,1.237506849,71.65550685,1236.96,5671.1,2497.26,1.532219178,5.4,1277.0,300.0,November,Koshi
2013,Terhathum,10180.0,2709.0,Rice,19.908,25.25923288,15.83515068,63.76115068,1547.04,5671.1,2497.26,1.426438356,5.6,611.0,27577.62,July,Unknown
2013,Terhathum,12410.0,2200.0,Maize,19.908,25.25923288,15.83515068,63.76115068,1547.04,5671.1,2497.26,1.426438356,5.6,611.0,27302.0,April,Unknown
2013,Terhathum,2800.0,1179.0,Millet,19.908,25.25923288,15.83515068,63.76115068,1547.04,5671.1,2497.26,1.426438356,5.6,611.0,3301.2,August,Unknown
2013,Terhathum,35.0,857.0,Buckwheat,19.908,25.25923288,15.83515068,63.76115068,1547.04,5671.1,2497.26,1.426438356,5.6,611.0,29.995,September,Unknown
2013,Terhathum,2500.0,2270.0,Wheat,19.908,25.25923288,15.83515068,63.76115068,1547.04,5671.1,2497.26,1.426438356,5.6,611.0,5675.0,November,Unknown
2013,Terhathum,75.0,1067.0,Barley,19.908,25.25923288,15.83515068,63.76115068,1547.04,5671.1,2497.26,1.426438356,5.6,611.0,80.025,November,Unknown
2013,Udayapur,15250.0,3466.0,Rice,18.54356164,23.79931507,14.71336986,64.82063014,1806.9,5914.5,2650.54,1.228465753,5.4,1273.0,52856.5,July,Koshi
2013,Udayapur,9500.0,2474.0,Maize,18.54356164,23.79931507,14.71336986,64.82063014,1806.9,5914.5,2650.54,1.228465753,5.4,1273.0,23503.0,April,Koshi
2013,Udayapur,2580.0,1938.0,Millet,18.54356164,23.79931507,14.71336986,64.82063014,1806.9,5914.5,2650.54,1.228465753,5.4,1273.0,5000.04,August,Koshi
2013,Udayapur,20.0,1000.0,Buckwheat,18.54356164,23.79931507,14.71336986,64.82063014,1806.9,5914.5,2650.54,1.228465753,5.4,1273.0,20.0,September,Koshi
2013,Udayapur,5120.0,3091.0,Wheat,18.54356164,23.79931507,14.71336986,64.82063014,1806.9,5914.5,2650.54,1.228465753,5.4,1273.0,15825.92,November,Koshi
2013,Udayapur,35.0,1000.0,Barley,18.54356164,23.79931507,14.71336986,64.82063014,1806.9,5914.5,2650.54,1.228465753,5.4,1273.0,35.0,November,Koshi
2014,Achham,16500.0,2109.0,Rice,12.45279452,17.9750137,7.902328767,66.96394521,1070.46,6413.25,2782.67,1.554575342,6.1,76.0,34798.5,July,Sudurpashchim
2014,Achham,3652.0,2783.0,Maize,12.45279452,17.9750137,7.902328767,66.96394521,1070.46,6413.25,2782.67,1.554575342,6.1,76.0,10163.516,April,Sudurpashchim
2014,Achham,3420.0,1038.0,Millet,12.45279452,17.9750137,7.902328767,66.96394521,1070.46,6413.25,2782.67,1.554575342,6.1,76.0,3549.96,August,Sudurpashchim
2014,Achham,0.0,0.0,Buckwheat,12.45279452,17.9750137,7.902328767,66.96394521,1070.46,6413.25,2782.67,1.554575342,6.1,76.0,0.0,September,Sudurpashchim
2014,Achham,15210.0,1479.0,Wheat,12.45279452,17.9750137,7.902328767,66.96394521,1070.46,6413.25,2782.67,1.554575342,6.1,76.0,22495.59,November,Sudurpashchim
2014,Achham,500.0,1320.0,Barley,12.45279452,17.9750137,7.902328767,66.96394521,1070.46,6413.25,2782.67,1.554575342,6.1,76.0,660.0,November,Sudurpashchim
2014,Arghakhanchi,8189.0,3100.0,Rice,19.90926027,25.24227397,15.81109589,58.72786301,1776.86,6459.57,2990.77,1.702164384,5.9,612.0,25385.9,July,Lumbini
2014,Arghakhanchi,16500.0,3000.0,Maize,19.90926027,25.24227397,15.81109589,58.72786301,1776.86,6459.57,2990.77,1.702164384,5.9,612.0,49500.0,April,Lumbini
2014,Arghakhanchi,505.0,1299.0,Millet,19.90926027,25.24227397,15.81109589,58.72786301,1776.86,6459.57,2990.77,1.702164384,5.9,612.0,655.995,August,Lumbini
2014,Arghakhanchi,275.0,873.0,Buckwheat,19.90926027,25.24227397,15.81109589,58.72786301,1776.86,6459.57,2990.77,1.702164384,5.9,612.0,240.075,September,Lumbini
2014,Arghakhanchi,7340.0,2180.0,Wheat,19.90926027,25.24227397,15.81109589,58.72786301,1776.86,6459.57,2990.77,1.702164384,5.9,612.0,16001.2,November,Lumbini
2014,Arghakhanchi,350.0,1200.0,Barley,19.90926027,25.24227397,15.81109589,58.72786301,1776.86,6459.57,2990.77,1.702164384,5.9,612.0,420.0,November,Lumbini
2014,Baglung,5782.0,3064.0,Rice,19.246,24.31819178,15.2229863,62.63756164,2051.05,6221.05,2694.46,1.488520548,5.7,439.0,17716.048,July,Gandaki
2014,Baglung,19942.0,2949.0,Maize,19.246,24.31819178,15.2229863,62.63756164,2051.05,6221.05,2694.46,1.488520548,5.7,439.0,58808.958,April,Gandaki
2014,Baglung,18559.0,1174.0,Millet,19.246,24.31819178,15.2229863,62.63756164,2051.05,6221.05,2694.46,1.488520548,5.7,439.0,21788.266,August,Gandaki
2014,Baglung,84.0,1440.0,Buckwheat,19.246,24.31819178,15.2229863,62.63756164,2051.05,6221.05,2694.46,1.488520548,5.7,439.0,120.96,September,Gandaki
2014,Baglung,6996.0,2426.0,Wheat,19.246,24.31819178,15.2229863,62.63756164,2051.05,6221.05,2694.46,1.488520548,5.7,439.0,16972.296,November,Gandaki
2014,Baglung,965.0,1250.0,Barley,19.246,24.31819178,15.2229863,62.63756164,2051.05,6221.05,2694.46,1.488520548,5.7,439.0,1206.25,November,Gandaki
2014,Baitadi,7000.0,2240.0,Rice,11.13424658,16.98210959,6.185041096,64.68284932,744.78,6670.25,2937.41,1.662410959,6.0,109.0,15680.0,July,Sudurpashchim
2014,Baitadi,14500.0,1615.0,Maize,11.13424658,16.98210959,6.185041096,64.68284932,744.78,6670.25,2937.41,1.662410959,6.0,109.0,23417.5,April,Sudurpashchim
2014,Baitadi,710.0,1563.0,Millet,11.13424658,16.98210959,6.185041096,64.68284932,744.78,6670.25,2937.41,1.662410959,6.0,109.0,1109.73,August,Sudurpashchim
2014,Baitadi,0.0,0.0,Buckwheat,11.13424658,16.98210959,6.185041096,64.68284932,744.78,6670.25,2937.41,1.662410959,6.0,109.0,0.0,September,Sudurpashchim
2014,Baitadi,15000.0,2186.0,Wheat,11.13424658,16.98210959,6.185041096,64.68284932,744.78,6670.25,2937.41,1.662410959,6.0,109.0,32790.0,November,Sudurpashchim
2014,Baitadi,1000.0,1650.0,Barley,11.13424658,16.98210959,6.185041096,64.68284932,744.78,6670.25,2937.41,1.662410959,6.0,109.0,1650.0,November,Sudurpashchim
2014,Bajhang,7006.0,3250.0,Rice,11.13424658,16.98210959,6.185041096,64.68284932,744.78,6413.25,2782.67,1.662410959,5.6,147.0,22769.5,July,Sudurpashchim
2014,Bajhang,3652.0,1060.0,Maize,11.13424658,16.98210959,6.185041096,64.68284932,744.78,6413.25,2782.67,1.662410959,5.6,147.0,3871.12,April,Sudurpashchim
2014,Bajhang,2286.0,1006.0,Millet,11.13424658,16.98210959,6.185041096,64.68284932,744.78,6413.25,2782.67,1.662410959,5.6,147.0,2299.716,August,Sudurpashchim
2014,Bajhang,7.0,1000.0,Buckwheat,11.13424658,16.98210959,6.185041096,64.68284932,744.78,6413.25,2782.67,1.662410959,5.6,147.0,7.0,September,Sudurpashchim
2014,Bajhang,9950.0,2362.0,Wheat,11.13424658,16.98210959,6.185041096,64.68284932,744.78,6413.25,2782.67,1.662410959,5.6,147.0,23501.9,November,Sudurpashchim
2014,Bajhang,3500.0,1000.0,Barley,11.13424658,16.98210959,6.185041096,64.68284932,744.78,6413.25,2782.67,1.662410959,5.6,147.0,3500.0,November,Sudurpashchim
2014,Bajura,3310.0,2415.0,Rice,8.875863014,15.01065753,3.828630137,67.09808219,779.21,6413.25,2782.67,1.652958904,6.0,154.0,7993.65,July,Sudurpashchim
2014,Bajura,790.0,2339.0,Maize,8.875863014,15.01065753,3.828630137,67.09808219,779.21,6413.25,2782.67,1.652958904,6.0,154.0,1847.81,April,Sudurpashchim
2014,Bajura,2610.0,2662.0,Millet,8.875863014,15.01065753,3.828630137,67.09808219,779.21,6413.25,2782.67,1.652958904,6.0,154.0,6947.82,August,Sudurpashchim
2014,Bajura,7.0,1714.0,Buckwheat,8.875863014,15.01065753,3.828630137,67.09808219,779.21,6413.25,2782.67,1.652958904,6.0,154.0,11.998,September,Sudurpashchim
2014,Bajura,4750.0,1522.0,Wheat,8.875863014,15.01065753,3.828630137,67.09808219,779.21,6413.25,2782.67,1.652958904,6.0,154.0,7229.5,November,Sudurpashchim
2014,Bajura,1010.0,1089.0,Barley,8.875863014,15.01065753,3.828630137,67.09808219,779.21,6413.25,2782.67,1.652958904,6.0,154.0,1099.89,November,Sudurpashchim
2014,Banke,32500.0,3150.0,Rice,20.24405479,25.73128767,15.81838356,57.99586301,1254.39,6158.82,2724.73,1.564,6.4,5913.0,102375.0,July,Lumbini
2014,Banke,8990.0,2150.0,Maize,20.24405479,25.73128767,15.81838356,57.99586301,1254.39,6158.82,2724.73,1.564,6.4,5913.0,19328.5,April,Lumbini
2014,Banke,0.0,0.0,Millet,20.24405479,25.73128767,15.81838356,57.99586301,1254.39,6158.82,2724.73,1.564,6.4,5913.0,0.0,August,Lumbini
2014,Banke,0.0,0.0,Buckwheat,20.24405479,25.73128767,15.81838356,57.99586301,1254.39,6158.82,2724.73,1.564,6.4,5913.0,0.0,September,Lumbini
2014,Banke,19030.0,3022.0,Wheat,20.24405479,25.73128767,15.81838356,57.99586301,1254.39,6158.82,2724.73,1.564,6.4,5913.0,57508.66,November,Lumbini
2014,Banke,10.0,1000.0,Barley,20.24405479,25.73128767,15.81838356,57.99586301,1254.39,6158.82,2724.73,1.564,6.4,5913.0,10.0,November,Lumbini
2014,Bara,60446.0,2596.0,Rice,24.81731507,30.9299726,19.85830137,59.4869589,1357.57,6408.59,2958.53,1.605616438,6.7,7732.0,156917.816,July,Madhesh
2014,Bara,4750.0,2842.0,Maize,24.81731507,30.9299726,19.85830137,59.4869589,1357.57,6408.59,2958.53,1.605616438,6.7,7732.0,13499.5,April,Madhesh
2014,Bara,79.0,1304.0,Millet,24.81731507,30.9299726,19.85830137,59.4869589,1357.57,6408.59,2958.53,1.605616438,6.7,7732.0,103.016,August,Madhesh
2014,Bara,29150.0,3093.0,Buckwheat,24.81731507,30.9299726,19.85830137,59.4869589,1357.57,6408.59,2958.53,1.605616438,6.7,7732.0,90160.95,September,Madhesh
2014,Bara,0.0,0.0,Wheat,24.81731507,30.9299726,19.85830137,59.4869589,1357.57,6408.59,2958.53,1.605616438,6.7,7732.0,0.0,November,Madhesh
2014,Bara,80.0,1250.0,Barley,24.81731507,30.9299726,19.85830137,59.4869589,1357.57,6408.59,2958.53,1.605616438,6.7,7732.0,100.0,November,Madhesh
2014,Bardiya,48500.0,4227.0,Rice,24.99920548,31.2150411,19.83643836,52.68572603,1177.88,6158.82,2724.73,1.747671233,6.8,7655.0,205009.5,July,Unknown
2014,Bardiya,1200.0,7500.0,Maize,24.99920548,31.2150411,19.83643836,52.68572603,1177.88,6158.82,2724.73,1.747671233,6.8,7655.0,9000.0,April,Unknown
2014,Bardiya,0.0,0.0,Millet,24.99920548,31.2150411,19.83643836,52.68572603,1177.88,6158.82,2724.73,1.747671233,6.8,7655.0,0.0,August,Unknown
2014,Bardiya,0.0,0.0,Buckwheat,24.99920548,31.2150411,19.83643836,52.68572603,1177.88,6158.82,2724.73,1.747671233,6.8,7655.0,0.0,September,Unknown
2014,Bardiya,19400.0,3892.0,Wheat,24.99920548,31.2150411,19.83643836,52.68572603,1177.88,6158.82,2724.73,1.747671233,6.8,7655.0,75504.8,November,Unknown
2014,Bardiya,10.0,1000.0,Barley,24.99920548,31.2150411,19.83643836,52.68572603,1177.88,6158.82,2724.73,1.747671233,6.8,7655.0,10.0,November,Unknown
2014,Bhaktapur,4348.0,6100.0,Rice,19.01671233,24.09531507,15.18460274,62.62405479,1331.64,6430.92,2861.66,1.462547945,5.8,2771.0,26522.8,July,Bagmati
2014,Bhaktapur,1965.0,4107.0,Maize,19.01671233,24.09531507,15.18460274,62.62405479,1331.64,6430.92,2861.66,1.462547945,5.8,2771.0,8070.255,April,Bagmati
2014,Bhaktapur,110.0,1418.0,Millet,19.01671233,24.09531507,15.18460274,62.62405479,1331.64,6430.92,2861.66,1.462547945,5.8,2771.0,155.98,August,Bagmati
2014,Bhaktapur,0.0,0.0,Buckwheat,19.01671233,24.09531507,15.18460274,62.62405479,1331.64,6430.92,2861.66,1.462547945,5.8,2771.0,0.0,September,Bagmati
2014,Bhaktapur,3100.0,3613.0,Wheat,19.01671233,24.09531507,15.18460274,62.62405479,1331.64,6430.92,2861.66,1.462547945,5.8,2771.0,11200.3,November,Bagmati
2014,Bhaktapur,45.0,1111.0,Barley,19.01671233,24.09531507,15.18460274,62.62405479,1331.64,6430.92,2861.66,1.462547945,5.8,2771.0,49.995,November,Bagmati
2014,Bhojpur,16093.0,2230.0,Rice,5.506383562,10.65917808,1.660273973,73.8670411,948.03,5725.89,2516.93,1.598876712,5.4,15732.0,35887.39,July,Koshi
2014,Bhojpur,36360.0,2303.0,Maize,5.506383562,10.65917808,1.660273973,73.8670411,948.03,5725.89,2516.93,1.598876712,5.4,15732.0,83737.08,April,Koshi
2014,Bhojpur,5505.0,800.0,Millet,5.506383562,10.65917808,1.660273973,73.8670411,948.03,5725.89,2516.93,1.598876712,5.4,15732.0,4404.0,August,Koshi
2014,Bhojpur,35.0,714.0,Buckwheat,5.506383562,10.65917808,1.660273973,73.8670411,948.03,5725.89,2516.93,1.598876712,5.4,15732.0,24.99,September,Koshi
2014,Bhojpur,2500.0,1920.0,Wheat,5.506383562,10.65917808,1.660273973,73.8670411,948.03,5725.89,2516.93,1.598876712,5.4,15732.0,4800.0,November,Koshi
2014,Bhojpur,10.0,1000.0,Barley,5.506383562,10.65917808,1.660273973,73.8670411,948.03,5725.89,2516.93,1.598876712,5.4,15732.0,10.0,November,Koshi
2014,Chitwan,29400.0,3520.0,Rice,24.14879452,29.90386301,19.44279452,59.81060274,1550.68,6408.59,2958.53,1.358109589,6.1,615.0,103488.0,July,Bagmati
2014,Chitwan,9200.0,2902.0,Maize,24.14879452,29.90386301,19.44279452,59.81060274,1550.68,6408.59,2958.53,1.358109589,6.1,615.0,26698.4,April,Bagmati
2014,Chitwan,1550.0,1000.0,Millet,24.14879452,29.90386301,19.44279452,59.81060274,1550.68,6408.59,2958.53,1.358109589,6.1,615.0,1550.0,August,Bagmati
2014,Chitwan,0.0,0.0,Buckwheat,24.14879452,29.90386301,19.44279452,59.81060274,1550.68,6408.59,2958.53,1.358109589,6.1,615.0,0.0,September,Bagmati
2014,Chitwan,8500.0,3588.0,Wheat,24.14879452,29.90386301,19.44279452,59.81060274,1550.68,6408.59,2958.53,1.358109589,6.1,615.0,30498.0,November,Bagmati
2014,Chitwan,30.0,1500.0,Barley,24.14879452,29.90386301,19.44279452,59.81060274,1550.68,6408.59,2958.53,1.358109589,6.1,615.0,45.0,November,Bagmati
2014,Dadeldhura,5221.0,3639.0,Rice,16.07013699,21.9080274,11.21652055,58.38673973,917.69,6670.25,2937.41,1.496136986,5.9,10437.0,18999.219,July,Sudurpashchim
2014,Dadeldhura,3744.0,2910.0,Maize,16.07013699,21.9080274,11.21652055,58.38673973,917.69,6670.25,2937.41,1.496136986,5.9,10437.0,10895.04,April,Sudurpashchim
2014,Dadeldhura,305.0,1016.0,Millet,16.07013699,21.9080274,11.21652055,58.38673973,917.69,6670.25,2937.41,1.496136986,5.9,10437.0,309.88,August,Sudurpashchim
2014,Dadeldhura,0.0,0.0,Buckwheat,16.07013699,21.9080274,11.21652055,58.38673973,917.69,6670.25,2937.41,1.496136986,5.9,10437.0,0.0,September,Sudurpashchim
2014,Dadeldhura,8705.0,2125.0,Wheat,16.07013699,21.9080274,11.21652055,58.38673973,917.69,6670.25,2937.41,1.496136986,5.9,10437.0,18498.125,November,Sudurpashchim
2014,Dadeldhura,190.0,1316.0,Barley,16.07013699,21.9080274,11.21652055,58.38673973,917.69,6670.25,2937.41,1.496136986,5.9,10437.0,250.04,November,Sudurpashchim
2014,Dailekh,8307.0,3149.0,Rice,12.45279452,17.9750137,7.902328767,66.96394521,1070.46,6158.82,2724.73,1.554575342,5.9,18.0,26158.743,July,Karnali
2014,Dailekh,20150.0,1950.0,Maize,12.45279452,17.9750137,7.902328767,66.96394521,1070.46,6158.82,2724.73,1.554575342,5.9,18.0,39292.5,April,Karnali
2014,Dailekh,2425.0,1091.0,Millet,12.45279452,17.9750137,7.902328767,66.96394521,1070.46,6158.82,2724.73,1.554575342,5.9,18.0,2645.675,August,Karnali
2014,Dailekh,27.0,741.0,Buckwheat,12.45279452,17.9750137,7.902328767,66.96394521,1070.46,6158.82,2724.73,1.554575342,5.9,18.0,20.007,September,Karnali
2014,Dailekh,20150.0,1945.0,Wheat,12.45279452,17.9750137,7.902328767,66.96394521,1070.46,6158.82,2724.73,1.554575342,5.9,18.0,39191.75,November,Karnali
2014,Dailekh,200.0,1250.0,Barley,12.45279452,17.9750137,7.902328767,66.96394521,1070.46,6158.82,2724.73,1.554575342,5.9,18.0,250.0,November,Karnali
2014,Dang,36508.0,4300.0,Rice,22.04649315,27.77824658,17.46468493,56.46156164,1375.28,6475.36,2808.84,1.880383562,5.8,24.0,156984.4,July,Lumbini
2014,Dang,23200.0,1990.0,Maize,22.04649315,27.77824658,17.46468493,56.46156164,1375.28,6475.36,2808.84,1.880383562,5.8,24.0,46168.0,April,Lumbini
2014,Dang,20.0,1000.0,Millet,22.04649315,27.77824658,17.46468493,56.46156164,1375.28,6475.36,2808.84,1.880383562,5.8,24.0,20.0,August,Lumbini
2014,Dang,20.0,0.0,Buckwheat,22.04649315,27.77824658,17.46468493,56.46156164,1375.28,6475.36,2808.84,1.880383562,5.8,24.0,0.0,September,Lumbini
2014,Dang,12022.0,2703.0,Wheat,22.04649315,27.77824658,17.46468493,56.46156164,1375.28,6475.36,2808.84,1.880383562,5.8,24.0,32495.466,November,Lumbini
2014,Dang,25.0,1200.0,Barley,22.04649315,27.77824658,17.46468493,56.46156164,1375.28,6475.36,2808.84,1.880383562,5.8,24.0,30.0,November,Lumbini
2014,Darchula,4480.0,2373.0,Rice,5.839068493,11.59558904,0.911972603,67.408,643.58,6670.25,2937.41,1.822054795,6.0,11824.0,10631.04,July,Sudurpashchim
2014,Darchula,3558.0,1800.0,Maize,5.839068493,11.59558904,0.911972603,67.408,643.58,6670.25,2937.41,1.822054795,6.0,11824.0,6404.4,April,Sudurpashchim
2014,Darchula,1310.0,882.0,Millet,5.839068493,11.59558904,0.911972603,67.408,643.58,6670.25,2937.41,1.822054795,6.0,11824.0,1155.42,August,Sudurpashchim
2014,Darchula,100.0,820.0,Buckwheat,5.839068493,11.59558904,0.911972603,67.408,643.58,6670.25,2937.41,1.822054795,6.0,11824.0,82.0,September,Sudurpashchim
2014,Darchula,4450.0,2764.0,Wheat,5.839068493,11.59558904,0.911972603,67.408,643.58,6670.25,2937.41,1.822054795,6.0,11824.0,12299.8,November,Sudurpashchim
2014,Darchula,1190.0,1555.0,Barley,5.839068493,11.59558904,0.911972603,67.408,643.58,6670.25,2937.41,1.822054795,6.0,11824.0,1850.45,November,Sudurpashchim
2014,Dhading,12545.0,4015.0,Rice,14.89345205,19.95178082,10.86967123,65.4290411,1427.64,6408.59,2958.53,1.505178082,5.5,16.0,50368.175,July,Bagmati
2014,Dhading,19445.0,1930.0,Maize,14.89345205,19.95178082,10.86967123,65.4290411,1427.64,6408.59,2958.53,1.505178082,5.5,16.0,37528.85,April,Bagmati
2014,Dhading,6930.0,952.0,Millet,14.89345205,19.95178082,10.86967123,65.4290411,1427.64,6408.59,2958.53,1.505178082,5.5,16.0,6597.36,August,Bagmati
2014,Dhading,0.0,0.0,Buckwheat,14.89345205,19.95178082,10.86967123,65.4290411,1427.64,6408.59,2958.53,1.505178082,5.5,16.0,0.0,September,Bagmati
2014,Dhading,4790.0,2150.0,Wheat,14.89345205,19.95178082,10.86967123,65.4290411,1427.64,6408.59,2958.53,1.505178082,5.5,16.0,10298.5,November,Bagmati
2014,Dhading,325.0,1077.0,Barley,14.89345205,19.95178082,10.86967123,65.4290411,1427.64,6408.59,2958.53,1.505178082,5.5,16.0,350.025,November,Bagmati
2014,Dhankuta,7820.0,2869.0,Rice,20.2559726,25.57950685,16.18526027,63.54638356,1128.84,5886.24,2639.06,1.460356164,5.8,6572.0,22435.58,July,Koshi
2014,Dhankuta,6785.0,2284.0,Maize,20.2559726,25.57950685,16.18526027,63.54638356,1128.84,5886.24,2639.06,1.460356164,5.8,6572.0,15496.94,April,Koshi
2014,Dhankuta,7800.0,1000.0,Millet,20.2559726,25.57950685,16.18526027,63.54638356,1128.84,5886.24,2639.06,1.460356164,5.8,6572.0,7800.0,August,Koshi
2014,Dhankuta,0.0,0.0,Buckwheat,20.2559726,25.57950685,16.18526027,63.54638356,1128.84,5886.24,2639.06,1.460356164,5.8,6572.0,0.0,September,Koshi
2014,Dhankuta,1390.0,2086.0,Wheat,20.2559726,25.57950685,16.18526027,63.54638356,1128.84,5886.24,2639.06,1.460356164,5.8,6572.0,2899.54,November,Koshi
2014,Dhankuta,5.0,1000.0,Barley,20.2559726,25.57950685,16.18526027,63.54638356,1128.84,5886.24,2639.06,1.460356164,5.8,6572.0,5.0,November,Koshi
2014,Dhanusha,44200.0,3200.0,Rice,22.66246575,28.40646575,18.33369863,58.84380822,1124.72,6073.46,2722.44,1.662410959,6.6,1542.0,141440.0,July,Madhesh
2014,Dhanusha,2465.0,3124.0,Maize,22.66246575,28.40646575,18.33369863,58.84380822,1124.72,6073.46,2722.44,1.662410959,6.6,1542.0,7700.66,April,Madhesh
2014,Dhanusha,300.0,1000.0,Millet,22.66246575,28.40646575,18.33369863,58.84380822,1124.72,6073.46,2722.44,1.662410959,6.6,1542.0,300.0,August,Madhesh
2014,Dhanusha,38000.0,3026.0,Buckwheat,22.66246575,28.40646575,18.33369863,58.84380822,1124.72,6073.46,2722.44,1.662410959,6.6,1542.0,114988.0,September,Madhesh
2014,Dhanusha,0.0,0.0,Wheat,22.66246575,28.40646575,18.33369863,58.84380822,1124.72,6073.46,2722.44,1.662410959,6.6,1542.0,0.0,November,Madhesh
2014,Dhanusha,1.0,1000.0,Barley,22.66246575,28.40646575,18.33369863,58.84380822,1124.72,6073.46,2722.44,1.662410959,6.6,1542.0,1.0,November,Madhesh
2014,Dolakha,3180.0,2200.0,Rice,1.697726027,7.313150685,-2.775123288,70.27109589,757.7,6100.56,2724.95,2.099589041,6.5,11408.0,6996.0,July,Bagmati
2014,Dolakha,5700.0,2250.0,Maize,1.697726027,7.313150685,-2.775123288,70.27109589,757.7,6100.56,2724.95,2.099589041,6.5,11408.0,12825.0,April,Bagmati
2014,Dolakha,3600.0,1181.0,Millet,1.697726027,7.313150685,-2.775123288,70.27109589,757.7,6100.56,2724.95,2.099589041,6.5,11408.0,4251.6,August,Bagmati
2014,Dolakha,435.0,920.0,Buckwheat,1.697726027,7.313150685,-2.775123288,70.27109589,757.7,6100.56,2724.95,2.099589041,6.5,11408.0,400.2,September,Bagmati
2014,Dolakha,4700.0,1500.0,Wheat,1.697726027,7.313150685,-2.775123288,70.27109589,757.7,6100.56,2724.95,2.099589041,6.5,11408.0,7050.0,November,Bagmati
2014,Dolakha,170.0,1029.0,Barley,1.697726027,7.313150685,-2.775123288,70.27109589,757.7,6100.56,2724.95,2.099589041,6.5,11408.0,174.93,November,Bagmati
2014,Dolpa,276.0,2138.0,Rice,-1.487753425,4.397260274,-6.477013699,69.30115068,1283.46,6475.36,2808.84,1.913753425,6.6,1248.0,590.088,July,Karnali
2014,Dolpa,255.0,1082.0,Maize,-1.487753425,4.397260274,-6.477013699,69.30115068,1283.46,6475.36,2808.84,1.913753425,6.6,1248.0,275.91,April,Karnali
2014,Dolpa,291.0,1024.0,Millet,-1.487753425,4.397260274,-6.477013699,69.30115068,1283.46,6475.36,2808.84,1.913753425,6.6,1248.0,297.984,August,Karnali
2014,Dolpa,682.0,994.0,Buckwheat,-1.487753425,4.397260274,-6.477013699,69.30115068,1283.46,6475.36,2808.84,1.913753425,6.6,1248.0,677.908,September,Karnali
2014,Dolpa,2600.0,1719.0,Wheat,-1.487753425,4.397260274,-6.477013699,69.30115068,1283.46,6475.36,2808.84,1.913753425,6.6,1248.0,4469.4,November,Karnali
2014,Dolpa,390.0,1154.0,Barley,-1.487753425,4.397260274,-6.477013699,69.30115068,1283.46,6475.36,2808.84,1.913753425,6.6,1248.0,450.06,November,Karnali
2014,Doti,10600.0,2113.0,Rice,16.07013699,21.9080274,11.21652055,58.38673973,917.69,6670.25,2937.41,1.496136986,5.9,22.0,22397.8,July,Sudurpashchim
2014,Doti,2748.0,1900.0,Maize,16.07013699,21.9080274,11.21652055,58.38673973,917.69,6670.25,2937.41,1.496136986,5.9,22.0,5221.2,April,Sudurpashchim
2014,Doti,5150.0,1262.0,Millet,16.07013699,21.9080274,11.21652055,58.38673973,917.69,6670.25,2937.41,1.496136986,5.9,22.0,6499.3,August,Sudurpashchim
2014,Doti,12.0,1000.0,Buckwheat,16.07013699,21.9080274,11.21652055,58.38673973,917.69,6670.25,2937.41,1.496136986,5.9,22.0,12.0,September,Sudurpashchim
2014,Doti,15940.0,2039.0,Wheat,16.07013699,21.9080274,11.21652055,58.38673973,917.69,6670.25,2937.41,1.496136986,5.9,22.0,32501.66,November,Sudurpashchim
2014,Doti,200.0,1500.0,Barley,16.07013699,21.9080274,11.21652055,58.38673973,917.69,6670.25,2937.41,1.496136986,5.9,22.0,300.0,November,Sudurpashchim
2014,Gorkha,12192.0,3165.0,Rice,14.89345205,19.95178082,10.86967123,65.4290411,1427.64,6408.59,2958.53,1.505178082,5.5,348.0,38587.68,July,Gandaki
2014,Gorkha,17033.0,2670.0,Maize,14.89345205,19.95178082,10.86967123,65.4290411,1427.64,6408.59,2958.53,1.505178082,5.5,348.0,45478.11,April,Gandaki
2014,Gorkha,11605.0,1373.0,Millet,14.89345205,19.95178082,10.86967123,65.4290411,1427.64,6408.59,2958.53,1.505178082,5.5,348.0,15933.665,August,Gandaki
2014,Gorkha,393.0,1008.0,Buckwheat,14.89345205,19.95178082,10.86967123,65.4290411,1427.64,6408.59,2958.53,1.505178082,5.5,348.0,396.144,September,Gandaki
2014,Gorkha,3910.0,2008.0,Wheat,14.89345205,19.95178082,10.86967123,65.4290411,1427.64,6408.59,2958.53,1.505178082,5.5,348.0,7851.28,November,Gandaki
2014,Gorkha,108.0,1102.0,Barley,14.89345205,19.95178082,10.86967123,65.4290411,1427.64,6408.59,2958.53,1.505178082,5.5,348.0,119.016,November,Gandaki
2014,Gulmi,10042.0,2783.0,Rice,19.90926027,25.24227397,15.81109589,58.72786301,1776.86,6459.57,2990.77,1.702164384,6.1,980.0,27946.886,July,Lumbini
2014,Gulmi,24014.0,2203.0,Maize,19.90926027,25.24227397,15.81109589,58.72786301,1776.86,6459.57,2990.77,1.702164384,6.1,980.0,52902.842,April,Lumbini
2014,Gulmi,2905.0,1003.0,Millet,19.90926027,25.24227397,15.81109589,58.72786301,1776.86,6459.57,2990.77,1.702164384,6.1,980.0,2913.715,August,Lumbini
2014,Gulmi,212.0,1278.0,Buckwheat,19.90926027,25.24227397,15.81109589,58.72786301,1776.86,6459.57,2990.77,1.702164384,6.1,980.0,270.936,September,Lumbini
2014,Gulmi,7817.0,2111.0,Wheat,19.90926027,25.24227397,15.81109589,58.72786301,1776.86,6459.57,2990.77,1.702164384,6.1,980.0,16501.687,November,Lumbini
2014,Gulmi,370.0,1800.0,Barley,19.90926027,25.24227397,15.81109589,58.72786301,1776.86,6459.57,2990.77,1.702164384,6.1,980.0,666.0,November,Lumbini
2014,Humla,574.0,1533.0,Rice,-0.889041096,5.103671233,-5.975561644,75.00106849,532.93,6970.73,2925.23,2.073972603,6.5,529.0,879.942,July,Karnali
2014,Humla,118.0,1542.0,Maize,-0.889041096,5.103671233,-5.975561644,75.00106849,532.93,6970.73,2925.23,2.073972603,6.5,529.0,181.956,April,Karnali
2014,Humla,1270.0,1033.0,Millet,-0.889041096,5.103671233,-5.975561644,75.00106849,532.93,6970.73,2925.23,2.073972603,6.5,529.0,1311.91,August,Karnali
2014,Humla,670.0,764.0,Buckwheat,-0.889041096,5.103671233,-5.975561644,75.00106849,532.93,6970.73,2925.23,2.073972603,6.5,529.0,511.88,September,Karnali
2014,Humla,1021.0,1000.0,Wheat,-0.889041096,5.103671233,-5.975561644,75.00106849,532.93,6970.73,2925.23,2.073972603,6.5,529.0,1021.0,November,Karnali
2014,Humla,685.0,1190.0,Barley,-0.889041096,5.103671233,-5.975561644,75.00106849,532.93,6970.73,2925.23,2.073972603,6.5,529.0,815.15,November,Karnali
2014,Illam,12593.0,2480.0,Rice,18.76780822,23.98539726,14.93827397,65.31010959,1322.03,5725.89,2516.93,1.254657534,5.5,0.0,31230.64,July,Unknown
2014,Illam,31395.0,3550.0,Maize,18.76780822,23.98539726,14.93827397,65.31010959,1322.03,5725.89,2516.93,1.254657534,5.5,0.0,111452.25,April,Unknown
2014,Illam,1700.0,1000.0,Millet,18.76780822,23.98539726,14.93827397,65.31010959,1322.03,5725.89,2516.93,1.254657534,5.5,0.0,1700.0,August,Unknown
2014,Illam,25.0,800.0,Buckwheat,18.76780822,23.98539726,14.93827397,65.31010959,1322.03,5725.89,2516.93,1.254657534,5.5,0.0,20.0,September,Unknown
2014,Illam,4620.0,3320.0,Wheat,18.76780822,23.98539726,14.93827397,65.31010959,1322.03,5725.89,2516.93,1.254657534,5.5,0.0,15338.4,November,Unknown
2014,Illam,50.0,1000.0,Barley,18.76780822,23.98539726,14.93827397,65.31010959,1322.03,5725.89,2516.93,1.254657534,5.5,0.0,50.0,November,Unknown
2014,Jajarkot,4042.0,2675.0,Rice,22.04649315,27.77824658,17.46468493,56.46156164,1375.28,6475.36,2808.84,1.880383562,6.2,1033.0,10812.35,July,Karnali
2014,Jajarkot,9366.0,1552.0,Maize,22.04649315,27.77824658,17.46468493,56.46156164,1375.28,6475.36,2808.84,1.880383562,6.2,1033.0,14536.032,April,Karnali
2014,Jajarkot,1935.0,1187.0,Millet,22.04649315,27.77824658,17.46468493,56.46156164,1375.28,6475.36,2808.84,1.880383562,6.2,1033.0,2296.845,August,Karnali
2014,Jajarkot,28.0,1036.0,Buckwheat,22.04649315,27.77824658,17.46468493,56.46156164,1375.28,6475.36,2808.84,1.880383562,6.2,1033.0,29.008,September,Karnali
2014,Jajarkot,13040.0,1189.0,Wheat,22.04649315,27.77824658,17.46468493,56.46156164,1375.28,6475.36,2808.84,1.880383562,6.2,1033.0,15504.56,November,Karnali
2014,Jajarkot,700.0,1429.0,Barley,22.04649315,27.77824658,17.46468493,56.46156164,1375.28,6475.36,2808.84,1.880383562,6.2,1033.0,1000.3,November,Karnali
2014,Jhapa,83200.0,4060.0,Rice,24.60671233,30.0909589,20.27854795,62.46032877,1510.61,5886.24,2639.06,1.542767123,5.7,90.0,337792.0,July,Koshi
2014,Jhapa,35500.0,2592.0,Maize,24.60671233,30.0909589,20.27854795,62.46032877,1510.61,5886.24,2639.06,1.542767123,5.7,90.0,92016.0,April,Koshi
2014,Jhapa,1780.0,1200.0,Millet,24.60671233,30.0909589,20.27854795,62.46032877,1510.61,5886.24,2639.06,1.542767123,5.7,90.0,2136.0,August,Koshi
2014,Jhapa,1270.0,1000.0,Buckwheat,24.60671233,30.0909589,20.27854795,62.46032877,1510.61,5886.24,2639.06,1.542767123,5.7,90.0,1270.0,September,Koshi
2014,Jhapa,8050.0,3000.0,Wheat,24.60671233,30.0909589,20.27854795,62.46032877,1510.61,5886.24,2639.06,1.542767123,5.7,90.0,24150.0,November,Koshi
2014,Jhapa,6.0,1000.0,Barley,24.60671233,30.0909589,20.27854795,62.46032877,1510.61,5886.24,2639.06,1.542767123,5.7,90.0,6.0,November,Koshi
2014,Jumla,2950.0,2500.0,Rice,8.875863014,15.01065753,3.828630137,67.09808219,779.21,6722.5,2837.86,1.652958904,6.5,11618.0,7375.0,July,Karnali
2014,Jumla,4500.0,1600.0,Maize,8.875863014,15.01065753,3.828630137,67.09808219,779.21,6722.5,2837.86,1.652958904,6.5,11618.0,7200.0,April,Karnali
2014,Jumla,3840.0,1140.0,Millet,8.875863014,15.01065753,3.828630137,67.09808219,779.21,6722.5,2837.86,1.652958904,6.5,11618.0,4377.6,August,Karnali
2014,Jumla,85.0,1000.0,Buckwheat,8.875863014,15.01065753,3.828630137,67.09808219,779.21,6722.5,2837.86,1.652958904,6.5,11618.0,85.0,September,Karnali
2014,Jumla,2450.0,2012.0,Wheat,8.875863014,15.01065753,3.828630137,67.09808219,779.21,6722.5,2837.86,1.652958904,6.5,11618.0,4929.4,November,Karnali
2014,Jumla,3990.0,1704.0,Barley,8.875863014,15.01065753,3.828630137,67.09808219,779.21,6722.5,2837.86,1.652958904,6.5,11618.0,6798.96,November,Karnali
2014,Kailali,70400.0,2980.0,Rice,25.28739726,32.03893151,19.74972603,52.28742466,1148.73,6177.48,2755.3,1.669178082,6.6,0.0,209792.0,July,Sudurpashchim
2014,Kailali,5540.0,1039.0,Maize,25.28739726,32.03893151,19.74972603,52.28742466,1148.73,6177.48,2755.3,1.669178082,6.6,0.0,5756.06,April,Sudurpashchim
2014,Kailali,377.0,1008.0,Millet,25.28739726,32.03893151,19.74972603,52.28742466,1148.73,6177.48,2755.3,1.669178082,6.6,0.0,380.016,August,Sudurpashchim
2014,Kailali,25.0,1000.0,Buckwheat,25.28739726,32.03893151,19.74972603,52.28742466,1148.73,6177.48,2755.3,1.669178082,6.6,0.0,25.0,September,Sudurpashchim
2014,Kailali,34300.0,2493.0,Wheat,25.28739726,32.03893151,19.74972603,52.28742466,1148.73,6177.48,2755.3,1.669178082,6.6,0.0,85509.9,November,Sudurpashchim
2014,Kailali,400.0,1025.0,Barley,25.28739726,32.03893151,19.74972603,52.28742466,1148.73,6177.48,2755.3,1.669178082,6.6,0.0,410.0,November,Sudurpashchim
2014,Kalikot,2563.0,2603.0,Rice,12.45279452,17.9750137,7.902328767,66.96394521,1070.46,6413.25,2782.67,1.554575342,6.2,17454.0,6671.489,July,Karnali
2014,Kalikot,2573.0,2342.0,Maize,12.45279452,17.9750137,7.902328767,66.96394521,1070.46,6413.25,2782.67,1.554575342,6.2,17454.0,6025.966,April,Karnali
2014,Kalikot,1263.0,1570.0,Millet,12.45279452,17.9750137,7.902328767,66.96394521,1070.46,6413.25,2782.67,1.554575342,6.2,17454.0,1982.91,August,Karnali
2014,Kalikot,123.0,1455.0,Buckwheat,12.45279452,17.9750137,7.902328767,66.96394521,1070.46,6413.25,2782.67,1.554575342,6.2,17454.0,178.965,September,Karnali
2014,Kalikot,5630.0,1150.0,Wheat,12.45279452,17.9750137,7.902328767,66.96394521,1070.46,6413.25,2782.67,1.554575342,6.2,17454.0,6474.5,November,Karnali
2014,Kalikot,1030.0,2003.0,Barley,12.45279452,17.9750137,7.902328767,66.96394521,1070.46,6413.25,2782.67,1.554575342,6.2,17454.0,2063.09,November,Karnali
2014,Kanchanpur,45600.0,3151.0,Rice,21.9519726,28.31956164,16.93430137,54.64657534,1119.62,6302.24,2805.71,1.067534247,6.2,35.0,143685.6,July,Sudurpashchim
2014,Kanchanpur,3600.0,1900.0,Maize,21.9519726,28.31956164,16.93430137,54.64657534,1119.62,6302.24,2805.71,1.067534247,6.2,35.0,6840.0,April,Sudurpashchim
2014,Kanchanpur,0.0,0.0,Millet,21.9519726,28.31956164,16.93430137,54.64657534,1119.62,6302.24,2805.71,1.067534247,6.2,35.0,0.0,August,Sudurpashchim
2014,Kanchanpur,0.0,0.0,Buckwheat,21.9519726,28.31956164,16.93430137,54.64657534,1119.62,6302.24,2805.71,1.067534247,6.2,35.0,0.0,September,Sudurpashchim
2014,Kanchanpur,31433.0,2243.0,Wheat,21.9519726,28.31956164,16.93430137,54.64657534,1119.62,6302.24,2805.71,1.067534247,6.2,35.0,70504.219,November,Sudurpashchim
2014,Kanchanpur,10.0,1000.0,Barley,21.9519726,28.31956164,16.93430137,54.64657534,1119.62,6302.24,2805.71,1.067534247,6.2,35.0,10.0,November,Sudurpashchim
2014,Kapilbastu,69840.0,3000.0,Rice,25.10684932,31.25849315,19.94668493,56.00443836,1509.83,6459.57,2990.77,1.769972603,6.9,7607.0,209520.0,July,Lumbini
2014,Kapilbastu,3120.0,3045.0,Maize,25.10684932,31.25849315,19.94668493,56.00443836,1509.83,6459.57,2990.77,1.769972603,6.9,7607.0,9500.4,April,Lumbini
2014,Kapilbastu,0.0,0.0,Millet,25.10684932,31.25849315,19.94668493,56.00443836,1509.83,6459.57,2990.77,1.769972603,6.9,7607.0,0.0,August,Lumbini
2014,Kapilbastu,0.0,0.0,Buckwheat,25.10684932,31.25849315,19.94668493,56.00443836,1509.83,6459.57,2990.77,1.769972603,6.9,7607.0,0.0,September,Lumbini
2014,Kapilbastu,32100.0,3146.0,Wheat,25.10684932,31.25849315,19.94668493,56.00443836,1509.83,6459.57,2990.77,1.769972603,6.9,7607.0,100986.6,November,Lumbini
2014,Kapilbastu,200.0,1750.0,Barley,25.10684932,31.25849315,19.94668493,56.00443836,1509.83,6459.57,2990.77,1.769972603,6.9,7607.0,350.0,November,Lumbini
2014,Kaski,22025.0,3785.0,Rice,4.988684932,9.981890411,0.875178082,72.86087671,1444.66,5953.26,2642.74,1.646136986,6.7,14589.0,83364.625,July,Gandaki
2014,Kaski,13773.0,2300.0,Maize,4.988684932,9.981890411,0.875178082,72.86087671,1444.66,5953.26,2642.74,1.646136986,6.7,14589.0,31677.9,April,Gandaki
2014,Kaski,14767.0,1268.0,Millet,4.988684932,9.981890411,0.875178082,72.86087671,1444.66,5953.26,2642.74,1.646136986,6.7,14589.0,18724.556,August,Gandaki
2014,Kaski,14.0,1143.0,Buckwheat,4.988684932,9.981890411,0.875178082,72.86087671,1444.66,5953.26,2642.74,1.646136986,6.7,14589.0,16.002,September,Gandaki
2014,Kaski,6800.0,2574.0,Wheat,4.988684932,9.981890411,0.875178082,72.86087671,1444.66,5953.26,2642.74,1.646136986,6.7,14589.0,17503.2,November,Gandaki
2014,Kaski,130.0,1077.0,Barley,4.988684932,9.981890411,0.875178082,72.86087671,1444.66,5953.26,2642.74,1.646136986,6.7,14589.0,140.01,November,Gandaki
2014,Kathmandu,7930.0,5706.0,Rice,19.01671233,24.09531507,15.18460274,62.62405479,1331.64,6430.92,2861.66,1.462547945,6.5,1638.0,45248.58,July,Bagmati
2014,Kathmandu,9923.0,3371.0,Maize,19.01671233,24.09531507,15.18460274,62.62405479,1331.64,6430.92,2861.66,1.462547945,6.5,1638.0,33450.433,April,Bagmati
2014,Kathmandu,852.0,1000.0,Millet,19.01671233,24.09531507,15.18460274,62.62405479,1331.64,6430.92,2861.66,1.462547945,6.5,1638.0,852.0,August,Bagmati
2014,Kathmandu,5.0,1000.0,Buckwheat,19.01671233,24.09531507,15.18460274,62.62405479,1331.64,6430.92,2861.66,1.462547945,6.5,1638.0,5.0,September,Bagmati
2014,Kathmandu,4100.0,3537.0,Wheat,19.01671233,24.09531507,15.18460274,62.62405479,1331.64,6430.92,2861.66,1.462547945,6.5,1638.0,14501.7,November,Bagmati
2014,Kathmandu,4.0,1000.0,Barley,19.01671233,24.09531507,15.18460274,62.62405479,1331.64,6430.92,2861.66,1.462547945,6.5,1638.0,4.0,November,Bagmati
2014,Kavre,11310.0,3272.0,Rice,19.01671233,24.09531507,15.18460274,62.62405479,1331.64,6430.92,2861.66,1.462547945,5.7,4293.0,37006.32,July,Unknown
2014,Kavre,25354.0,2400.0,Maize,19.01671233,24.09531507,15.18460274,62.62405479,1331.64,6430.92,2861.66,1.462547945,5.7,4293.0,60849.6,April,Unknown
2014,Kavre,3515.0,1150.0,Millet,19.01671233,24.09531507,15.18460274,62.62405479,1331.64,6430.92,2861.66,1.462547945,5.7,4293.0,4042.25,August,Unknown
2014,Kavre,671.0,997.0,Buckwheat,19.01671233,24.09531507,15.18460274,62.62405479,1331.64,6430.92,2861.66,1.462547945,5.7,4293.0,668.987,September,Unknown
2014,Kavre,9850.0,2410.0,Wheat,19.01671233,24.09531507,15.18460274,62.62405479,1331.64,6430.92,2861.66,1.462547945,5.7,4293.0,23738.5,November,Unknown
2014,Kavre,700.0,1071.0,Barley,19.01671233,24.09531507,15.18460274,62.62405479,1331.64,6430.92,2861.66,1.462547945,5.7,4293.0,749.7,November,Unknown
2014,Khotang,12161.0,2200.0,Rice,13.77150685,19.00484932,9.753561644,64.60926027,1000.45,6100.56,2724.95,1.605013699,5.5,11448.0,26754.2,July,Koshi
2014,Khotang,41060.0,1840.0,Maize,13.77150685,19.00484932,9.753561644,64.60926027,1000.45,6100.56,2724.95,1.605013699,5.5,11448.0,75550.4,April,Koshi
2014,Khotang,21315.0,1100.0,Millet,13.77150685,19.00484932,9.753561644,64.60926027,1000.45,6100.56,2724.95,1.605013699,5.5,11448.0,23446.5,August,Koshi
2014,Khotang,650.0,538.0,Buckwheat,13.77150685,19.00484932,9.753561644,64.60926027,1000.45,6100.56,2724.95,1.605013699,5.5,11448.0,349.7,September,Koshi
2014,Khotang,5530.0,2072.0,Wheat,13.77150685,19.00484932,9.753561644,64.60926027,1000.45,6100.56,2724.95,1.605013699,5.5,11448.0,11458.16,November,Koshi
2014,Khotang,450.0,1111.0,Barley,13.77150685,19.00484932,9.753561644,64.60926027,1000.45,6100.56,2724.95,1.605013699,5.5,11448.0,499.95,November,Koshi
2014,Lalitpur,4680.0,5300.0,Rice,19.01671233,24.09531507,15.18460274,62.62405479,1331.64,6430.92,2861.66,1.462547945,6.9,193.0,24804.0,July,Bagmati
2014,Lalitpur,8589.0,3100.0,Maize,19.01671233,24.09531507,15.18460274,62.62405479,1331.64,6430.92,2861.66,1.462547945,6.9,193.0,26625.9,April,Bagmati
2014,Lalitpur,570.0,1000.0,Millet,19.01671233,24.09531507,15.18460274,62.62405479,1331.64,6430.92,2861.66,1.462547945,6.9,193.0,570.0,August,Bagmati
2014,Lalitpur,50.0,960.0,Buckwheat,19.01671233,24.09531507,15.18460274,62.62405479,1331.64,6430.92,2861.66,1.462547945,6.9,193.0,48.0,September,Bagmati
2014,Lalitpur,3650.0,2600.0,Wheat,19.01671233,24.09531507,15.18460274,62.62405479,1331.64,6430.92,2861.66,1.462547945,6.9,193.0,9490.0,November,Bagmati
2014,Lalitpur,50.0,620.0,Barley,19.01671233,24.09531507,15.18460274,62.62405479,1331.64,6430.92,2861.66,1.462547945,6.9,193.0,31.0,November,Bagmati
2014,Lamjung,14930.0,2500.0,Rice,4.988684932,9.981890411,0.875178082,72.86087671,1444.66,5953.26,2642.74,1.646136986,5.4,1406.0,37325.0,July,Gandaki
2014,Lamjung,15975.0,2000.0,Maize,4.988684932,9.981890411,0.875178082,72.86087671,1444.66,5953.26,2642.74,1.646136986,5.4,1406.0,31950.0,April,Gandaki
2014,Lamjung,7919.0,1076.0,Millet,4.988684932,9.981890411,0.875178082,72.86087671,1444.66,5953.26,2642.74,1.646136986,5.4,1406.0,8520.844,August,Gandaki
2014,Lamjung,15.0,800.0,Buckwheat,4.988684932,9.981890411,0.875178082,72.86087671,1444.66,5953.26,2642.74,1.646136986,5.4,1406.0,12.0,September,Gandaki
2014,Lamjung,500.0,2900.0,Wheat,4.988684932,9.981890411,0.875178082,72.86087671,1444.66,5953.26,2642.74,1.646136986,5.4,1406.0,1450.0,November,Gandaki
2014,Lamjung,28.0,964.0,Barley,4.988684932,9.981890411,0.875178082,72.86087671,1444.66,5953.26,2642.74,1.646136986,5.4,1406.0,26.992,November,Gandaki
2014,Mahottari,29400.0,3078.0,Rice,25.3989589,31.83682192,19.96430137,60.00813699,1233.48,6073.46,2722.44,1.835972603,6.8,447.0,90493.2,July,Madhesh
2014,Mahottari,800.0,2625.0,Maize,25.3989589,31.83682192,19.96430137,60.00813699,1233.48,6073.46,2722.44,1.835972603,6.8,447.0,2100.0,April,Madhesh
2014,Mahottari,0.0,0.0,Millet,25.3989589,31.83682192,19.96430137,60.00813699,1233.48,6073.46,2722.44,1.835972603,6.8,447.0,0.0,August,Madhesh
2014,Mahottari,0.0,0.0,Buckwheat,25.3989589,31.83682192,19.96430137,60.00813699,1233.48,6073.46,2722.44,1.835972603,6.8,447.0,0.0,September,Madhesh
2014,Mahottari,30000.0,2550.0,Wheat,25.3989589,31.83682192,19.96430137,60.00813699,1233.48,6073.46,2722.44,1.835972603,6.8,447.0,76500.0,November,Madhesh
2014,Mahottari,10.0,1000.0,Barley,25.3989589,31.83682192,19.96430137,60.00813699,1233.48,6073.46,2722.44,1.835972603,6.8,447.0,10.0,November,Madhesh
2014,Makwanpur,11130.0,3504.0,Rice,21.8569863,27.21758904,17.76468493,60.77057534,1466.39,6408.59,2958.53,1.405068493,5.9,10709.0,38999.52,July,Bagmati
2014,Makwanpur,23650.0,3000.0,Maize,21.8569863,27.21758904,17.76468493,60.77057534,1466.39,6408.59,2958.53,1.405068493,5.9,10709.0,70950.0,April,Bagmati
2014,Makwanpur,2645.0,1240.0,Millet,21.8569863,27.21758904,17.76468493,60.77057534,1466.39,6408.59,2958.53,1.405068493,5.9,10709.0,3279.8,August,Bagmati
2014,Makwanpur,185.0,1108.0,Buckwheat,21.8569863,27.21758904,17.76468493,60.77057534,1466.39,6408.59,2958.53,1.405068493,5.9,10709.0,204.98,September,Bagmati
2014,Makwanpur,4215.0,3000.0,Wheat,21.8569863,27.21758904,17.76468493,60.77057534,1466.39,6408.59,2958.53,1.405068493,5.9,10709.0,12645.0,November,Bagmati
2014,Makwanpur,200.0,1250.0,Barley,21.8569863,27.21758904,17.76468493,60.77057534,1466.39,6408.59,2958.53,1.405068493,5.9,10709.0,250.0,November,Bagmati
2014,Manang,0.0,0.0,Rice,4.988684932,9.981890411,0.875178082,72.86087671,1444.66,5953.26,2642.74,1.646136986,6.3,6257.0,0.0,July,Gandaki
2014,Manang,176.0,1989.0,Maize,4.988684932,9.981890411,0.875178082,72.86087671,1444.66,5953.26,2642.74,1.646136986,6.3,6257.0,350.064,April,Gandaki
2014,Manang,0.0,0.0,Millet,4.988684932,9.981890411,0.875178082,72.86087671,1444.66,5953.26,2642.74,1.646136986,6.3,6257.0,0.0,August,Gandaki
2014,Manang,300.0,1850.0,Buckwheat,4.988684932,9.981890411,0.875178082,72.86087671,1444.66,5953.26,2642.74,1.646136986,6.3,6257.0,555.0,September,Gandaki
2014,Manang,276.0,2264.0,Wheat,4.988684932,9.981890411,0.875178082,72.86087671,1444.66,5953.26,2642.74,1.646136986,6.3,6257.0,624.864,November,Gandaki
2014,Manang,100.0,2000.0,Barley,4.988684932,9.981890411,0.875178082,72.86087671,1444.66,5953.26,2642.74,1.646136986,6.3,6257.0,200.0,November,Gandaki
2014,Morang,82550.0,3500.0,Rice,24.5410411,30.40487671,19.9389589,60.68906849,1259.89,5886.24,2639.06,1.598493151,6.8,12.0,288925.0,July,Koshi
2014,Morang,14200.0,3396.0,Maize,24.5410411,30.40487671,19.9389589,60.68906849,1259.89,5886.24,2639.06,1.598493151,6.8,12.0,48223.2,April,Koshi
2014,Morang,1510.0,1100.0,Millet,24.5410411,30.40487671,19.9389589,60.68906849,1259.89,5886.24,2639.06,1.598493151,6.8,12.0,1661.0,August,Koshi
2014,Morang,70.0,1000.0,Buckwheat,24.5410411,30.40487671,19.9389589,60.68906849,1259.89,5886.24,2639.06,1.598493151,6.8,12.0,70.0,September,Koshi
2014,Morang,16100.0,2609.0,Wheat,24.5410411,30.40487671,19.9389589,60.68906849,1259.89,5886.24,2639.06,1.598493151,6.8,12.0,42004.9,November,Koshi
2014,Morang,0.0,0.0,Barley,24.5410411,30.40487671,19.9389589,60.68906849,1259.89,5886.24,2639.06,1.598493151,6.8,12.0,0.0,November,Koshi
2014,Mugu,1350.0,1890.0,Rice,12.45279452,17.9750137,7.902328767,66.96394521,1070.46,6413.25,2782.67,1.554575342,5.7,15693.0,2551.5,July,Karnali
2014,Mugu,621.0,1758.0,Maize,12.45279452,17.9750137,7.902328767,66.96394521,1070.46,6413.25,2782.67,1.554575342,5.7,15693.0,1091.718,April,Karnali
2014,Mugu,4275.0,1150.0,Millet,12.45279452,17.9750137,7.902328767,66.96394521,1070.46,6413.25,2782.67,1.554575342,5.7,15693.0,4916.25,August,Karnali
2014,Mugu,485.0,1031.0,Buckwheat,12.45279452,17.9750137,7.902328767,66.96394521,1070.46,6413.25,2782.67,1.554575342,5.7,15693.0,500.035,September,Karnali
2014,Mugu,3225.0,1302.0,Wheat,12.45279452,17.9750137,7.902328767,66.96394521,1070.46,6413.25,2782.67,1.554575342,5.7,15693.0,4198.95,November,Karnali
2014,Mugu,1510.0,1132.0,Barley,12.45279452,17.9750137,7.902328767,66.96394521,1070.46,6413.25,2782.67,1.554575342,5.7,15693.0,1709.32,November,Karnali
2014,Mustang,0.0,0.0,Rice,7.963561644,13.16663014,3.714328767,69.3989589,1914.51,6221.05,2694.46,1.566054795,7.3,10.0,0.0,July,Gandaki
2014,Mustang,516.0,1500.0,Maize,7.963561644,13.16663014,3.714328767,69.3989589,1914.51,6221.05,2694.46,1.566054795,7.3,10.0,774.0,April,Gandaki
2014,Mustang,0.0,0.0,Millet,7.963561644,13.16663014,3.714328767,69.3989589,1914.51,6221.05,2694.46,1.566054795,7.3,10.0,0.0,August,Gandaki
2014,Mustang,582.0,1715.0,Buckwheat,7.963561644,13.16663014,3.714328767,69.3989589,1914.51,6221.05,2694.46,1.566054795,7.3,10.0,998.13,September,Gandaki
2014,Mustang,582.0,1801.0,Wheat,7.963561644,13.16663014,3.714328767,69.3989589,1914.51,6221.05,2694.46,1.566054795,7.3,10.0,1048.182,November,Gandaki
2014,Mustang,270.0,1852.0,Barley,7.963561644,13.16663014,3.714328767,69.3989589,1914.51,6221.05,2694.46,1.566054795,7.3,10.0,500.04,November,Gandaki
2014,Myagdi,3895.0,3200.0,Rice,7.963561644,13.16663014,3.714328767,69.3989589,1914.51,6221.05,2694.46,1.566054795,5.8,15.0,12464.0,July,Gandaki
2014,Myagdi,9135.0,3220.0,Maize,7.963561644,13.16663014,3.714328767,69.3989589,1914.51,6221.05,2694.46,1.566054795,5.8,15.0,29414.7,April,Gandaki
2014,Myagdi,2740.0,1275.0,Millet,7.963561644,13.16663014,3.714328767,69.3989589,1914.51,6221.05,2694.46,1.566054795,5.8,15.0,3493.5,August,Gandaki
2014,Myagdi,148.0,757.0,Buckwheat,7.963561644,13.16663014,3.714328767,69.3989589,1914.51,6221.05,2694.46,1.566054795,5.8,15.0,112.036,September,Gandaki
2014,Myagdi,3062.0,2200.0,Wheat,7.963561644,13.16663014,3.714328767,69.3989589,1914.51,6221.05,2694.46,1.566054795,5.8,15.0,6736.4,November,Gandaki
2014,Myagdi,304.0,1299.0,Barley,7.963561644,13.16663014,3.714328767,69.3989589,1914.51,6221.05,2694.46,1.566054795,5.8,15.0,394.896,November,Gandaki
2014,Nawalparasi,44800.0,4025.0,Rice,24.5490411,30.40978082,19.53635616,59.17942466,1718.41,6459.57,2990.77,1.507589041,5.9,115.0,180320.0,July,Unknown
2014,Nawalparasi,8400.0,1779.0,Maize,24.5490411,30.40978082,19.53635616,59.17942466,1718.41,6459.57,2990.77,1.507589041,5.9,115.0,14943.6,April,Unknown
2014,Nawalparasi,500.0,1040.0,Millet,24.5490411,30.40978082,19.53635616,59.17942466,1718.41,6459.57,2990.77,1.507589041,5.9,115.0,520.0,August,Unknown
2014,Nawalparasi,200.0,635.0,Buckwheat,24.5490411,30.40978082,19.53635616,59.17942466,1718.41,6459.57,2990.77,1.507589041,5.9,115.0,127.0,September,Unknown
2014,Nawalparasi,18751.0,2853.0,Wheat,24.5490411,30.40978082,19.53635616,59.17942466,1718.41,6459.57,2990.77,1.507589041,5.9,115.0,53496.603,November,Unknown
2014,Nawalparasi,10.0,1200.0,Barley,24.5490411,30.40978082,19.53635616,59.17942466,1718.41,6459.57,2990.77,1.507589041,5.9,115.0,12.0,November,Unknown
2014,Nuwakot,15692.0,4701.0,Rice,8.942849315,14.24065753,4.645178082,68.31449315,1177.96,6430.92,2861.66,1.716630137,5.7,6146.0,73768.092,July,Bagmati
2014,Nuwakot,20450.0,3102.0,Maize,8.942849315,14.24065753,4.645178082,68.31449315,1177.96,6430.92,2861.66,1.716630137,5.7,6146.0,63435.9,April,Bagmati
2014,Nuwakot,5125.0,1941.0,Millet,8.942849315,14.24065753,4.645178082,68.31449315,1177.96,6430.92,2861.66,1.716630137,5.7,6146.0,9947.625,August,Bagmati
2014,Nuwakot,200.0,1225.0,Buckwheat,8.942849315,14.24065753,4.645178082,68.31449315,1177.96,6430.92,2861.66,1.716630137,5.7,6146.0,245.0,September,Bagmati
2014,Nuwakot,4547.0,3190.0,Wheat,8.942849315,14.24065753,4.645178082,68.31449315,1177.96,6430.92,2861.66,1.716630137,5.7,6146.0,14504.93,November,Bagmati
2014,Nuwakot,185.0,897.0,Barley,8.942849315,14.24065753,4.645178082,68.31449315,1177.96,6430.92,2861.66,1.716630137,5.7,6146.0,165.945,November,Bagmati
2014,Okhaldhunga,4355.0,2367.0,Rice,13.77150685,19.00484932,9.753561644,64.60926027,1000.45,6100.56,2724.95,1.605013699,5.7,8047.0,10308.285,July,Koshi
2014,Okhaldhunga,12400.0,2300.0,Maize,13.77150685,19.00484932,9.753561644,64.60926027,1000.45,6100.56,2724.95,1.605013699,5.7,8047.0,28520.0,April,Koshi
2014,Okhaldhunga,7751.0,1629.0,Millet,13.77150685,19.00484932,9.753561644,64.60926027,1000.45,6100.56,2724.95,1.605013699,5.7,8047.0,12626.379,August,Koshi
2014,Okhaldhunga,105.0,848.0,Buckwheat,13.77150685,19.00484932,9.753561644,64.60926027,1000.45,6100.56,2724.95,1.605013699,5.7,8047.0,89.04,September,Koshi
2014,Okhaldhunga,2365.0,1900.0,Wheat,13.77150685,19.00484932,9.753561644,64.60926027,1000.45,6100.56,2724.95,1.605013699,5.7,8047.0,4493.5,November,Koshi
2014,Okhaldhunga,100.0,1000.0,Barley,13.77150685,19.00484932,9.753561644,64.60926027,1000.45,6100.56,2724.95,1.605013699,5.7,8047.0,100.0,November,Koshi
2014,Palpa,8620.0,3840.0,Rice,19.246,24.31819178,15.2229863,62.63756164,2051.05,6459.57,2990.77,1.488520548,5.9,193.0,33100.8,July,Lumbini
2014,Palpa,20210.0,2097.0,Maize,19.246,24.31819178,15.2229863,62.63756164,2051.05,6459.57,2990.77,1.488520548,5.9,193.0,42380.37,April,Lumbini
2014,Palpa,2573.0,1005.0,Millet,19.246,24.31819178,15.2229863,62.63756164,2051.05,6459.57,2990.77,1.488520548,5.9,193.0,2585.865,August,Lumbini
2014,Palpa,448.0,933.0,Buckwheat,19.246,24.31819178,15.2229863,62.63756164,2051.05,6459.57,2990.77,1.488520548,5.9,193.0,417.984,September,Lumbini
2014,Palpa,6240.0,2250.0,Wheat,19.246,24.31819178,15.2229863,62.63756164,2051.05,6459.57,2990.77,1.488520548,5.9,193.0,14040.0,November,Lumbini
2014,Palpa,26.0,1423.0,Barley,19.246,24.31819178,15.2229863,62.63756164,2051.05,6459.57,2990.77,1.488520548,5.9,193.0,36.998,November,Lumbini
2014,Panchthar,9200.0,2200.0,Rice,10.74945205,16.29852055,6.498575342,71.22857534,839.62,5725.89,2516.93,1.819589041,5.7,1148.0,20240.0,July,Koshi
2014,Panchthar,18432.0,1650.0,Maize,10.74945205,16.29852055,6.498575342,71.22857534,839.62,5725.89,2516.93,1.819589041,5.7,1148.0,30412.8,April,Koshi
2014,Panchthar,4750.0,1891.0,Millet,10.74945205,16.29852055,6.498575342,71.22857534,839.62,5725.89,2516.93,1.819589041,5.7,1148.0,8982.25,August,Koshi
2014,Panchthar,56.0,643.0,Buckwheat,10.74945205,16.29852055,6.498575342,71.22857534,839.62,5725.89,2516.93,1.819589041,5.7,1148.0,36.008,September,Koshi
2014,Panchthar,3912.0,1660.0,Wheat,10.74945205,16.29852055,6.498575342,71.22857534,839.62,5725.89,2516.93,1.819589041,5.7,1148.0,6493.92,November,Koshi
2014,Panchthar,400.0,1125.0,Barley,10.74945205,16.29852055,6.498575342,71.22857534,839.62,5725.89,2516.93,1.819589041,5.7,1148.0,450.0,November,Koshi
2014,Parbat,8835.0,2800.0,Rice,7.963561644,13.16663014,3.714328767,69.3989589,1914.51,6221.05,2694.46,1.566054795,5.7,536.0,24738.0,July,Gandaki
2014,Parbat,13925.0,2150.0,Maize,7.963561644,13.16663014,3.714328767,69.3989589,1914.51,6221.05,2694.46,1.566054795,5.7,536.0,29938.75,April,Gandaki
2014,Parbat,8750.0,857.0,Millet,7.963561644,13.16663014,3.714328767,69.3989589,1914.51,6221.05,2694.46,1.566054795,5.7,536.0,7498.75,August,Gandaki
2014,Parbat,38.0,974.0,Buckwheat,7.963561644,13.16663014,3.714328767,69.3989589,1914.51,6221.05,2694.46,1.566054795,5.7,536.0,37.012,September,Gandaki
2014,Parbat,2615.0,2385.0,Wheat,7.963561644,13.16663014,3.714328767,69.3989589,1914.51,6221.05,2694.46,1.566054795,5.7,536.0,6236.775,November,Gandaki
2014,Parbat,95.0,905.0,Barley,7.963561644,13.16663014,3.714328767,69.3989589,1914.51,6221.05,2694.46,1.566054795,5.7,536.0,85.975,November,Gandaki
2014,Parsa,45600.0,4000.0,Rice,25.00989041,31.2090411,19.65558904,60.36257534,1356.19,6408.59,2958.53,1.638246575,6.9,889.0,182400.0,July,Madhesh
2014,Parsa,4075.0,3500.0,Maize,25.00989041,31.2090411,19.65558904,60.36257534,1356.19,6408.59,2958.53,1.638246575,6.9,889.0,14262.5,April,Madhesh
2014,Parsa,0.0,0.0,Millet,25.00989041,31.2090411,19.65558904,60.36257534,1356.19,6408.59,2958.53,1.638246575,6.9,889.0,0.0,August,Madhesh
2014,Parsa,0.0,0.0,Buckwheat,25.00989041,31.2090411,19.65558904,60.36257534,1356.19,6408.59,2958.53,1.638246575,6.9,889.0,0.0,September,Madhesh
2014,Parsa,22600.0,3500.0,Wheat,25.00989041,31.2090411,19.65558904,60.36257534,1356.19,6408.59,2958.53,1.638246575,6.9,889.0,79100.0,November,Madhesh
2014,Parsa,35.0,1286.0,Barley,25.00989041,31.2090411,19.65558904,60.36257534,1356.19,6408.59,2958.53,1.638246575,6.9,889.0,45.01,November,Madhesh
2014,Pyuthan,6525.0,3357.0,Rice,22.04649315,27.77824658,17.46468493,56.46156164,1375.28,6475.36,2808.84,1.880383562,6.5,14230.0,21904.425,July,Lumbini
2014,Pyuthan,12058.0,1751.0,Maize,22.04649315,27.77824658,17.46468493,56.46156164,1375.28,6475.36,2808.84,1.880383562,6.5,14230.0,21113.558,April,Lumbini
2014,Pyuthan,1995.0,1148.0,Millet,22.04649315,27.77824658,17.46468493,56.46156164,1375.28,6475.36,2808.84,1.880383562,6.5,14230.0,2290.26,August,Lumbini
2014,Pyuthan,15.0,1000.0,Buckwheat,22.04649315,27.77824658,17.46468493,56.46156164,1375.28,6475.36,2808.84,1.880383562,6.5,14230.0,15.0,September,Lumbini
2014,Pyuthan,8650.0,2370.0,Wheat,22.04649315,27.77824658,17.46468493,56.46156164,1375.28,6475.36,2808.84,1.880383562,6.5,14230.0,20500.5,November,Lumbini
2014,Pyuthan,510.0,1569.0,Barley,22.04649315,27.77824658,17.46468493,56.46156164,1375.28,6475.36,2808.84,1.880383562,6.5,14230.0,800.19,November,Lumbini
2014,Ramechap,9408.0,2781.0,Rice,13.77150685,19.00484932,9.753561644,64.60926027,1000.45,6100.56,2724.95,1.605013699,5.4,295.0,26163.648,July,Unknown
2014,Ramechap,21398.0,2520.0,Maize,13.77150685,19.00484932,9.753561644,64.60926027,1000.45,6100.56,2724.95,1.605013699,5.4,295.0,53922.96,April,Unknown
2014,Ramechap,5060.0,899.0,Millet,13.77150685,19.00484932,9.753561644,64.60926027,1000.45,6100.56,2724.95,1.605013699,5.4,295.0,4548.94,August,Unknown
2014,Ramechap,19.0,1000.0,Buckwheat,13.77150685,19.00484932,9.753561644,64.60926027,1000.45,6100.56,2724.95,1.605013699,5.4,295.0,19.0,September,Unknown
2014,Ramechap,4750.0,1920.0,Wheat,13.77150685,19.00484932,9.753561644,64.60926027,1000.45,6100.56,2724.95,1.605013699,5.4,295.0,9120.0,November,Unknown
2014,Ramechap,80.0,850.0,Barley,13.77150685,19.00484932,9.753561644,64.60926027,1000.45,6100.56,2724.95,1.605013699,5.4,295.0,68.0,November,Unknown
2014,Rasuwa,1300.0,2700.0,Rice,8.942849315,14.24065753,4.645178082,68.31449315,1177.96,6260.64,2770.23,1.716630137,6.1,1151.0,3510.0,July,Bagmati
2014,Rasuwa,2430.0,1660.0,Maize,8.942849315,14.24065753,4.645178082,68.31449315,1177.96,6260.64,2770.23,1.716630137,6.1,1151.0,4033.8,April,Bagmati
2014,Rasuwa,895.0,1008.0,Millet,8.942849315,14.24065753,4.645178082,68.31449315,1177.96,6260.64,2770.23,1.716630137,6.1,1151.0,902.16,August,Bagmati
2014,Rasuwa,0.0,0.0,Buckwheat,8.942849315,14.24065753,4.645178082,68.31449315,1177.96,6260.64,2770.23,1.716630137,6.1,1151.0,0.0,September,Bagmati
2014,Rasuwa,735.0,2050.0,Wheat,8.942849315,14.24065753,4.645178082,68.31449315,1177.96,6260.64,2770.23,1.716630137,6.1,1151.0,1506.75,November,Bagmati
2014,Rasuwa,285.0,1249.0,Barley,8.942849315,14.24065753,4.645178082,68.31449315,1177.96,6260.64,2770.23,1.716630137,6.1,1151.0,355.965,November,Bagmati
2014,Rautahat,30355.0,3722.0,Rice,24.28589041,30.22531507,19.61994521,59.12947945,1317.89,6073.46,2722.44,1.642273973,6.8,13654.0,112981.31,July,Madhesh
2014,Rautahat,1800.0,3222.0,Maize,24.28589041,30.22531507,19.61994521,59.12947945,1317.89,6073.46,2722.44,1.642273973,6.8,13654.0,5799.6,April,Madhesh
2014,Rautahat,62.0,855.0,Millet,24.28589041,30.22531507,19.61994521,59.12947945,1317.89,6073.46,2722.44,1.642273973,6.8,13654.0,53.01,August,Madhesh
2014,Rautahat,15500.0,3250.0,Buckwheat,24.28589041,30.22531507,19.61994521,59.12947945,1317.89,6073.46,2722.44,1.642273973,6.8,13654.0,50375.0,September,Madhesh
2014,Rautahat,0.0,0.0,Wheat,24.28589041,30.22531507,19.61994521,59.12947945,1317.89,6073.46,2722.44,1.642273973,6.8,13654.0,0.0,November,Madhesh
2014,Rautahat,4.0,1250.0,Barley,24.28589041,30.22531507,19.61994521,59.12947945,1317.89,6073.46,2722.44,1.642273973,6.8,13654.0,5.0,November,Madhesh
2014,Rolpa,4715.0,2600.0,Rice,14.85279452,20.59791781,10.21191781,63.34819178,1355.06,6475.36,2808.84,1.699780822,6.1,421.0,12259.0,July,Lumbini
2014,Rolpa,11880.0,2302.0,Maize,14.85279452,20.59791781,10.21191781,63.34819178,1355.06,6475.36,2808.84,1.699780822,6.1,421.0,27347.76,April,Lumbini
2014,Rolpa,1065.0,1239.0,Millet,14.85279452,20.59791781,10.21191781,63.34819178,1355.06,6475.36,2808.84,1.699780822,6.1,421.0,1319.535,August,Lumbini
2014,Rolpa,122.0,1000.0,Buckwheat,14.85279452,20.59791781,10.21191781,63.34819178,1355.06,6475.36,2808.84,1.699780822,6.1,421.0,122.0,September,Lumbini
2014,Rolpa,8570.0,2650.0,Wheat,14.85279452,20.59791781,10.21191781,63.34819178,1355.06,6475.36,2808.84,1.699780822,6.1,421.0,22710.5,November,Lumbini
2014,Rolpa,605.0,1107.0,Barley,14.85279452,20.59791781,10.21191781,63.34819178,1355.06,6475.36,2808.84,1.699780822,6.1,421.0,669.735,November,Lumbini
2014,Rukum,3562.0,2750.0,Rice,14.85279452,20.59791781,10.21191781,63.34819178,1355.06,6522.86,2830.46,1.699780822,6.8,11770.0,9795.5,July,Unknown
2014,Rukum,16289.0,2000.0,Maize,14.85279452,20.59791781,10.21191781,63.34819178,1355.06,6522.86,2830.46,1.699780822,6.8,11770.0,32578.0,April,Unknown
2014,Rukum,915.0,1750.0,Millet,14.85279452,20.59791781,10.21191781,63.34819178,1355.06,6522.86,2830.46,1.699780822,6.8,11770.0,1601.25,August,Unknown
2014,Rukum,0.0,0.0,Buckwheat,14.85279452,20.59791781,10.21191781,63.34819178,1355.06,6522.86,2830.46,1.699780822,6.8,11770.0,0.0,September,Unknown
2014,Rukum,11800.0,2373.0,Wheat,14.85279452,20.59791781,10.21191781,63.34819178,1355.06,6522.86,2830.46,1.699780822,6.8,11770.0,28001.4,November,Unknown
2014,Rukum,900.0,1222.0,Barley,14.85279452,20.59791781,10.21191781,63.34819178,1355.06,6522.86,2830.46,1.699780822,6.8,11770.0,1099.8,November,Unknown
2014,Rupandehi,69600.0,4500.0,Rice,24.5490411,30.40978082,19.53635616,59.17942466,1718.41,6459.57,2990.77,1.507589041,6.6,399.0,313200.0,July,Lumbini
2014,Rupandehi,2550.0,4118.0,Maize,24.5490411,30.40978082,19.53635616,59.17942466,1718.41,6459.57,2990.77,1.507589041,6.6,399.0,10500.9,April,Lumbini
2014,Rupandehi,50.0,1100.0,Millet,24.5490411,30.40978082,19.53635616,59.17942466,1718.41,6459.57,2990.77,1.507589041,6.6,399.0,55.0,August,Lumbini
2014,Rupandehi,0.0,0.0,Buckwheat,24.5490411,30.40978082,19.53635616,59.17942466,1718.41,6459.57,2990.77,1.507589041,6.6,399.0,0.0,September,Lumbini
2014,Rupandehi,30000.0,3200.0,Wheat,24.5490411,30.40978082,19.53635616,59.17942466,1718.41,6459.57,2990.77,1.507589041,6.6,399.0,96000.0,November,Lumbini
2014,Rupandehi,100.0,2100.0,Barley,24.5490411,30.40978082,19.53635616,59.17942466,1718.41,6459.57,2990.77,1.507589041,6.6,399.0,210.0,November,Lumbini
2014,Salyan,7024.0,3551.0,Rice,22.04649315,27.77824658,17.46468493,56.46156164,1375.28,6475.36,2808.84,1.880383562,5.9,395.0,24942.224,July,Karnali
2014,Salyan,19370.0,2068.0,Maize,22.04649315,27.77824658,17.46468493,56.46156164,1375.28,6475.36,2808.84,1.880383562,5.9,395.0,40057.16,April,Karnali
2014,Salyan,2235.0,1045.0,Millet,22.04649315,27.77824658,17.46468493,56.46156164,1375.28,6475.36,2808.84,1.880383562,5.9,395.0,2335.575,August,Karnali
2014,Salyan,63.0,1095.0,Buckwheat,22.04649315,27.77824658,17.46468493,56.46156164,1375.28,6475.36,2808.84,1.880383562,5.9,395.0,68.985,September,Karnali
2014,Salyan,15565.0,2326.0,Wheat,22.04649315,27.77824658,17.46468493,56.46156164,1375.28,6475.36,2808.84,1.880383562,5.9,395.0,36204.19,November,Karnali
2014,Salyan,1270.0,1161.0,Barley,22.04649315,27.77824658,17.46468493,56.46156164,1375.28,6475.36,2808.84,1.880383562,5.9,395.0,1474.47,November,Karnali
2014,Sankhuwashava,13650.0,2393.0,Rice,10.74945205,16.29852055,6.498575342,71.22857534,839.62,5725.89,2516.93,1.819589041,5.6,21112.0,32664.45,July,Unknown
2014,Sankhuwashava,12000.0,1250.0,Maize,10.74945205,16.29852055,6.498575342,71.22857534,839.62,5725.89,2516.93,1.819589041,5.6,21112.0,15000.0,April,Unknown
2014,Sankhuwashava,7171.0,1048.0,Millet,10.74945205,16.29852055,6.498575342,71.22857534,839.62,5725.89,2516.93,1.819589041,5.6,21112.0,7515.208,August,Unknown
2014,Sankhuwashava,18.0,1000.0,Buckwheat,10.74945205,16.29852055,6.498575342,71.22857534,839.62,5725.89,2516.93,1.819589041,5.6,21112.0,18.0,September,Unknown
2014,Sankhuwashava,805.0,2000.0,Wheat,10.74945205,16.29852055,6.498575342,71.22857534,839.62,5725.89,2516.93,1.819589041,5.6,21112.0,1610.0,November,Unknown
2014,Sankhuwashava,30.0,1000.0,Barley,10.74945205,16.29852055,6.498575342,71.22857534,839.62,5725.89,2516.93,1.819589041,5.6,21112.0,30.0,November,Unknown
2014,Saptari,35000.0,2714.0,Rice,25.08632877,31.15071233,20.31326027,58.84591781,987.43,6045.46,2710.0,1.758876712,6.6,742.0,94990.0,July,Madhesh
2014,Saptari,3000.0,2333.0,Maize,25.08632877,31.15071233,20.31326027,58.84591781,987.43,6045.46,2710.0,1.758876712,6.6,742.0,6999.0,April,Madhesh
2014,Saptari,200.0,1300.0,Millet,25.08632877,31.15071233,20.31326027,58.84591781,987.43,6045.46,2710.0,1.758876712,6.6,742.0,260.0,August,Madhesh
2014,Saptari,0.0,0.0,Buckwheat,25.08632877,31.15071233,20.31326027,58.84591781,987.43,6045.46,2710.0,1.758876712,6.6,742.0,0.0,September,Madhesh
2014,Saptari,15000.0,2667.0,Wheat,25.08632877,31.15071233,20.31326027,58.84591781,987.43,6045.46,2710.0,1.758876712,6.6,742.0,40005.0,November,Madhesh
2014,Saptari,0.0,0.0,Barley,25.08632877,31.15071233,20.31326027,58.84591781,987.43,6045.46,2710.0,1.758876712,6.6,742.0,0.0,November,Madhesh
2014,Sarlahi,45500.0,2800.0,Rice,24.28589041,30.22531507,19.61994521,59.12947945,1317.89,6073.46,2722.44,1.642273973,6.6,748.0,127400.0,July,Madhesh
2014,Sarlahi,5500.0,2727.0,Maize,24.28589041,30.22531507,19.61994521,59.12947945,1317.89,6073.46,2722.44,1.642273973,6.6,748.0,14998.5,April,Madhesh
2014,Sarlahi,950.0,860.0,Millet,24.28589041,30.22531507,19.61994521,59.12947945,1317.89,6073.46,2722.44,1.642273973,6.6,748.0,817.0,August,Madhesh
2014,Sarlahi,25700.0,2539.0,Buckwheat,24.28589041,30.22531507,19.61994521,59.12947945,1317.89,6073.46,2722.44,1.642273973,6.6,748.0,65252.3,September,Madhesh
2014,Sarlahi,0.0,0.0,Wheat,24.28589041,30.22531507,19.61994521,59.12947945,1317.89,6073.46,2722.44,1.642273973,6.6,748.0,0.0,November,Madhesh
2014,Sarlahi,70.0,1071.0,Barley,24.28589041,30.22531507,19.61994521,59.12947945,1317.89,6073.46,2722.44,1.642273973,6.6,748.0,74.97,November,Madhesh
2014,Sindhuli,13000.0,3200.0,Rice,22.66246575,28.40646575,18.33369863,58.84380822,1124.72,6100.56,2724.95,1.662410959,6.0,12812.0,41600.0,July,Bagmati
2014,Sindhuli,23620.0,2477.0,Maize,22.66246575,28.40646575,18.33369863,58.84380822,1124.72,6100.56,2724.95,1.662410959,6.0,12812.0,58506.74,April,Bagmati
2014,Sindhuli,11800.0,792.0,Millet,22.66246575,28.40646575,18.33369863,58.84380822,1124.72,6100.56,2724.95,1.662410959,6.0,12812.0,9345.6,August,Bagmati
2014,Sindhuli,530.0,1075.0,Buckwheat,22.66246575,28.40646575,18.33369863,58.84380822,1124.72,6100.56,2724.95,1.662410959,6.0,12812.0,569.75,September,Bagmati
2014,Sindhuli,5681.0,2695.0,Wheat,22.66246575,28.40646575,18.33369863,58.84380822,1124.72,6100.56,2724.95,1.662410959,6.0,12812.0,15310.295,November,Bagmati
2014,Sindhuli,55.0,1636.0,Barley,22.66246575,28.40646575,18.33369863,58.84380822,1124.72,6100.56,2724.95,1.662410959,6.0,12812.0,89.98,November,Bagmati
2014,Sindhupalchok,12200.0,2313.0,Rice,8.942849315,14.24065753,4.645178082,68.31449315,1177.96,6430.92,2861.66,1.716630137,5.6,7437.0,28218.6,July,Bagmati
2014,Sindhupalchok,24900.0,2141.0,Maize,8.942849315,14.24065753,4.645178082,68.31449315,1177.96,6430.92,2861.66,1.716630137,5.6,7437.0,53310.9,April,Bagmati
2014,Sindhupalchok,19320.0,1152.0,Millet,8.942849315,14.24065753,4.645178082,68.31449315,1177.96,6430.92,2861.66,1.716630137,5.6,7437.0,22256.64,August,Bagmati
2014,Sindhupalchok,0.0,0.0,Buckwheat,8.942849315,14.24065753,4.645178082,68.31449315,1177.96,6430.92,2861.66,1.716630137,5.6,7437.0,0.0,September,Bagmati
2014,Sindhupalchok,7008.0,1116.0,Wheat,8.942849315,14.24065753,4.645178082,68.31449315,1177.96,6430.92,2861.66,1.716630137,5.6,7437.0,7820.928,November,Bagmati
2014,Sindhupalchok,205.0,1000.0,Barley,8.942849315,14.24065753,4.645178082,68.31449315,1177.96,6430.92,2861.66,1.716630137,5.6,7437.0,205.0,November,Bagmati
2014,Siraha,36000.0,2647.0,Rice,25.28791781,31.62980822,20.17671233,59.09279452,1111.24,6045.46,2710.0,1.842164384,6.8,4139.0,95292.0,July,Madhesh
2014,Siraha,1730.0,2000.0,Maize,25.28791781,31.62980822,20.17671233,59.09279452,1111.24,6045.46,2710.0,1.842164384,6.8,4139.0,3460.0,April,Madhesh
2014,Siraha,640.0,1000.0,Millet,25.28791781,31.62980822,20.17671233,59.09279452,1111.24,6045.46,2710.0,1.842164384,6.8,4139.0,640.0,August,Madhesh
2014,Siraha,0.0,0.0,Buckwheat,25.28791781,31.62980822,20.17671233,59.09279452,1111.24,6045.46,2710.0,1.842164384,6.8,4139.0,0.0,September,Madhesh
2014,Siraha,15715.0,2386.0,Wheat,25.28791781,31.62980822,20.17671233,59.09279452,1111.24,6045.46,2710.0,1.842164384,6.8,4139.0,37495.99,November,Madhesh
2014,Siraha,0.0,0.0,Barley,25.28791781,31.62980822,20.17671233,59.09279452,1111.24,6045.46,2710.0,1.842164384,6.8,4139.0,0.0,November,Madhesh
2014,Solukhumbu,1525.0,2337.0,Rice,9.449041096,15.0099726,5.155506849,67.66073973,794.23,6100.56,2724.95,1.844356164,5.8,4536.0,3563.925,July,Koshi
2014,Solukhumbu,12955.0,2510.0,Maize,9.449041096,15.0099726,5.155506849,67.66073973,794.23,6100.56,2724.95,1.844356164,5.8,4536.0,32517.05,April,Koshi
2014,Solukhumbu,2100.0,1280.0,Millet,9.449041096,15.0099726,5.155506849,67.66073973,794.23,6100.56,2724.95,1.844356164,5.8,4536.0,2688.0,August,Koshi
2014,Solukhumbu,320.0,600.0,Buckwheat,9.449041096,15.0099726,5.155506849,67.66073973,794.23,6100.56,2724.95,1.844356164,5.8,4536.0,192.0,September,Koshi
2014,Solukhumbu,1750.0,2029.0,Wheat,9.449041096,15.0099726,5.155506849,67.66073973,794.23,6100.56,2724.95,1.844356164,5.8,4536.0,3550.75,November,Koshi
2014,Solukhumbu,180.0,1056.0,Barley,9.449041096,15.0099726,5.155506849,67.66073973,794.23,6100.56,2724.95,1.844356164,5.8,4536.0,190.08,November,Koshi
2014,Sunsari,44940.0,3600.0,Rice,24.5410411,30.40487671,19.9389589,60.68906849,1259.89,5886.24,2639.06,1.598493151,6.6,11556.0,161784.0,July,Koshi
2014,Sunsari,8350.0,3000.0,Maize,24.5410411,30.40487671,19.9389589,60.68906849,1259.89,5886.24,2639.06,1.598493151,6.6,11556.0,25050.0,April,Koshi
2014,Sunsari,680.0,1050.0,Millet,24.5410411,30.40487671,19.9389589,60.68906849,1259.89,5886.24,2639.06,1.598493151,6.6,11556.0,714.0,August,Koshi
2014,Sunsari,400.0,1000.0,Buckwheat,24.5410411,30.40487671,19.9389589,60.68906849,1259.89,5886.24,2639.06,1.598493151,6.6,11556.0,400.0,September,Koshi
2014,Sunsari,16000.0,2975.0,Wheat,24.5410411,30.40487671,19.9389589,60.68906849,1259.89,5886.24,2639.06,1.598493151,6.6,11556.0,47600.0,November,Koshi
2014,Sunsari,0.0,0.0,Barley,24.5410411,30.40487671,19.9389589,60.68906849,1259.89,5886.24,2639.06,1.598493151,6.6,11556.0,0.0,November,Koshi
2014,Surkhet,13252.0,3801.0,Rice,20.24405479,25.73128767,15.81838356,57.99586301,1254.39,6158.82,2724.73,1.564,5.9,194.0,50370.852,July,Karnali
2014,Surkhet,15281.0,2600.0,Maize,20.24405479,25.73128767,15.81838356,57.99586301,1254.39,6158.82,2724.73,1.564,5.9,194.0,39730.6,April,Karnali
2014,Surkhet,2100.0,1405.0,Millet,20.24405479,25.73128767,15.81838356,57.99586301,1254.39,6158.82,2724.73,1.564,5.9,194.0,2950.5,August,Karnali
2014,Surkhet,0.0,0.0,Buckwheat,20.24405479,25.73128767,15.81838356,57.99586301,1254.39,6158.82,2724.73,1.564,5.9,194.0,0.0,September,Karnali
2014,Surkhet,16000.0,2750.0,Wheat,20.24405479,25.73128767,15.81838356,57.99586301,1254.39,6158.82,2724.73,1.564,5.9,194.0,44000.0,November,Karnali
2014,Surkhet,1030.0,1456.0,Barley,20.24405479,25.73128767,15.81838356,57.99586301,1254.39,6158.82,2724.73,1.564,5.9,194.0,1499.68,November,Karnali
2014,Syangja,16800.0,3580.0,Rice,19.246,24.31819178,15.2229863,62.63756164,2051.05,6221.05,2694.46,1.488520548,6.0,6524.0,60144.0,July,Gandaki
2014,Syangja,26500.0,3003.0,Maize,19.246,24.31819178,15.2229863,62.63756164,2051.05,6221.05,2694.46,1.488520548,6.0,6524.0,79579.5,April,Gandaki
2014,Syangja,16505.0,1172.0,Millet,19.246,24.31819178,15.2229863,62.63756164,2051.05,6221.05,2694.46,1.488520548,6.0,6524.0,19343.86,August,Gandaki
2014,Syangja,230.0,748.0,Buckwheat,19.246,24.31819178,15.2229863,62.63756164,2051.05,6221.05,2694.46,1.488520548,6.0,6524.0,172.04,September,Gandaki
2014,Syangja,5600.0,2174.0,Wheat,19.246,24.31819178,15.2229863,62.63756164,2051.05,6221.05,2694.46,1.488520548,6.0,6524.0,12174.4,November,Gandaki
2014,Syangja,6.0,1167.0,Barley,19.246,24.31819178,15.2229863,62.63756164,2051.05,6221.05,2694.46,1.488520548,6.0,6524.0,7.002,November,Gandaki
2014,Tanahu,12540.0,3600.0,Rice,19.246,24.31819178,15.2229863,62.63756164,2051.05,6408.59,2958.53,1.488520548,5.6,2049.0,45144.0,July,Gandaki
2014,Tanahu,22000.0,2923.0,Maize,19.246,24.31819178,15.2229863,62.63756164,2051.05,6408.59,2958.53,1.488520548,5.6,2049.0,64306.0,April,Gandaki
2014,Tanahu,6360.0,920.0,Millet,19.246,24.31819178,15.2229863,62.63756164,2051.05,6408.59,2958.53,1.488520548,5.6,2049.0,5851.2,August,Gandaki
2014,Tanahu,193.0,969.0,Buckwheat,19.246,24.31819178,15.2229863,62.63756164,2051.05,6408.59,2958.53,1.488520548,5.6,2049.0,187.017,September,Gandaki
2014,Tanahu,1890.0,1989.0,Wheat,19.246,24.31819178,15.2229863,62.63756164,2051.05,6408.59,2958.53,1.488520548,5.6,2049.0,3759.21,November,Gandaki
2014,Tanahu,6.0,1000.0,Barley,19.246,24.31819178,15.2229863,62.63756164,2051.05,6408.59,2958.53,1.488520548,5.6,2049.0,6.0,November,Gandaki
2014,Taplejung,4074.0,2120.0,Rice,5.506383562,10.65917808,1.660273973,73.8670411,948.03,5725.89,2516.93,1.598876712,5.4,1277.0,8636.88,July,Koshi
2014,Taplejung,9150.0,3363.0,Maize,5.506383562,10.65917808,1.660273973,73.8670411,948.03,5725.89,2516.93,1.598876712,5.4,1277.0,30771.45,April,Koshi
2014,Taplejung,3350.0,1408.0,Millet,5.506383562,10.65917808,1.660273973,73.8670411,948.03,5725.89,2516.93,1.598876712,5.4,1277.0,4716.8,August,Koshi
2014,Taplejung,118.0,1398.0,Buckwheat,5.506383562,10.65917808,1.660273973,73.8670411,948.03,5725.89,2516.93,1.598876712,5.4,1277.0,164.964,September,Koshi
2014,Taplejung,1060.0,2142.0,Wheat,5.506383562,10.65917808,1.660273973,73.8670411,948.03,5725.89,2516.93,1.598876712,5.4,1277.0,2270.52,November,Koshi
2014,Taplejung,240.0,1300.0,Barley,5.506383562,10.65917808,1.660273973,73.8670411,948.03,5725.89,2516.93,1.598876712,5.4,1277.0,312.0,November,Koshi
2014,Terhathum,7606.0,2300.0,Rice,20.2559726,25.57950685,16.18526027,63.54638356,1128.84,5725.89,2516.93,1.460356164,5.6,611.0,17493.8,July,Unknown
2014,Terhathum,12350.0,2500.0,Maize,20.2559726,25.57950685,16.18526027,63.54638356,1128.84,5725.89,2516.93,1.460356164,5.6,611.0,30875.0,April,Unknown
2014,Terhathum,2700.0,1100.0,Millet,20.2559726,25.57950685,16.18526027,63.54638356,1128.84,5725.89,2516.93,1.460356164,5.6,611.0,2970.0,August,Unknown
2014,Terhathum,35.0,800.0,Buckwheat,20.2559726,25.57950685,16.18526027,63.54638356,1128.84,5725.89,2516.93,1.460356164,5.6,611.0,28.0,September,Unknown
2014,Terhathum,2500.0,2200.0,Wheat,20.2559726,25.57950685,16.18526027,63.54638356,1128.84,5725.89,2516.93,1.460356164,5.6,611.0,5500.0,November,Unknown
2014,Terhathum,75.0,1067.0,Barley,20.2559726,25.57950685,16.18526027,63.54638356,1128.84,5725.89,2516.93,1.460356164,5.6,611.0,80.025,November,Unknown
2014,Udayapur,12100.0,3962.0,Rice,18.76780822,23.98539726,14.93827397,65.31010959,1322.03,5886.24,2639.06,1.254657534,5.4,1273.0,47940.2,July,Koshi
2014,Udayapur,9310.0,2400.0,Maize,18.76780822,23.98539726,14.93827397,65.31010959,1322.03,5886.24,2639.06,1.254657534,5.4,1273.0,22344.0,April,Koshi
2014,Udayapur,2200.0,1077.0,Millet,18.76780822,23.98539726,14.93827397,65.31010959,1322.03,5886.24,2639.06,1.254657534,5.4,1273.0,2369.4,August,Koshi
2014,Udayapur,19.0,895.0,Buckwheat,18.76780822,23.98539726,14.93827397,65.31010959,1322.03,5886.24,2639.06,1.254657534,5.4,1273.0,17.005,September,Koshi
2014,Udayapur,5126.0,2430.0,Wheat,18.76780822,23.98539726,14.93827397,65.31010959,1322.03,5886.24,2639.06,1.254657534,5.4,1273.0,12456.18,November,Koshi
2014,Udayapur,35.0,1000.0,Barley,18.76780822,23.98539726,14.93827397,65.31010959,1322.03,5886.24,2639.06,1.254657534,5.4,1273.0,35.0,November,Koshi
2015,Achham,16571.0,1903.0,Rice,12.29106849,17.62432877,7.852273973,69.89249315,1079.56,6343.67,2744.68,1.503835616,6.1,75.0,31534.613,July,Sudurpashchim
2015,Achham,3650.0,2930.0,Maize,12.29106849,17.62432877,7.852273973,69.89249315,1079.56,6343.67,2744.68,1.503835616,6.1,75.0,10694.5,April,Sudurpashchim
2015,Achham,3413.0,1040.0,Millet,12.29106849,17.62432877,7.852273973,69.89249315,1079.56,6343.67,2744.68,1.503835616,6.1,75.0,3549.52,August,Sudurpashchim
2015,Achham,0.0,0.0,Buckwheat,12.29106849,17.62432877,7.852273973,69.89249315,1079.56,6343.67,2744.68,1.503835616,6.1,75.0,0.0,September,Sudurpashchim
2015,Achham,14300.0,1469.0,Wheat,12.29106849,17.62432877,7.852273973,69.89249315,1079.56,6343.67,2744.68,1.503835616,6.1,75.0,21006.7,November,Sudurpashchim
2015,Achham,505.0,1117.0,Barley,12.29106849,17.62432877,7.852273973,69.89249315,1079.56,6343.67,2744.68,1.503835616,6.1,75.0,564.085,November,Sudurpashchim
2015,Arghakhanchi,8050.0,2900.0,Rice,19.9170411,25.21608219,15.81980822,59.42972603,1505.69,6311.87,2909.06,1.649780822,5.9,720.0,23345.0,July,Lumbini
2015,Arghakhanchi,16500.0,2991.0,Maize,19.9170411,25.21608219,15.81980822,59.42972603,1505.69,6311.87,2909.06,1.649780822,5.9,720.0,49351.5,April,Lumbini
2015,Arghakhanchi,2900.0,1062.0,Millet,19.9170411,25.21608219,15.81980822,59.42972603,1505.69,6311.87,2909.06,1.649780822,5.9,720.0,3079.8,August,Lumbini
2015,Arghakhanchi,275.0,1018.0,Buckwheat,19.9170411,25.21608219,15.81980822,59.42972603,1505.69,6311.87,2909.06,1.649780822,5.9,720.0,279.95,September,Lumbini
2015,Arghakhanchi,7340.0,1765.0,Wheat,19.9170411,25.21608219,15.81980822,59.42972603,1505.69,6311.87,2909.06,1.649780822,5.9,720.0,12955.1,November,Lumbini
2015,Arghakhanchi,354.0,1119.0,Barley,19.9170411,25.21608219,15.81980822,59.42972603,1505.69,6311.87,2909.06,1.649780822,5.9,720.0,396.126,November,Lumbini
2015,Baglung,5874.0,3039.0,Rice,19.1970411,24.08353425,15.2609589,63.82761644,1952.81,6007.27,2589.14,1.448849315,5.7,570.0,17851.086,July,Gandaki
2015,Baglung,19959.0,3195.0,Maize,19.1970411,24.08353425,15.2609589,63.82761644,1952.81,6007.27,2589.14,1.448849315,5.7,570.0,63769.005,April,Gandaki
2015,Baglung,18605.0,1192.0,Millet,19.1970411,24.08353425,15.2609589,63.82761644,1952.81,6007.27,2589.14,1.448849315,5.7,570.0,22177.16,August,Gandaki
2015,Baglung,84.0,1440.0,Buckwheat,19.1970411,24.08353425,15.2609589,63.82761644,1952.81,6007.27,2589.14,1.448849315,5.7,570.0,120.96,September,Gandaki
2015,Baglung,6991.0,2437.0,Wheat,19.1970411,24.08353425,15.2609589,63.82761644,1952.81,6007.27,2589.14,1.448849315,5.7,570.0,17037.067,November,Gandaki
2015,Baglung,976.0,1166.0,Barley,19.1970411,24.08353425,15.2609589,63.82761644,1952.81,6007.27,2589.14,1.448849315,5.7,570.0,1138.016,November,Gandaki
2015,Baitadi,7000.0,2353.0,Rice,11.19126027,17.03958904,6.314547945,66.00421918,780.31,6555.37,2879.53,1.621753425,6.0,157.0,16471.0,July,Sudurpashchim
2015,Baitadi,14500.0,1307.0,Maize,11.19126027,17.03958904,6.314547945,66.00421918,780.31,6555.37,2879.53,1.621753425,6.0,157.0,18951.5,April,Sudurpashchim
2015,Baitadi,710.0,1056.0,Millet,11.19126027,17.03958904,6.314547945,66.00421918,780.31,6555.37,2879.53,1.621753425,6.0,157.0,749.76,August,Sudurpashchim
2015,Baitadi,0.0,0.0,Buckwheat,11.19126027,17.03958904,6.314547945,66.00421918,780.31,6555.37,2879.53,1.621753425,6.0,157.0,0.0,September,Sudurpashchim
2015,Baitadi,20900.0,780.0,Wheat,11.19126027,17.03958904,6.314547945,66.00421918,780.31,6555.37,2879.53,1.621753425,6.0,157.0,16302.0,November,Sudurpashchim
2015,Baitadi,1000.0,620.0,Barley,11.19126027,17.03958904,6.314547945,66.00421918,780.31,6555.37,2879.53,1.621753425,6.0,157.0,620.0,November,Sudurpashchim
2015,Bajhang,7006.0,3110.0,Rice,11.19126027,17.03958904,6.314547945,66.00421918,780.31,6343.67,2744.68,1.621753425,5.6,152.0,21788.66,July,Sudurpashchim
2015,Bajhang,3680.0,1546.0,Maize,11.19126027,17.03958904,6.314547945,66.00421918,780.31,6343.67,2744.68,1.621753425,5.6,152.0,5689.28,April,Sudurpashchim
2015,Bajhang,2268.0,992.0,Millet,11.19126027,17.03958904,6.314547945,66.00421918,780.31,6343.67,2744.68,1.621753425,5.6,152.0,2249.856,August,Sudurpashchim
2015,Bajhang,7.0,1000.0,Buckwheat,11.19126027,17.03958904,6.314547945,66.00421918,780.31,6343.67,2744.68,1.621753425,5.6,152.0,7.0,September,Sudurpashchim
2015,Bajhang,10982.0,1220.0,Wheat,11.19126027,17.03958904,6.314547945,66.00421918,780.31,6343.67,2744.68,1.621753425,5.6,152.0,13398.04,November,Sudurpashchim
2015,Bajhang,3726.0,854.0,Barley,11.19126027,17.03958904,6.314547945,66.00421918,780.31,6343.67,2744.68,1.621753425,5.6,152.0,3182.004,November,Sudurpashchim
2015,Bajura,3310.0,2600.0,Rice,9.039315068,15.20909589,3.999205479,67.58024658,745.95,6343.67,2744.68,1.590465753,6.0,142.0,8606.0,July,Sudurpashchim
2015,Bajura,790.0,2468.0,Maize,9.039315068,15.20909589,3.999205479,67.58024658,745.95,6343.67,2744.68,1.590465753,6.0,142.0,1949.72,April,Sudurpashchim
2015,Bajura,2610.0,1030.0,Millet,9.039315068,15.20909589,3.999205479,67.58024658,745.95,6343.67,2744.68,1.590465753,6.0,142.0,2688.3,August,Sudurpashchim
2015,Bajura,7.0,1571.0,Buckwheat,9.039315068,15.20909589,3.999205479,67.58024658,745.95,6343.67,2744.68,1.590465753,6.0,142.0,10.997,September,Sudurpashchim
2015,Bajura,4950.0,931.0,Wheat,9.039315068,15.20909589,3.999205479,67.58024658,745.95,6343.67,2744.68,1.590465753,6.0,142.0,4608.45,November,Sudurpashchim
2015,Bajura,1072.0,849.0,Barley,9.039315068,15.20909589,3.999205479,67.58024658,745.95,6343.67,2744.68,1.590465753,6.0,142.0,910.128,November,Sudurpashchim
2015,Banke,31900.0,2907.0,Rice,20.02063014,25.44630137,15.56676712,60.16057534,1322.52,5961.71,2627.07,1.498630137,6.4,4592.0,92733.3,July,Lumbini
2015,Banke,8500.0,2219.0,Maize,20.02063014,25.44630137,15.56676712,60.16057534,1322.52,5961.71,2627.07,1.498630137,6.4,4592.0,18861.5,April,Lumbini
2015,Banke,0.0,0.0,Millet,20.02063014,25.44630137,15.56676712,60.16057534,1322.52,5961.71,2627.07,1.498630137,6.4,4592.0,0.0,August,Lumbini
2015,Banke,0.0,0.0,Buckwheat,20.02063014,25.44630137,15.56676712,60.16057534,1322.52,5961.71,2627.07,1.498630137,6.4,4592.0,0.0,September,Lumbini
2015,Banke,18359.0,2698.0,Wheat,20.02063014,25.44630137,15.56676712,60.16057534,1322.52,5961.71,2627.07,1.498630137,6.4,4592.0,49532.582,November,Lumbini
2015,Banke,10.0,933.0,Barley,20.02063014,25.44630137,15.56676712,60.16057534,1322.52,5961.71,2627.07,1.498630137,6.4,4592.0,9.33,November,Lumbini
2015,Bara,55400.0,2597.0,Rice,25.48046575,31.57386301,20.49742466,56.93879452,1269.69,6251.33,2879.41,1.602684932,6.7,5682.0,143873.8,July,Madhesh
2015,Bara,13400.0,3194.0,Maize,25.48046575,31.57386301,20.49742466,56.93879452,1269.69,6251.33,2879.41,1.602684932,6.7,5682.0,42799.6,April,Madhesh
2015,Bara,79.0,1304.0,Millet,25.48046575,31.57386301,20.49742466,56.93879452,1269.69,6251.33,2879.41,1.602684932,6.7,5682.0,103.016,August,Madhesh
2015,Bara,0.0,0.0,Buckwheat,25.48046575,31.57386301,20.49742466,56.93879452,1269.69,6251.33,2879.41,1.602684932,6.7,5682.0,0.0,September,Madhesh
2015,Bara,29150.0,3000.0,Wheat,25.48046575,31.57386301,20.49742466,56.93879452,1269.69,6251.33,2879.41,1.602684932,6.7,5682.0,87450.0,November,Madhesh
2015,Bara,81.0,1166.0,Barley,25.48046575,31.57386301,20.49742466,56.93879452,1269.69,6251.33,2879.41,1.602684932,6.7,5682.0,94.446,November,Madhesh
2015,Bardiya,48500.0,3577.0,Rice,25.07473973,31.20693288,20.05032877,53.60517808,1301.04,5961.71,2627.07,1.631260274,6.8,7281.0,173484.5,July,Unknown
2015,Bardiya,1500.0,3225.0,Maize,25.07473973,31.20693288,20.05032877,53.60517808,1301.04,5961.71,2627.07,1.631260274,6.8,7281.0,4837.5,April,Unknown
2015,Bardiya,0.0,0.0,Millet,25.07473973,31.20693288,20.05032877,53.60517808,1301.04,5961.71,2627.07,1.631260274,6.8,7281.0,0.0,August,Unknown
2015,Bardiya,0.0,0.0,Buckwheat,25.07473973,31.20693288,20.05032877,53.60517808,1301.04,5961.71,2627.07,1.631260274,6.8,7281.0,0.0,September,Unknown
2015,Bardiya,18716.0,3475.0,Wheat,25.07473973,31.20693288,20.05032877,53.60517808,1301.04,5961.71,2627.07,1.631260274,6.8,7281.0,65038.1,November,Unknown
2015,Bardiya,10.0,933.0,Barley,25.07473973,31.20693288,20.05032877,53.60517808,1301.04,5961.71,2627.07,1.631260274,6.8,7281.0,9.33,November,Unknown
2015,Bhaktapur,4250.0,5741.0,Rice,19.16063014,24.09531507,15.39969863,63.0239726,1205.4,6148.39,2725.47,1.470684932,5.8,1916.0,24399.25,July,Bagmati
2015,Bhaktapur,1855.0,4100.0,Maize,19.16063014,24.09531507,15.39969863,63.0239726,1205.4,6148.39,2725.47,1.470684932,5.8,1916.0,7605.5,April,Bagmati
2015,Bhaktapur,110.0,1418.0,Millet,19.16063014,24.09531507,15.39969863,63.0239726,1205.4,6148.39,2725.47,1.470684932,5.8,1916.0,155.98,August,Bagmati
2015,Bhaktapur,0.0,0.0,Buckwheat,19.16063014,24.09531507,15.39969863,63.0239726,1205.4,6148.39,2725.47,1.470684932,5.8,1916.0,0.0,September,Bagmati
2015,Bhaktapur,3000.0,3500.0,Wheat,19.16063014,24.09531507,15.39969863,63.0239726,1205.4,6148.39,2725.47,1.470684932,5.8,1916.0,10500.0,November,Bagmati
2015,Bhaktapur,46.0,1036.0,Barley,19.16063014,24.09531507,15.39969863,63.0239726,1205.4,6148.39,2725.47,1.470684932,5.8,1916.0,47.656,November,Bagmati
2015,Bhojpur,16093.0,2297.0,Rice,5.312849315,10.23958904,1.63109589,79.34849315,1200.13,5487.67,2400.82,1.570438356,5.4,599.0,36965.621,July,Koshi
2015,Bhojpur,36360.0,2303.0,Maize,5.312849315,10.23958904,1.63109589,79.34849315,1200.13,5487.67,2400.82,1.570438356,5.4,599.0,83737.08,April,Koshi
2015,Bhojpur,5505.0,1135.0,Millet,5.312849315,10.23958904,1.63109589,79.34849315,1200.13,5487.67,2400.82,1.570438356,5.4,599.0,6248.175,August,Koshi
2015,Bhojpur,35.0,1000.0,Buckwheat,5.312849315,10.23958904,1.63109589,79.34849315,1200.13,5487.67,2400.82,1.570438356,5.4,599.0,35.0,September,Koshi
2015,Bhojpur,400.0,2350.0,Wheat,5.312849315,10.23958904,1.63109589,79.34849315,1200.13,5487.67,2400.82,1.570438356,5.4,599.0,940.0,November,Koshi
2015,Bhojpur,15.0,1533.0,Barley,5.312849315,10.23958904,1.63109589,79.34849315,1200.13,5487.67,2400.82,1.570438356,5.4,599.0,22.995,November,Koshi
2015,Chitwan,27342.0,3399.0,Rice,24.51728767,30.25443836,19.72589041,58.80054795,1637.45,6251.33,2879.41,1.333643836,6.1,7641.0,92935.458,July,Bagmati
2015,Chitwan,9310.0,2814.0,Maize,24.51728767,30.25443836,19.72589041,58.80054795,1637.45,6251.33,2879.41,1.333643836,6.1,7641.0,26198.34,April,Bagmati
2015,Chitwan,1500.0,1087.0,Millet,24.51728767,30.25443836,19.72589041,58.80054795,1637.45,6251.33,2879.41,1.333643836,6.1,7641.0,1630.5,August,Bagmati
2015,Chitwan,0.0,0.0,Buckwheat,24.51728767,30.25443836,19.72589041,58.80054795,1637.45,6251.33,2879.41,1.333643836,6.1,7641.0,0.0,September,Bagmati
2015,Chitwan,6020.0,3342.0,Wheat,24.51728767,30.25443836,19.72589041,58.80054795,1637.45,6251.33,2879.41,1.333643836,6.1,7641.0,20118.84,November,Bagmati
2015,Chitwan,30.0,1399.0,Barley,24.51728767,30.25443836,19.72589041,58.80054795,1637.45,6251.33,2879.41,1.333643836,6.1,7641.0,41.97,November,Bagmati
2015,Dadeldhura,5225.0,3334.0,Rice,16.03641096,21.80945205,11.30158904,60.51816438,893.76,6555.37,2879.53,1.488,5.9,23.0,17420.15,July,Sudurpashchim
2015,Dadeldhura,3745.0,2700.0,Maize,16.03641096,21.80945205,11.30158904,60.51816438,893.76,6555.37,2879.53,1.488,5.9,23.0,10111.5,April,Sudurpashchim
2015,Dadeldhura,295.0,1017.0,Millet,16.03641096,21.80945205,11.30158904,60.51816438,893.76,6555.37,2879.53,1.488,5.9,23.0,300.015,August,Sudurpashchim
2015,Dadeldhura,0.0,0.0,Buckwheat,16.03641096,21.80945205,11.30158904,60.51816438,893.76,6555.37,2879.53,1.488,5.9,23.0,0.0,September,Sudurpashchim
2015,Dadeldhura,8465.0,1977.0,Wheat,16.03641096,21.80945205,11.30158904,60.51816438,893.76,6555.37,2879.53,1.488,5.9,23.0,16735.305,November,Sudurpashchim
2015,Dadeldhura,192.0,1227.0,Barley,16.03641096,21.80945205,11.30158904,60.51816438,893.76,6555.37,2879.53,1.488,5.9,23.0,235.584,November,Sudurpashchim
2015,Dailekh,8307.0,3194.0,Rice,12.29106849,17.62432877,7.852273973,69.89249315,1079.56,5961.71,2627.07,1.503835616,5.9,438.0,26532.558,July,Karnali
2015,Dailekh,20150.0,1751.0,Maize,12.29106849,17.62432877,7.852273973,69.89249315,1079.56,5961.71,2627.07,1.503835616,5.9,438.0,35282.65,April,Karnali
2015,Dailekh,2423.0,1011.0,Millet,12.29106849,17.62432877,7.852273973,69.89249315,1079.56,5961.71,2627.07,1.503835616,5.9,438.0,2449.653,August,Karnali
2015,Dailekh,27.0,1111.0,Buckwheat,12.29106849,17.62432877,7.852273973,69.89249315,1079.56,5961.71,2627.07,1.503835616,5.9,438.0,29.997,September,Karnali
2015,Dailekh,19594.0,1809.0,Wheat,12.29106849,17.62432877,7.852273973,69.89249315,1079.56,5961.71,2627.07,1.503835616,5.9,438.0,35445.546,November,Karnali
2015,Dailekh,202.0,1166.0,Barley,12.29106849,17.62432877,7.852273973,69.89249315,1079.56,5961.71,2627.07,1.503835616,5.9,438.0,235.532,November,Karnali
2015,Dang,36508.0,3393.0,Rice,22.27457534,28.1320274,17.66235616,55.45991781,1137.77,6220.26,2687.95,1.832410959,5.8,12705.0,123871.644,July,Lumbini
2015,Dang,23150.0,2291.0,Maize,22.27457534,28.1320274,17.66235616,55.45991781,1137.77,6220.26,2687.95,1.832410959,5.8,12705.0,53036.65,April,Lumbini
2015,Dang,15.0,1000.0,Millet,22.27457534,28.1320274,17.66235616,55.45991781,1137.77,6220.26,2687.95,1.832410959,5.8,12705.0,15.0,August,Lumbini
2015,Dang,20.0,1050.0,Buckwheat,22.27457534,28.1320274,17.66235616,55.45991781,1137.77,6220.26,2687.95,1.832410959,5.8,12705.0,21.0,September,Lumbini
2015,Dang,12655.0,2000.0,Wheat,22.27457534,28.1320274,17.66235616,55.45991781,1137.77,6220.26,2687.95,1.832410959,5.8,12705.0,25310.0,November,Lumbini
2015,Dang,25.0,1119.0,Barley,22.27457534,28.1320274,17.66235616,55.45991781,1137.77,6220.26,2687.95,1.832410959,5.8,12705.0,27.975,November,Lumbini
2015,Darchula,4480.0,2246.0,Rice,6.057041096,11.81673973,1.147972603,69.01665753,647.28,6555.37,2879.53,1.759808219,6.0,20.0,10062.08,July,Sudurpashchim
2015,Darchula,3858.0,1767.0,Maize,6.057041096,11.81673973,1.147972603,69.01665753,647.28,6555.37,2879.53,1.759808219,6.0,20.0,6817.086,April,Sudurpashchim
2015,Darchula,1310.0,992.0,Millet,6.057041096,11.81673973,1.147972603,69.01665753,647.28,6555.37,2879.53,1.759808219,6.0,20.0,1299.52,August,Sudurpashchim
2015,Darchula,100.0,850.0,Buckwheat,6.057041096,11.81673973,1.147972603,69.01665753,647.28,6555.37,2879.53,1.759808219,6.0,20.0,85.0,September,Sudurpashchim
2015,Darchula,4465.0,1925.0,Wheat,6.057041096,11.81673973,1.147972603,69.01665753,647.28,6555.37,2879.53,1.759808219,6.0,20.0,8595.125,November,Sudurpashchim
2015,Darchula,1200.0,754.0,Barley,6.057041096,11.81673973,1.147972603,69.01665753,647.28,6555.37,2879.53,1.759808219,6.0,20.0,904.8,November,Sudurpashchim
2015,Dhading,11545.0,3583.0,Rice,14.74265753,19.69649315,10.7029863,67.88435616,1406.63,6251.33,2879.41,1.496575342,5.5,8933.0,41365.735,July,Bagmati
2015,Dhading,19445.0,1930.0,Maize,14.74265753,19.69649315,10.7029863,67.88435616,1406.63,6251.33,2879.41,1.496575342,5.5,8933.0,37528.85,April,Bagmati
2015,Dhading,6930.0,1024.0,Millet,14.74265753,19.69649315,10.7029863,67.88435616,1406.63,6251.33,2879.41,1.496575342,5.5,8933.0,7096.32,August,Bagmati
2015,Dhading,0.0,0.0,Buckwheat,14.74265753,19.69649315,10.7029863,67.88435616,1406.63,6251.33,2879.41,1.496575342,5.5,8933.0,0.0,September,Bagmati
2015,Dhading,4798.0,2130.0,Wheat,14.74265753,19.69649315,10.7029863,67.88435616,1406.63,6251.33,2879.41,1.496575342,5.5,8933.0,10219.74,November,Bagmati
2015,Dhading,329.0,1004.0,Barley,14.74265753,19.69649315,10.7029863,67.88435616,1406.63,6251.33,2879.41,1.496575342,5.5,8933.0,330.316,November,Bagmati
2015,Dhankuta,7664.0,2882.0,Rice,20.37049315,25.36424658,16.52964384,65.71638356,1274.22,5761.24,2577.91,1.48909589,5.8,1409.0,22087.648,July,Koshi
2015,Dhankuta,7000.0,2714.0,Maize,20.37049315,25.36424658,16.52964384,65.71638356,1274.22,5761.24,2577.91,1.48909589,5.8,1409.0,18998.0,April,Koshi
2015,Dhankuta,7700.0,1098.0,Millet,20.37049315,25.36424658,16.52964384,65.71638356,1274.22,5761.24,2577.91,1.48909589,5.8,1409.0,8454.6,August,Koshi
2015,Dhankuta,5.0,700.0,Buckwheat,20.37049315,25.36424658,16.52964384,65.71638356,1274.22,5761.24,2577.91,1.48909589,5.8,1409.0,3.5,September,Koshi
2015,Dhankuta,1400.0,2179.0,Wheat,20.37049315,25.36424658,16.52964384,65.71638356,1274.22,5761.24,2577.91,1.48909589,5.8,1409.0,3050.6,November,Koshi
2015,Dhankuta,0.0,0.0,Barley,20.37049315,25.36424658,16.52964384,65.71638356,1274.22,5761.24,2577.91,1.48909589,5.8,1409.0,0.0,November,Koshi
2015,Dhanusha,35200.0,3440.0,Rice,22.87005479,28.34786301,18.65715068,59.64054795,1224.36,5958.86,2654.99,1.629561644,6.6,8242.0,121088.0,July,Madhesh
2015,Dhanusha,2465.0,3164.0,Maize,22.87005479,28.34786301,18.65715068,59.64054795,1224.36,5958.86,2654.99,1.629561644,6.6,8242.0,7799.26,April,Madhesh
2015,Dhanusha,300.0,1000.0,Millet,22.87005479,28.34786301,18.65715068,59.64054795,1224.36,5958.86,2654.99,1.629561644,6.6,8242.0,300.0,August,Madhesh
2015,Dhanusha,0.0,0.0,Buckwheat,22.87005479,28.34786301,18.65715068,59.64054795,1224.36,5958.86,2654.99,1.629561644,6.6,8242.0,0.0,September,Madhesh
2015,Dhanusha,40000.0,2625.0,Wheat,22.87005479,28.34786301,18.65715068,59.64054795,1224.36,5958.86,2654.99,1.629561644,6.6,8242.0,105000.0,November,Madhesh
2015,Dhanusha,1.0,933.0,Barley,22.87005479,28.34786301,18.65715068,59.64054795,1224.36,5958.86,2654.99,1.629561644,6.6,8242.0,0.933,November,Madhesh
2015,Dolakha,3090.0,2104.0,Rice,1.765150685,7.278191781,-2.672821918,72.5550411,739.46,5778.54,2561.04,2.014438356,6.5,908.0,6501.36,July,Bagmati
2015,Dolakha,5500.0,2300.0,Maize,1.765150685,7.278191781,-2.672821918,72.5550411,739.46,5778.54,2561.04,2.014438356,6.5,908.0,12650.0,April,Bagmati
2015,Dolakha,3600.0,1181.0,Millet,1.765150685,7.278191781,-2.672821918,72.5550411,739.46,5778.54,2561.04,2.014438356,6.5,908.0,4251.6,August,Bagmati
2015,Dolakha,400.0,1025.0,Buckwheat,1.765150685,7.278191781,-2.672821918,72.5550411,739.46,5778.54,2561.04,2.014438356,6.5,908.0,410.0,September,Bagmati
2015,Dolakha,4230.0,1650.0,Wheat,1.765150685,7.278191781,-2.672821918,72.5550411,739.46,5778.54,2561.04,2.014438356,6.5,908.0,6979.5,November,Bagmati
2015,Dolakha,172.0,960.0,Barley,1.765150685,7.278191781,-2.672821918,72.5550411,739.46,5778.54,2561.04,2.014438356,6.5,908.0,165.12,November,Bagmati
2015,Dolpa,276.0,1721.0,Rice,-1.546739726,4.43230137,-6.724027397,71.868,1262.88,6220.26,2687.95,1.783342466,6.6,20.0,474.996,July,Karnali
2015,Dolpa,220.0,1164.0,Maize,-1.546739726,4.43230137,-6.724027397,71.868,1262.88,6220.26,2687.95,1.783342466,6.6,20.0,256.08,April,Karnali
2015,Dolpa,391.0,997.0,Millet,-1.546739726,4.43230137,-6.724027397,71.868,1262.88,6220.26,2687.95,1.783342466,6.6,20.0,389.827,August,Karnali
2015,Dolpa,682.0,1393.0,Buckwheat,-1.546739726,4.43230137,-6.724027397,71.868,1262.88,6220.26,2687.95,1.783342466,6.6,20.0,950.026,September,Karnali
2015,Dolpa,2600.0,1462.0,Wheat,-1.546739726,4.43230137,-6.724027397,71.868,1262.88,6220.26,2687.95,1.783342466,6.6,20.0,3801.2,November,Karnali
2015,Dolpa,390.0,641.0,Barley,-1.546739726,4.43230137,-6.724027397,71.868,1262.88,6220.26,2687.95,1.783342466,6.6,20.0,249.99,November,Karnali
2015,Doti,10668.0,2073.0,Rice,16.03641096,21.80945205,11.30158904,60.51816438,893.76,6555.37,2879.53,1.488,5.9,235.0,22114.764,July,Sudurpashchim
2015,Doti,3502.0,2100.0,Maize,16.03641096,21.80945205,11.30158904,60.51816438,893.76,6555.37,2879.53,1.488,5.9,235.0,7354.2,April,Sudurpashchim
2015,Doti,4326.0,1135.0,Millet,16.03641096,21.80945205,11.30158904,60.51816438,893.76,6555.37,2879.53,1.488,5.9,235.0,4910.01,August,Sudurpashchim
2015,Doti,5.0,1000.0,Buckwheat,16.03641096,21.80945205,11.30158904,60.51816438,893.76,6555.37,2879.53,1.488,5.9,235.0,5.0,September,Sudurpashchim
2015,Doti,12335.0,2000.0,Wheat,16.03641096,21.80945205,11.30158904,60.51816438,893.76,6555.37,2879.53,1.488,5.9,235.0,24670.0,November,Sudurpashchim
2015,Doti,210.0,900.0,Barley,16.03641096,21.80945205,11.30158904,60.51816438,893.76,6555.37,2879.53,1.488,5.9,235.0,189.0,November,Sudurpashchim
2015,Gorkha,9756.0,2080.0,Rice,14.74265753,19.69649315,10.7029863,67.88435616,1406.63,6251.33,2879.41,1.496575342,5.5,1642.0,20292.48,July,Gandaki
2015,Gorkha,17036.0,2400.0,Maize,14.74265753,19.69649315,10.7029863,67.88435616,1406.63,6251.33,2879.41,1.496575342,5.5,1642.0,40886.4,April,Gandaki
2015,Gorkha,11505.0,1198.0,Millet,14.74265753,19.69649315,10.7029863,67.88435616,1406.63,6251.33,2879.41,1.496575342,5.5,1642.0,13782.99,August,Gandaki
2015,Gorkha,394.0,1013.0,Buckwheat,14.74265753,19.69649315,10.7029863,67.88435616,1406.63,6251.33,2879.41,1.496575342,5.5,1642.0,399.122,September,Gandaki
2015,Gorkha,3910.0,1850.0,Wheat,14.74265753,19.69649315,10.7029863,67.88435616,1406.63,6251.33,2879.41,1.496575342,5.5,1642.0,7233.5,November,Gandaki
2015,Gorkha,109.0,1028.0,Barley,14.74265753,19.69649315,10.7029863,67.88435616,1406.63,6251.33,2879.41,1.496575342,5.5,1642.0,112.052,November,Gandaki
2015,Gulmi,9992.0,2584.0,Rice,19.9170411,25.21608219,15.81980822,59.42972603,1505.69,6311.87,2909.06,1.649780822,6.1,609.0,25819.328,July,Lumbini
2015,Gulmi,23094.0,2194.0,Maize,19.9170411,25.21608219,15.81980822,59.42972603,1505.69,6311.87,2909.06,1.649780822,6.1,609.0,50668.236,April,Lumbini
2015,Gulmi,2800.0,1034.0,Millet,19.9170411,25.21608219,15.81980822,59.42972603,1505.69,6311.87,2909.06,1.649780822,6.1,609.0,2895.2,August,Lumbini
2015,Gulmi,212.0,1278.0,Buckwheat,19.9170411,25.21608219,15.81980822,59.42972603,1505.69,6311.87,2909.06,1.649780822,6.1,609.0,270.936,September,Lumbini
2015,Gulmi,7814.0,2235.0,Wheat,19.9170411,25.21608219,15.81980822,59.42972603,1505.69,6311.87,2909.06,1.649780822,6.1,609.0,17464.29,November,Lumbini
2015,Gulmi,374.0,1679.0,Barley,19.9170411,25.21608219,15.81980822,59.42972603,1505.69,6311.87,2909.06,1.649780822,6.1,609.0,627.946,November,Lumbini
2015,Humla,574.0,772.0,Rice,-0.840191781,5.159972603,-6.17309589,76.95178082,584.74,7294.58,3005.74,1.928547945,6.5,0.0,443.128,July,Karnali
2015,Humla,118.0,797.0,Maize,-0.840191781,5.159972603,-6.17309589,76.95178082,584.74,7294.58,3005.74,1.928547945,6.5,0.0,94.046,April,Karnali
2015,Humla,1270.0,669.0,Millet,-0.840191781,5.159972603,-6.17309589,76.95178082,584.74,7294.58,3005.74,1.928547945,6.5,0.0,849.63,August,Karnali
2015,Humla,670.0,1022.0,Buckwheat,-0.840191781,5.159972603,-6.17309589,76.95178082,584.74,7294.58,3005.74,1.928547945,6.5,0.0,684.74,September,Karnali
2015,Humla,1018.0,1063.0,Wheat,-0.840191781,5.159972603,-6.17309589,76.95178082,584.74,7294.58,3005.74,1.928547945,6.5,0.0,1082.134,November,Karnali
2015,Humla,693.0,1110.0,Barley,-0.840191781,5.159972603,-6.17309589,76.95178082,584.74,7294.58,3005.74,1.928547945,6.5,0.0,769.23,November,Karnali
2015,Illam,12500.0,2540.0,Rice,18.7019726,23.55920548,15.14715068,69.17123288,1622.35,5487.67,2400.82,1.265808219,5.5,757.0,31750.0,July,Unknown
2015,Illam,31395.0,3538.0,Maize,18.7019726,23.55920548,15.14715068,69.17123288,1622.35,5487.67,2400.82,1.265808219,5.5,757.0,111075.51,April,Unknown
2015,Illam,1700.0,1235.0,Millet,18.7019726,23.55920548,15.14715068,69.17123288,1622.35,5487.67,2400.82,1.265808219,5.5,757.0,2099.5,August,Unknown
2015,Illam,25.0,1000.0,Buckwheat,18.7019726,23.55920548,15.14715068,69.17123288,1622.35,5487.67,2400.82,1.265808219,5.5,757.0,25.0,September,Unknown
2015,Illam,4620.0,3087.0,Wheat,18.7019726,23.55920548,15.14715068,69.17123288,1622.35,5487.67,2400.82,1.265808219,5.5,757.0,14261.94,November,Unknown
2015,Illam,50.0,1000.0,Barley,18.7019726,23.55920548,15.14715068,69.17123288,1622.35,5487.67,2400.82,1.265808219,5.5,757.0,50.0,November,Unknown
2015,Jajarkot,3063.0,1822.0,Rice,22.27457534,28.1320274,17.66235616,55.45991781,1137.77,6220.26,2687.95,1.832410959,6.2,177.0,5580.786,July,Karnali
2015,Jajarkot,9365.0,1659.0,Maize,22.27457534,28.1320274,17.66235616,55.45991781,1137.77,6220.26,2687.95,1.832410959,6.2,177.0,15536.535,April,Karnali
2015,Jajarkot,1850.0,832.0,Millet,22.27457534,28.1320274,17.66235616,55.45991781,1137.77,6220.26,2687.95,1.832410959,6.2,177.0,1539.2,August,Karnali
2015,Jajarkot,28.0,1071.0,Buckwheat,22.27457534,28.1320274,17.66235616,55.45991781,1137.77,6220.26,2687.95,1.832410959,6.2,177.0,29.988,September,Karnali
2015,Jajarkot,12680.0,1106.0,Wheat,22.27457534,28.1320274,17.66235616,55.45991781,1137.77,6220.26,2687.95,1.832410959,6.2,177.0,14024.08,November,Karnali
2015,Jajarkot,708.0,1333.0,Barley,22.27457534,28.1320274,17.66235616,55.45991781,1137.77,6220.26,2687.95,1.832410959,6.2,177.0,943.764,November,Karnali
2015,Jhapa,83000.0,3797.0,Rice,24.93482192,30.20783699,20.80052055,63.89580822,1650.33,5761.24,2577.91,1.569178082,5.7,10968.0,315151.0,July,Koshi
2015,Jhapa,35500.0,2676.0,Maize,24.93482192,30.20783699,20.80052055,63.89580822,1650.33,5761.24,2577.91,1.569178082,5.7,10968.0,94998.0,April,Koshi
2015,Jhapa,1785.0,1200.0,Millet,24.93482192,30.20783699,20.80052055,63.89580822,1650.33,5761.24,2577.91,1.569178082,5.7,10968.0,2142.0,August,Koshi
2015,Jhapa,1600.0,938.0,Buckwheat,24.93482192,30.20783699,20.80052055,63.89580822,1650.33,5761.24,2577.91,1.569178082,5.7,10968.0,1500.8,September,Koshi
2015,Jhapa,9000.0,3300.0,Wheat,24.93482192,30.20783699,20.80052055,63.89580822,1650.33,5761.24,2577.91,1.569178082,5.7,10968.0,29700.0,November,Koshi
2015,Jhapa,10.0,900.0,Barley,24.93482192,30.20783699,20.80052055,63.89580822,1650.33,5761.24,2577.91,1.569178082,5.7,10968.0,9.0,November,Koshi
2015,Jumla,2900.0,2034.0,Rice,9.039315068,15.20909589,3.999205479,67.58024658,745.95,7077.99,2952.14,1.590465753,6.5,5.0,5898.6,July,Karnali
2015,Jumla,4505.0,1400.0,Maize,9.039315068,15.20909589,3.999205479,67.58024658,745.95,7077.99,2952.14,1.590465753,6.5,5.0,6307.0,April,Karnali
2015,Jumla,3840.0,1107.0,Millet,9.039315068,15.20909589,3.999205479,67.58024658,745.95,7077.99,2952.14,1.590465753,6.5,5.0,4250.88,August,Karnali
2015,Jumla,87.0,1115.0,Buckwheat,9.039315068,15.20909589,3.999205479,67.58024658,745.95,7077.99,2952.14,1.590465753,6.5,5.0,97.005,September,Karnali
2015,Jumla,2382.0,1871.0,Wheat,9.039315068,15.20909589,3.999205479,67.58024658,745.95,7077.99,2952.14,1.590465753,6.5,5.0,4456.722,November,Karnali
2015,Jumla,4035.0,1589.0,Barley,9.039315068,15.20909589,3.999205479,67.58024658,745.95,7077.99,2952.14,1.590465753,6.5,5.0,6411.615,November,Karnali
2015,Kailali,71250.0,3274.0,Rice,25.44457534,32.03775342,20.05279452,52.57841096,1147.77,6087.7,2702.77,1.587863014,6.6,13152.0,233272.5,July,Sudurpashchim
2015,Kailali,5550.0,2814.0,Maize,25.44457534,32.03775342,20.05279452,52.57841096,1147.77,6087.7,2702.77,1.587863014,6.6,13152.0,15617.7,April,Sudurpashchim
2015,Kailali,350.0,1000.0,Millet,25.44457534,32.03775342,20.05279452,52.57841096,1147.77,6087.7,2702.77,1.587863014,6.6,13152.0,350.0,August,Sudurpashchim
2015,Kailali,7.0,1571.0,Buckwheat,25.44457534,32.03775342,20.05279452,52.57841096,1147.77,6087.7,2702.77,1.587863014,6.6,13152.0,10.997,September,Sudurpashchim
2015,Kailali,34000.0,2310.0,Wheat,25.44457534,32.03775342,20.05279452,52.57841096,1147.77,6087.7,2702.77,1.587863014,6.6,13152.0,78540.0,November,Sudurpashchim
2015,Kailali,400.0,750.0,Barley,25.44457534,32.03775342,20.05279452,52.57841096,1147.77,6087.7,2702.77,1.587863014,6.6,13152.0,300.0,November,Sudurpashchim
2015,Kalikot,2500.0,1890.0,Rice,12.29106849,17.62432877,7.852273973,69.89249315,1079.56,6343.67,2744.68,1.503835616,6.2,50.0,4725.0,July,Karnali
2015,Kalikot,2930.0,1517.0,Maize,12.29106849,17.62432877,7.852273973,69.89249315,1079.56,6343.67,2744.68,1.503835616,6.2,50.0,4444.81,April,Karnali
2015,Kalikot,1230.0,1267.0,Millet,12.29106849,17.62432877,7.852273973,69.89249315,1079.56,6343.67,2744.68,1.503835616,6.2,50.0,1558.41,August,Karnali
2015,Kalikot,90.0,1544.0,Buckwheat,12.29106849,17.62432877,7.852273973,69.89249315,1079.56,6343.67,2744.68,1.503835616,6.2,50.0,138.96,September,Karnali
2015,Kalikot,5475.0,1070.0,Wheat,12.29106849,17.62432877,7.852273973,69.89249315,1079.56,6343.67,2744.68,1.503835616,6.2,50.0,5858.25,November,Karnali
2015,Kalikot,1042.0,1868.0,Barley,12.29106849,17.62432877,7.852273973,69.89249315,1079.56,6343.67,2744.68,1.503835616,6.2,50.0,1946.456,November,Karnali
2015,Kanchanpur,45796.0,3171.0,Rice,21.80778082,28.17747945,16.70750685,56.52479452,1093.43,6205.29,2751.51,1.043808219,6.2,6790.0,145219.116,July,Sudurpashchim
2015,Kanchanpur,2750.0,2591.0,Maize,21.80778082,28.17747945,16.70750685,56.52479452,1093.43,6205.29,2751.51,1.043808219,6.2,6790.0,7125.25,April,Sudurpashchim
2015,Kanchanpur,0.0,0.0,Millet,21.80778082,28.17747945,16.70750685,56.52479452,1093.43,6205.29,2751.51,1.043808219,6.2,6790.0,0.0,August,Sudurpashchim
2015,Kanchanpur,0.0,0.0,Buckwheat,21.80778082,28.17747945,16.70750685,56.52479452,1093.43,6205.29,2751.51,1.043808219,6.2,6790.0,0.0,September,Sudurpashchim
2015,Kanchanpur,31343.0,2407.0,Wheat,21.80778082,28.17747945,16.70750685,56.52479452,1093.43,6205.29,2751.51,1.043808219,6.2,6790.0,75442.601,November,Sudurpashchim
2015,Kanchanpur,10.0,933.0,Barley,21.80778082,28.17747945,16.70750685,56.52479452,1093.43,6205.29,2751.51,1.043808219,6.2,6790.0,9.33,November,Sudurpashchim
2015,Kapilbastu,58000.0,2216.0,Rice,25.60487671,32.02336986,20.31032877,53.4220274,1242.47,6311.87,2909.06,1.727506849,6.9,8453.0,128528.0,July,Lumbini
2015,Kapilbastu,3100.0,3065.0,Maize,25.60487671,32.02336986,20.31032877,53.4220274,1242.47,6311.87,2909.06,1.727506849,6.9,8453.0,9501.5,April,Lumbini
2015,Kapilbastu,0.0,0.0,Millet,25.60487671,32.02336986,20.31032877,53.4220274,1242.47,6311.87,2909.06,1.727506849,6.9,8453.0,0.0,August,Lumbini
2015,Kapilbastu,0.0,0.0,Buckwheat,25.60487671,32.02336986,20.31032877,53.4220274,1242.47,6311.87,2909.06,1.727506849,6.9,8453.0,0.0,September,Lumbini
2015,Kapilbastu,27927.0,3024.0,Wheat,25.60487671,32.02336986,20.31032877,53.4220274,1242.47,6311.87,2909.06,1.727506849,6.9,8453.0,84451.248,November,Lumbini
2015,Kapilbastu,202.0,1632.0,Barley,25.60487671,32.02336986,20.31032877,53.4220274,1242.47,6311.87,2909.06,1.727506849,6.9,8453.0,329.664,November,Lumbini
2015,Kaski,22000.0,3434.0,Rice,4.56339726,9.489808219,0.299123288,77.61342466,1812.0,5797.67,2566.38,1.522630137,6.7,1601.0,75548.0,July,Gandaki
2015,Kaski,13773.0,2300.0,Maize,4.56339726,9.489808219,0.299123288,77.61342466,1812.0,5797.67,2566.38,1.522630137,6.7,1601.0,31677.9,April,Gandaki
2015,Kaski,14667.0,1200.0,Millet,4.56339726,9.489808219,0.299123288,77.61342466,1812.0,5797.67,2566.38,1.522630137,6.7,1601.0,17600.4,August,Gandaki
2015,Kaski,14.0,1143.0,Buckwheat,4.56339726,9.489808219,0.299123288,77.61342466,1812.0,5797.67,2566.38,1.522630137,6.7,1601.0,16.002,September,Gandaki
2015,Kaski,6820.0,1890.0,Wheat,4.56339726,9.489808219,0.299123288,77.61342466,1812.0,5797.67,2566.38,1.522630137,6.7,1601.0,12889.8,November,Gandaki
2015,Kaski,131.0,1004.0,Barley,4.56339726,9.489808219,0.299123288,77.61342466,1812.0,5797.67,2566.38,1.522630137,6.7,1601.0,131.524,November,Gandaki
2015,Kathmandu,7905.0,5085.0,Rice,19.16063014,24.09531507,15.39969863,63.0239726,1205.4,6148.39,2725.47,1.470684932,6.5,5681.0,40196.925,July,Bagmati
2015,Kathmandu,9923.0,3391.0,Maize,19.16063014,24.09531507,15.39969863,63.0239726,1205.4,6148.39,2725.47,1.470684932,6.5,5681.0,33648.893,April,Bagmati
2015,Kathmandu,852.0,1009.0,Millet,19.16063014,24.09531507,15.39969863,63.0239726,1205.4,6148.39,2725.47,1.470684932,6.5,5681.0,859.668,August,Bagmati
2015,Kathmandu,5.0,1000.0,Buckwheat,19.16063014,24.09531507,15.39969863,63.0239726,1205.4,6148.39,2725.47,1.470684932,6.5,5681.0,5.0,September,Bagmati
2015,Kathmandu,3900.0,3200.0,Wheat,19.16063014,24.09531507,15.39969863,63.0239726,1205.4,6148.39,2725.47,1.470684932,6.5,5681.0,12480.0,November,Bagmati
2015,Kathmandu,4.0,933.0,Barley,19.16063014,24.09531507,15.39969863,63.0239726,1205.4,6148.39,2725.47,1.470684932,6.5,5681.0,3.732,November,Bagmati
2015,Kavre,11308.0,3005.0,Rice,19.16063014,24.09531507,15.39969863,63.0239726,1205.4,6148.39,2725.47,1.470684932,5.7,13113.0,33980.54,July,Unknown
2015,Kavre,25354.0,2400.0,Maize,19.16063014,24.09531507,15.39969863,63.0239726,1205.4,6148.39,2725.47,1.470684932,5.7,13113.0,60849.6,April,Unknown
2015,Kavre,3515.0,1150.0,Millet,19.16063014,24.09531507,15.39969863,63.0239726,1205.4,6148.39,2725.47,1.470684932,5.7,13113.0,4042.25,August,Unknown
2015,Kavre,608.0,1095.0,Buckwheat,19.16063014,24.09531507,15.39969863,63.0239726,1205.4,6148.39,2725.47,1.470684932,5.7,13113.0,665.76,September,Unknown
2015,Kavre,8925.0,2373.0,Wheat,19.16063014,24.09531507,15.39969863,63.0239726,1205.4,6148.39,2725.47,1.470684932,5.7,13113.0,21179.025,November,Unknown
2015,Kavre,708.0,999.0,Barley,19.16063014,24.09531507,15.39969863,63.0239726,1205.4,6148.39,2725.47,1.470684932,5.7,13113.0,707.292,November,Unknown
2015,Khotang,12150.0,1597.0,Rice,13.67887671,18.65805479,9.833506849,67.40438356,1084.19,5778.54,2561.04,1.565726027,5.5,298.0,19403.55,July,Koshi
2015,Khotang,41060.0,1841.0,Maize,13.67887671,18.65805479,9.833506849,67.40438356,1084.19,5778.54,2561.04,1.565726027,5.5,298.0,75591.46,April,Koshi
2015,Khotang,21215.0,1067.0,Millet,13.67887671,18.65805479,9.833506849,67.40438356,1084.19,5778.54,2561.04,1.565726027,5.5,298.0,22636.405,August,Koshi
2015,Khotang,650.0,1000.0,Buckwheat,13.67887671,18.65805479,9.833506849,67.40438356,1084.19,5778.54,2561.04,1.565726027,5.5,298.0,650.0,September,Koshi
2015,Khotang,5530.0,2750.0,Wheat,13.67887671,18.65805479,9.833506849,67.40438356,1084.19,5778.54,2561.04,1.565726027,5.5,298.0,15207.5,November,Koshi
2015,Khotang,412.0,1200.0,Barley,13.67887671,18.65805479,9.833506849,67.40438356,1084.19,5778.54,2561.04,1.565726027,5.5,298.0,494.4,November,Koshi
2015,Lalitpur,4650.0,4552.0,Rice,19.16063014,24.09531507,15.39969863,63.0239726,1205.4,6148.39,2725.47,1.470684932,6.9,884.0,21166.8,July,Bagmati
2015,Lalitpur,8589.0,3200.0,Maize,19.16063014,24.09531507,15.39969863,63.0239726,1205.4,6148.39,2725.47,1.470684932,6.9,884.0,27484.8,April,Bagmati
2015,Lalitpur,560.0,1027.0,Millet,19.16063014,24.09531507,15.39969863,63.0239726,1205.4,6148.39,2725.47,1.470684932,6.9,884.0,575.12,August,Bagmati
2015,Lalitpur,54.0,981.0,Buckwheat,19.16063014,24.09531507,15.39969863,63.0239726,1205.4,6148.39,2725.47,1.470684932,6.9,884.0,52.974,September,Bagmati
2015,Lalitpur,3000.0,2600.0,Wheat,19.16063014,24.09531507,15.39969863,63.0239726,1205.4,6148.39,2725.47,1.470684932,6.9,884.0,7800.0,November,Bagmati
2015,Lalitpur,51.0,578.0,Barley,19.16063014,24.09531507,15.39969863,63.0239726,1205.4,6148.39,2725.47,1.470684932,6.9,884.0,29.478,November,Bagmati
2015,Lamjung,14059.0,2687.0,Rice,4.56339726,9.489808219,0.299123288,77.61342466,1812.0,5797.67,2566.38,1.522630137,5.4,418.0,37776.533,July,Gandaki
2015,Lamjung,9650.0,2307.0,Maize,4.56339726,9.489808219,0.299123288,77.61342466,1812.0,5797.67,2566.38,1.522630137,5.4,418.0,22262.55,April,Gandaki
2015,Lamjung,7919.0,1119.0,Millet,4.56339726,9.489808219,0.299123288,77.61342466,1812.0,5797.67,2566.38,1.522630137,5.4,418.0,8861.361,August,Gandaki
2015,Lamjung,15.0,1067.0,Buckwheat,4.56339726,9.489808219,0.299123288,77.61342466,1812.0,5797.67,2566.38,1.522630137,5.4,418.0,16.005,September,Gandaki
2015,Lamjung,425.0,2800.0,Wheat,4.56339726,9.489808219,0.299123288,77.61342466,1812.0,5797.67,2566.38,1.522630137,5.4,418.0,1190.0,November,Gandaki
2015,Lamjung,28.0,899.0,Barley,4.56339726,9.489808219,0.299123288,77.61342466,1812.0,5797.67,2566.38,1.522630137,5.4,418.0,25.172,November,Gandaki
2015,Mahottari,25400.0,3287.0,Rice,26.15136986,32.51813699,20.71586301,57.39871233,1179.83,5958.86,2654.99,1.794520548,6.8,6803.0,83489.8,July,Madhesh
2015,Mahottari,9200.0,2902.0,Maize,26.15136986,32.51813699,20.71586301,57.39871233,1179.83,5958.86,2654.99,1.794520548,6.8,6803.0,26698.4,April,Madhesh
2015,Mahottari,0.0,0.0,Millet,26.15136986,32.51813699,20.71586301,57.39871233,1179.83,5958.86,2654.99,1.794520548,6.8,6803.0,0.0,August,Madhesh
2015,Mahottari,0.0,0.0,Buckwheat,26.15136986,32.51813699,20.71586301,57.39871233,1179.83,5958.86,2654.99,1.794520548,6.8,6803.0,0.0,September,Madhesh
2015,Mahottari,29000.0,2200.0,Wheat,26.15136986,32.51813699,20.71586301,57.39871233,1179.83,5958.86,2654.99,1.794520548,6.8,6803.0,63800.0,November,Madhesh
2015,Mahottari,10.0,933.0,Barley,26.15136986,32.51813699,20.71586301,57.39871233,1179.83,5958.86,2654.99,1.794520548,6.8,6803.0,9.33,November,Madhesh
2015,Makwanpur,11130.0,3190.0,Rice,22.15794521,27.40282192,18.03928767,60.0869863,1410.23,6251.33,2879.41,1.420328767,5.9,6282.0,35504.7,July,Bagmati
2015,Makwanpur,23652.0,3000.0,Maize,22.15794521,27.40282192,18.03928767,60.0869863,1410.23,6251.33,2879.41,1.420328767,5.9,6282.0,70956.0,April,Bagmati
2015,Makwanpur,2645.0,1250.0,Millet,22.15794521,27.40282192,18.03928767,60.0869863,1410.23,6251.33,2879.41,1.420328767,5.9,6282.0,3306.25,August,Bagmati
2015,Makwanpur,185.0,1108.0,Buckwheat,22.15794521,27.40282192,18.03928767,60.0869863,1410.23,6251.33,2879.41,1.420328767,5.9,6282.0,204.98,September,Bagmati
2015,Makwanpur,4205.0,2920.0,Wheat,22.15794521,27.40282192,18.03928767,60.0869863,1410.23,6251.33,2879.41,1.420328767,5.9,6282.0,12278.6,November,Bagmati
2015,Makwanpur,202.0,1166.0,Barley,22.15794521,27.40282192,18.03928767,60.0869863,1410.23,6251.33,2879.41,1.420328767,5.9,6282.0,235.532,November,Bagmati
2015,Manang,0.0,0.0,Rice,4.56339726,9.489808219,0.299123288,77.61342466,1812.0,5797.67,2566.38,1.522630137,6.3,15.0,0.0,July,Gandaki
2015,Manang,177.0,1960.0,Maize,4.56339726,9.489808219,0.299123288,77.61342466,1812.0,5797.67,2566.38,1.522630137,6.3,15.0,346.92,April,Gandaki
2015,Manang,0.0,0.0,Millet,4.56339726,9.489808219,0.299123288,77.61342466,1812.0,5797.67,2566.38,1.522630137,6.3,15.0,0.0,August,Gandaki
2015,Manang,300.0,1520.0,Buckwheat,4.56339726,9.489808219,0.299123288,77.61342466,1812.0,5797.67,2566.38,1.522630137,6.3,15.0,456.0,September,Gandaki
2015,Manang,195.0,2359.0,Wheat,4.56339726,9.489808219,0.299123288,77.61342466,1812.0,5797.67,2566.38,1.522630137,6.3,15.0,460.005,November,Gandaki
2015,Manang,101.0,1865.0,Barley,4.56339726,9.489808219,0.299123288,77.61342466,1812.0,5797.67,2566.38,1.522630137,6.3,15.0,188.365,November,Gandaki
2015,Morang,78000.0,3538.0,Rice,25.07531507,30.74958904,20.55775342,60.45682192,1225.03,5761.24,2577.91,1.588191781,6.8,17785.0,275964.0,July,Koshi
2015,Morang,14000.0,3286.0,Maize,25.07531507,30.74958904,20.55775342,60.45682192,1225.03,5761.24,2577.91,1.588191781,6.8,17785.0,46004.0,April,Koshi
2015,Morang,1348.0,1200.0,Millet,25.07531507,30.74958904,20.55775342,60.45682192,1225.03,5761.24,2577.91,1.588191781,6.8,17785.0,1617.6,August,Koshi
2015,Morang,70.0,1000.0,Buckwheat,25.07531507,30.74958904,20.55775342,60.45682192,1225.03,5761.24,2577.91,1.588191781,6.8,17785.0,70.0,September,Koshi
2015,Morang,16100.0,2150.0,Wheat,25.07531507,30.74958904,20.55775342,60.45682192,1225.03,5761.24,2577.91,1.588191781,6.8,17785.0,34615.0,November,Koshi
2015,Morang,0.0,0.0,Barley,25.07531507,30.74958904,20.55775342,60.45682192,1225.03,5761.24,2577.91,1.588191781,6.8,17785.0,0.0,November,Koshi
2015,Mugu,1400.0,1569.0,Rice,12.29106849,17.62432877,7.852273973,69.89249315,1079.56,6343.67,2744.68,1.503835616,5.7,12.0,2196.6,July,Karnali
2015,Mugu,621.0,1494.0,Maize,12.29106849,17.62432877,7.852273973,69.89249315,1079.56,6343.67,2744.68,1.503835616,5.7,12.0,927.774,April,Karnali
2015,Mugu,4275.0,977.0,Millet,12.29106849,17.62432877,7.852273973,69.89249315,1079.56,6343.67,2744.68,1.503835616,5.7,12.0,4176.675,August,Karnali
2015,Mugu,485.0,1031.0,Buckwheat,12.29106849,17.62432877,7.852273973,69.89249315,1079.56,6343.67,2744.68,1.503835616,5.7,12.0,500.035,September,Karnali
2015,Mugu,3136.0,1211.0,Wheat,12.29106849,17.62432877,7.852273973,69.89249315,1079.56,6343.67,2744.68,1.503835616,5.7,12.0,3797.696,November,Karnali
2015,Mugu,1527.0,1056.0,Barley,12.29106849,17.62432877,7.852273973,69.89249315,1079.56,6343.67,2744.68,1.503835616,5.7,12.0,1612.512,November,Karnali
2015,Mustang,0.0,0.0,Rice,7.591863014,12.7109863,3.324191781,73.80808219,1975.07,6007.27,2589.14,1.480520548,7.3,31.0,0.0,July,Gandaki
2015,Mustang,516.0,1469.0,Maize,7.591863014,12.7109863,3.324191781,73.80808219,1975.07,6007.27,2589.14,1.480520548,7.3,31.0,758.004,April,Gandaki
2015,Mustang,0.0,0.0,Millet,7.591863014,12.7109863,3.324191781,73.80808219,1975.07,6007.27,2589.14,1.480520548,7.3,31.0,0.0,August,Gandaki
2015,Mustang,582.0,1710.0,Buckwheat,7.591863014,12.7109863,3.324191781,73.80808219,1975.07,6007.27,2589.14,1.480520548,7.3,31.0,995.22,September,Gandaki
2015,Mustang,582.0,1584.0,Wheat,7.591863014,12.7109863,3.324191781,73.80808219,1975.07,6007.27,2589.14,1.480520548,7.3,31.0,921.888,November,Gandaki
2015,Mustang,273.0,1727.0,Barley,7.591863014,12.7109863,3.324191781,73.80808219,1975.07,6007.27,2589.14,1.480520548,7.3,31.0,471.471,November,Gandaki
2015,Myagdi,3738.0,3234.0,Rice,7.591863014,12.7109863,3.324191781,73.80808219,1975.07,6007.27,2589.14,1.480520548,5.8,189.0,12088.692,July,Gandaki
2015,Myagdi,9215.0,3200.0,Maize,7.591863014,12.7109863,3.324191781,73.80808219,1975.07,6007.27,2589.14,1.480520548,5.8,189.0,29488.0,April,Gandaki
2015,Myagdi,2740.0,1275.0,Millet,7.591863014,12.7109863,3.324191781,73.80808219,1975.07,6007.27,2589.14,1.480520548,5.8,189.0,3493.5,August,Gandaki
2015,Myagdi,148.0,1014.0,Buckwheat,7.591863014,12.7109863,3.324191781,73.80808219,1975.07,6007.27,2589.14,1.480520548,5.8,189.0,150.072,September,Gandaki
2015,Myagdi,3062.0,2210.0,Wheat,7.591863014,12.7109863,3.324191781,73.80808219,1975.07,6007.27,2589.14,1.480520548,5.8,189.0,6767.02,November,Gandaki
2015,Myagdi,307.0,1212.0,Barley,7.591863014,12.7109863,3.324191781,73.80808219,1975.07,6007.27,2589.14,1.480520548,5.8,189.0,372.084,November,Gandaki
2015,Nawalparasi,44500.0,3548.0,Rice,25.01430137,31.08512329,19.89479452,57.17545205,1518.37,6311.87,2909.06,1.474273973,5.9,5410.0,157886.0,July,Unknown
2015,Nawalparasi,8252.0,1568.0,Maize,25.01430137,31.08512329,19.89479452,57.17545205,1518.37,6311.87,2909.06,1.474273973,5.9,5410.0,12939.136,April,Unknown
2015,Nawalparasi,500.0,1032.0,Millet,25.01430137,31.08512329,19.89479452,57.17545205,1518.37,6311.87,2909.06,1.474273973,5.9,5410.0,516.0,August,Unknown
2015,Nawalparasi,200.0,525.0,Buckwheat,25.01430137,31.08512329,19.89479452,57.17545205,1518.37,6311.87,2909.06,1.474273973,5.9,5410.0,105.0,September,Unknown
2015,Nawalparasi,18745.0,2000.0,Wheat,25.01430137,31.08512329,19.89479452,57.17545205,1518.37,6311.87,2909.06,1.474273973,5.9,5410.0,37490.0,November,Unknown
2015,Nawalparasi,10.0,1119.0,Barley,25.01430137,31.08512329,19.89479452,57.17545205,1518.37,6311.87,2909.06,1.474273973,5.9,5410.0,11.19,November,Unknown
2015,Nuwakot,15695.0,3990.0,Rice,8.874493151,14.14715068,4.621150685,70.85983562,952.3,6148.39,2725.47,1.685780822,5.7,8234.0,62623.05,July,Bagmati
2015,Nuwakot,20450.0,3120.0,Maize,8.874493151,14.14715068,4.621150685,70.85983562,952.3,6148.39,2725.47,1.685780822,5.7,8234.0,63804.0,April,Bagmati
2015,Nuwakot,5200.0,1154.0,Millet,8.874493151,14.14715068,4.621150685,70.85983562,952.3,6148.39,2725.47,1.685780822,5.7,8234.0,6000.8,August,Bagmati
2015,Nuwakot,200.0,1225.0,Buckwheat,8.874493151,14.14715068,4.621150685,70.85983562,952.3,6148.39,2725.47,1.685780822,5.7,8234.0,245.0,September,Bagmati
2015,Nuwakot,4158.0,3200.0,Wheat,8.874493151,14.14715068,4.621150685,70.85983562,952.3,6148.39,2725.47,1.685780822,5.7,8234.0,13305.6,November,Bagmati
2015,Nuwakot,187.0,837.0,Barley,8.874493151,14.14715068,4.621150685,70.85983562,952.3,6148.39,2725.47,1.685780822,5.7,8234.0,156.519,November,Bagmati
2015,Okhaldhunga,4350.0,2202.0,Rice,13.67887671,18.65805479,9.833506849,67.40438356,1084.19,5778.54,2561.04,1.565726027,5.7,488.0,9578.7,July,Koshi
2015,Okhaldhunga,12400.0,2400.0,Maize,13.67887671,18.65805479,9.833506849,67.40438356,1084.19,5778.54,2561.04,1.565726027,5.7,488.0,29760.0,April,Koshi
2015,Okhaldhunga,7751.0,1313.0,Millet,13.67887671,18.65805479,9.833506849,67.40438356,1084.19,5778.54,2561.04,1.565726027,5.7,488.0,10177.063,August,Koshi
2015,Okhaldhunga,105.0,1048.0,Buckwheat,13.67887671,18.65805479,9.833506849,67.40438356,1084.19,5778.54,2561.04,1.565726027,5.7,488.0,110.04,September,Koshi
2015,Okhaldhunga,2365.0,1900.0,Wheat,13.67887671,18.65805479,9.833506849,67.40438356,1084.19,5778.54,2561.04,1.565726027,5.7,488.0,4493.5,November,Koshi
2015,Okhaldhunga,101.0,933.0,Barley,13.67887671,18.65805479,9.833506849,67.40438356,1084.19,5778.54,2561.04,1.565726027,5.7,488.0,94.233,November,Koshi
2015,Palpa,6820.0,4438.0,Rice,19.1970411,24.08353425,15.2609589,63.82761644,1952.81,6311.87,2909.06,1.448849315,5.9,1269.0,30267.16,July,Lumbini
2015,Palpa,21583.0,1990.0,Maize,19.1970411,24.08353425,15.2609589,63.82761644,1952.81,6311.87,2909.06,1.448849315,5.9,1269.0,42950.17,April,Lumbini
2015,Palpa,2535.0,1015.0,Millet,19.1970411,24.08353425,15.2609589,63.82761644,1952.81,6311.87,2909.06,1.448849315,5.9,1269.0,2573.025,August,Lumbini
2015,Palpa,500.0,1224.0,Buckwheat,19.1970411,24.08353425,15.2609589,63.82761644,1952.81,6311.87,2909.06,1.448849315,5.9,1269.0,612.0,September,Lumbini
2015,Palpa,6240.0,2050.0,Wheat,19.1970411,24.08353425,15.2609589,63.82761644,1952.81,6311.87,2909.06,1.448849315,5.9,1269.0,12792.0,November,Lumbini
2015,Palpa,26.0,1327.0,Barley,19.1970411,24.08353425,15.2609589,63.82761644,1952.81,6311.87,2909.06,1.448849315,5.9,1269.0,34.502,November,Lumbini
2015,Panchthar,9250.0,2290.0,Rice,10.70435616,15.96956164,6.687150685,75.16076712,1081.34,5487.67,2400.82,1.817013699,5.7,473.0,21182.5,July,Koshi
2015,Panchthar,18513.0,2076.0,Maize,10.70435616,15.96956164,6.687150685,75.16076712,1081.34,5487.67,2400.82,1.817013699,5.7,473.0,38432.988,April,Koshi
2015,Panchthar,4815.0,1870.0,Millet,10.70435616,15.96956164,6.687150685,75.16076712,1081.34,5487.67,2400.82,1.817013699,5.7,473.0,9004.05,August,Koshi
2015,Panchthar,0.0,0.0,Buckwheat,10.70435616,15.96956164,6.687150685,75.16076712,1081.34,5487.67,2400.82,1.817013699,5.7,473.0,0.0,September,Koshi
2015,Panchthar,3915.0,1649.0,Wheat,10.70435616,15.96956164,6.687150685,75.16076712,1081.34,5487.67,2400.82,1.817013699,5.7,473.0,6455.835,November,Koshi
2015,Panchthar,354.0,1165.0,Barley,10.70435616,15.96956164,6.687150685,75.16076712,1081.34,5487.67,2400.82,1.817013699,5.7,473.0,412.41,November,Koshi
2015,Parbat,8830.0,2370.0,Rice,7.591863014,12.7109863,3.324191781,73.80808219,1975.07,6007.27,2589.14,1.480520548,5.7,772.0,20927.1,July,Gandaki
2015,Parbat,13930.0,1845.0,Maize,7.591863014,12.7109863,3.324191781,73.80808219,1975.07,6007.27,2589.14,1.480520548,5.7,772.0,25700.85,April,Gandaki
2015,Parbat,8630.0,1000.0,Millet,7.591863014,12.7109863,3.324191781,73.80808219,1975.07,6007.27,2589.14,1.480520548,5.7,772.0,8630.0,August,Gandaki
2015,Parbat,38.0,974.0,Buckwheat,7.591863014,12.7109863,3.324191781,73.80808219,1975.07,6007.27,2589.14,1.480520548,5.7,772.0,37.012,September,Gandaki
2015,Parbat,2615.0,2400.0,Wheat,7.591863014,12.7109863,3.324191781,73.80808219,1975.07,6007.27,2589.14,1.480520548,5.7,772.0,6276.0,November,Gandaki
2015,Parbat,96.0,844.0,Barley,7.591863014,12.7109863,3.324191781,73.80808219,1975.07,6007.27,2589.14,1.480520548,5.7,772.0,81.024,November,Gandaki
2015,Parsa,40500.0,3753.0,Rice,25.79128767,32.06893151,20.41517808,56.8760274,1240.31,6251.33,2879.41,1.609068493,6.9,10732.0,151996.5,July,Madhesh
2015,Parsa,4075.0,3500.0,Maize,25.79128767,32.06893151,20.41517808,56.8760274,1240.31,6251.33,2879.41,1.609068493,6.9,10732.0,14262.5,April,Madhesh
2015,Parsa,85.0,1059.0,Millet,25.79128767,32.06893151,20.41517808,56.8760274,1240.31,6251.33,2879.41,1.609068493,6.9,10732.0,90.015,August,Madhesh
2015,Parsa,0.0,0.0,Buckwheat,25.79128767,32.06893151,20.41517808,56.8760274,1240.31,6251.33,2879.41,1.609068493,6.9,10732.0,0.0,September,Madhesh
2015,Parsa,22532.0,3260.0,Wheat,25.79128767,32.06893151,20.41517808,56.8760274,1240.31,6251.33,2879.41,1.609068493,6.9,10732.0,73454.32,November,Madhesh
2015,Parsa,35.0,1199.0,Barley,25.79128767,32.06893151,20.41517808,56.8760274,1240.31,6251.33,2879.41,1.609068493,6.9,10732.0,41.965,November,Madhesh
2015,Pyuthan,6525.0,3546.0,Rice,22.27457534,28.1320274,17.66235616,55.45991781,1137.77,6220.26,2687.95,1.832410959,6.5,412.0,23137.65,July,Lumbini
2015,Pyuthan,12043.0,1890.0,Maize,22.27457534,28.1320274,17.66235616,55.45991781,1137.77,6220.26,2687.95,1.832410959,6.5,412.0,22761.27,April,Lumbini
2015,Pyuthan,1990.0,1101.0,Millet,22.27457534,28.1320274,17.66235616,55.45991781,1137.77,6220.26,2687.95,1.832410959,6.5,412.0,2190.99,August,Lumbini
2015,Pyuthan,13.0,1154.0,Buckwheat,22.27457534,28.1320274,17.66235616,55.45991781,1137.77,6220.26,2687.95,1.832410959,6.5,412.0,15.002,September,Lumbini
2015,Pyuthan,8411.0,2204.0,Wheat,22.27457534,28.1320274,17.66235616,55.45991781,1137.77,6220.26,2687.95,1.832410959,6.5,412.0,18537.844,November,Lumbini
2015,Pyuthan,516.0,1463.0,Barley,22.27457534,28.1320274,17.66235616,55.45991781,1137.77,6220.26,2687.95,1.832410959,6.5,412.0,754.908,November,Lumbini
2015,Ramechap,9020.0,2401.0,Rice,13.67887671,18.65805479,9.833506849,67.40438356,1084.19,5778.54,2561.04,1.565726027,5.4,1240.0,21657.02,July,Unknown
2015,Ramechap,19345.0,2505.0,Maize,13.67887671,18.65805479,9.833506849,67.40438356,1084.19,5778.54,2561.04,1.565726027,5.4,1240.0,48459.225,April,Unknown
2015,Ramechap,5060.0,1008.0,Millet,13.67887671,18.65805479,9.833506849,67.40438356,1084.19,5778.54,2561.04,1.565726027,5.4,1240.0,5100.48,August,Unknown
2015,Ramechap,19.0,1000.0,Buckwheat,13.67887671,18.65805479,9.833506849,67.40438356,1084.19,5778.54,2561.04,1.565726027,5.4,1240.0,19.0,September,Unknown
2015,Ramechap,3852.0,2100.0,Wheat,13.67887671,18.65805479,9.833506849,67.40438356,1084.19,5778.54,2561.04,1.565726027,5.4,1240.0,8089.2,November,Unknown
2015,Ramechap,80.0,850.0,Barley,13.67887671,18.65805479,9.833506849,67.40438356,1084.19,5778.54,2561.04,1.565726027,5.4,1240.0,68.0,November,Unknown
2015,Rasuwa,1050.0,2400.0,Rice,8.874493151,14.14715068,4.621150685,70.85983562,952.3,6130.27,2716.62,1.685780822,6.1,432.0,2520.0,July,Bagmati
2015,Rasuwa,2430.0,1584.0,Maize,8.874493151,14.14715068,4.621150685,70.85983562,952.3,6130.27,2716.62,1.685780822,6.1,432.0,3849.12,April,Bagmati
2015,Rasuwa,895.0,1008.0,Millet,8.874493151,14.14715068,4.621150685,70.85983562,952.3,6130.27,2716.62,1.685780822,6.1,432.0,902.16,August,Bagmati
2015,Rasuwa,0.0,0.0,Buckwheat,8.874493151,14.14715068,4.621150685,70.85983562,952.3,6130.27,2716.62,1.685780822,6.1,432.0,0.0,September,Bagmati
2015,Rasuwa,715.0,1907.0,Wheat,8.874493151,14.14715068,4.621150685,70.85983562,952.3,6130.27,2716.62,1.685780822,6.1,432.0,1363.505,November,Bagmati
2015,Rasuwa,288.0,1165.0,Barley,8.874493151,14.14715068,4.621150685,70.85983562,952.3,6130.27,2716.62,1.685780822,6.1,432.0,335.52,November,Bagmati
2015,Rautahat,30400.0,3326.0,Rice,24.73353425,30.57558904,20.09090411,58.16578082,1295.92,5958.86,2654.99,1.617369863,6.8,6131.0,101110.4,July,Madhesh
2015,Rautahat,2055.0,3309.0,Maize,24.73353425,30.57558904,20.09090411,58.16578082,1295.92,5958.86,2654.99,1.617369863,6.8,6131.0,6799.995,April,Madhesh
2015,Rautahat,62.0,1016.0,Millet,24.73353425,30.57558904,20.09090411,58.16578082,1295.92,5958.86,2654.99,1.617369863,6.8,6131.0,62.992,August,Madhesh
2015,Rautahat,0.0,0.0,Buckwheat,24.73353425,30.57558904,20.09090411,58.16578082,1295.92,5958.86,2654.99,1.617369863,6.8,6131.0,0.0,September,Madhesh
2015,Rautahat,15453.0,3027.0,Wheat,24.73353425,30.57558904,20.09090411,58.16578082,1295.92,5958.86,2654.99,1.617369863,6.8,6131.0,46776.231,November,Madhesh
2015,Rautahat,4.0,1166.0,Barley,24.73353425,30.57558904,20.09090411,58.16578082,1295.92,5958.86,2654.99,1.617369863,6.8,6131.0,4.664,November,Madhesh
2015,Rolpa,4715.0,2530.0,Rice,14.75528767,20.48043836,10.10972603,65.14484932,1175.49,6220.26,2687.95,1.643287671,6.1,417.0,11928.95,July,Lumbini
2015,Rolpa,11665.0,2300.0,Maize,14.75528767,20.48043836,10.10972603,65.14484932,1175.49,6220.26,2687.95,1.643287671,6.1,417.0,26829.5,April,Lumbini
2015,Rolpa,1061.0,1221.0,Millet,14.75528767,20.48043836,10.10972603,65.14484932,1175.49,6220.26,2687.95,1.643287671,6.1,417.0,1295.481,August,Lumbini
2015,Rolpa,115.0,1000.0,Buckwheat,14.75528767,20.48043836,10.10972603,65.14484932,1175.49,6220.26,2687.95,1.643287671,6.1,417.0,115.0,September,Lumbini
2015,Rolpa,8334.0,2465.0,Wheat,14.75528767,20.48043836,10.10972603,65.14484932,1175.49,6220.26,2687.95,1.643287671,6.1,417.0,20543.31,November,Lumbini
2015,Rolpa,612.0,1032.0,Barley,14.75528767,20.48043836,10.10972603,65.14484932,1175.49,6220.26,2687.95,1.643287671,6.1,417.0,631.584,November,Lumbini
2015,Rukum,3562.0,2942.0,Rice,14.75528767,20.48043836,10.10972603,65.14484932,1175.49,6281.61,2715.25,1.643287671,6.8,696.0,10479.404,July,Unknown
2015,Rukum,16276.0,1983.0,Maize,14.75528767,20.48043836,10.10972603,65.14484932,1175.49,6281.61,2715.25,1.643287671,6.8,696.0,32275.308,April,Unknown
2015,Rukum,918.0,1744.0,Millet,14.75528767,20.48043836,10.10972603,65.14484932,1175.49,6281.61,2715.25,1.643287671,6.8,696.0,1600.992,August,Unknown
2015,Rukum,0.0,0.0,Buckwheat,14.75528767,20.48043836,10.10972603,65.14484932,1175.49,6281.61,2715.25,1.643287671,6.8,696.0,0.0,September,Unknown
2015,Rukum,11772.0,2207.0,Wheat,14.75528767,20.48043836,10.10972603,65.14484932,1175.49,6281.61,2715.25,1.643287671,6.8,696.0,25980.804,November,Unknown
2015,Rukum,910.0,1140.0,Barley,14.75528767,20.48043836,10.10972603,65.14484932,1175.49,6281.61,2715.25,1.643287671,6.8,696.0,1037.4,November,Unknown
2015,Rupandehi,69600.0,3964.0,Rice,25.01430137,31.08512329,19.89479452,57.17545205,1518.37,6311.87,2909.06,1.474273973,6.6,19370.0,275894.4,July,Lumbini
2015,Rupandehi,2500.0,3982.0,Maize,25.01430137,31.08512329,19.89479452,57.17545205,1518.37,6311.87,2909.06,1.474273973,6.6,19370.0,9955.0,April,Lumbini
2015,Rupandehi,50.0,1100.0,Millet,25.01430137,31.08512329,19.89479452,57.17545205,1518.37,6311.87,2909.06,1.474273973,6.6,19370.0,55.0,August,Lumbini
2015,Rupandehi,0.0,0.0,Buckwheat,25.01430137,31.08512329,19.89479452,57.17545205,1518.37,6311.87,2909.06,1.474273973,6.6,19370.0,0.0,September,Lumbini
2015,Rupandehi,29400.0,2700.0,Wheat,25.01430137,31.08512329,19.89479452,57.17545205,1518.37,6311.87,2909.06,1.474273973,6.6,19370.0,79380.0,November,Lumbini
2015,Rupandehi,101.0,1959.0,Barley,25.01430137,31.08512329,19.89479452,57.17545205,1518.37,6311.87,2909.06,1.474273973,6.6,19370.0,197.859,November,Lumbini
2015,Salyan,6951.0,3650.0,Rice,22.27457534,28.1320274,17.66235616,55.45991781,1137.77,6220.26,2687.95,1.832410959,5.9,1063.0,25371.15,July,Karnali
2015,Salyan,19395.0,2050.0,Maize,22.27457534,28.1320274,17.66235616,55.45991781,1137.77,6220.26,2687.95,1.832410959,5.9,1063.0,39759.75,April,Karnali
2015,Salyan,1053.0,1565.0,Millet,22.27457534,28.1320274,17.66235616,55.45991781,1137.77,6220.26,2687.95,1.832410959,5.9,1063.0,1647.945,August,Karnali
2015,Salyan,61.0,1197.0,Buckwheat,22.27457534,28.1320274,17.66235616,55.45991781,1137.77,6220.26,2687.95,1.832410959,5.9,1063.0,73.017,September,Karnali
2015,Salyan,13220.0,1891.0,Wheat,22.27457534,28.1320274,17.66235616,55.45991781,1137.77,6220.26,2687.95,1.832410959,5.9,1063.0,24999.02,November,Karnali
2015,Salyan,1079.0,1184.0,Barley,22.27457534,28.1320274,17.66235616,55.45991781,1137.77,6220.26,2687.95,1.832410959,5.9,1063.0,1277.536,November,Karnali
2015,Sankhuwashava,13655.0,2171.0,Rice,10.70435616,15.96956164,6.687150685,75.16076712,1081.34,5487.67,2400.82,1.817013699,5.6,779.0,29645.005,July,Unknown
2015,Sankhuwashava,12070.0,1666.0,Maize,10.70435616,15.96956164,6.687150685,75.16076712,1081.34,5487.67,2400.82,1.817013699,5.6,779.0,20108.62,April,Unknown
2015,Sankhuwashava,7071.0,1018.0,Millet,10.70435616,15.96956164,6.687150685,75.16076712,1081.34,5487.67,2400.82,1.817013699,5.6,779.0,7198.278,August,Unknown
2015,Sankhuwashava,15.0,1067.0,Buckwheat,10.70435616,15.96956164,6.687150685,75.16076712,1081.34,5487.67,2400.82,1.817013699,5.6,779.0,16.005,September,Unknown
2015,Sankhuwashava,500.0,2200.0,Wheat,10.70435616,15.96956164,6.687150685,75.16076712,1081.34,5487.67,2400.82,1.817013699,5.6,779.0,1100.0,November,Unknown
2015,Sankhuwashava,14.0,933.0,Barley,10.70435616,15.96956164,6.687150685,75.16076712,1081.34,5487.67,2400.82,1.817013699,5.6,779.0,13.062,November,Unknown
2015,Saptari,31900.0,2578.0,Rice,25.46635616,31.15926027,20.89621918,59.55463014,1228.16,5897.21,2630.78,1.697287671,6.6,8207.0,82238.2,July,Madhesh
2015,Saptari,2500.0,2600.0,Maize,25.46635616,31.15926027,20.89621918,59.55463014,1228.16,5897.21,2630.78,1.697287671,6.6,8207.0,6500.0,April,Madhesh
2015,Saptari,200.0,1300.0,Millet,25.46635616,31.15926027,20.89621918,59.55463014,1228.16,5897.21,2630.78,1.697287671,6.6,8207.0,260.0,August,Madhesh
2015,Saptari,0.0,0.0,Buckwheat,25.46635616,31.15926027,20.89621918,59.55463014,1228.16,5897.21,2630.78,1.697287671,6.6,8207.0,0.0,September,Madhesh
2015,Saptari,17000.0,2412.0,Wheat,25.46635616,31.15926027,20.89621918,59.55463014,1228.16,5897.21,2630.78,1.697287671,6.6,8207.0,41004.0,November,Madhesh
2015,Saptari,0.0,0.0,Barley,25.46635616,31.15926027,20.89621918,59.55463014,1228.16,5897.21,2630.78,1.697287671,6.6,8207.0,0.0,November,Madhesh
2015,Sarlahi,42540.0,2762.0,Rice,24.73353425,30.57558904,20.09090411,58.16578082,1295.92,5958.86,2654.99,1.617369863,6.6,7378.0,117495.48,July,Madhesh
2015,Sarlahi,11140.0,4394.0,Maize,24.73353425,30.57558904,20.09090411,58.16578082,1295.92,5958.86,2654.99,1.617369863,6.6,7378.0,48949.16,April,Madhesh
2015,Sarlahi,950.0,1019.0,Millet,24.73353425,30.57558904,20.09090411,58.16578082,1295.92,5958.86,2654.99,1.617369863,6.6,7378.0,968.05,August,Madhesh
2015,Sarlahi,0.0,0.0,Buckwheat,24.73353425,30.57558904,20.09090411,58.16578082,1295.92,5958.86,2654.99,1.617369863,6.6,7378.0,0.0,September,Madhesh
2015,Sarlahi,25622.0,2365.0,Wheat,24.73353425,30.57558904,20.09090411,58.16578082,1295.92,5958.86,2654.99,1.617369863,6.6,7378.0,60596.03,November,Madhesh
2015,Sarlahi,71.0,999.0,Barley,24.73353425,30.57558904,20.09090411,58.16578082,1295.92,5958.86,2654.99,1.617369863,6.6,7378.0,70.929,November,Madhesh
2015,Sindhuli,13265.0,2706.0,Rice,22.87005479,28.34786301,18.65715068,59.64054795,1224.36,5778.54,2561.04,1.629561644,6.0,3079.0,35895.09,July,Bagmati
2015,Sindhuli,23620.0,2477.0,Maize,22.87005479,28.34786301,18.65715068,59.64054795,1224.36,5778.54,2561.04,1.629561644,6.0,3079.0,58506.74,April,Bagmati
2015,Sindhuli,11700.0,1015.0,Millet,22.87005479,28.34786301,18.65715068,59.64054795,1224.36,5778.54,2561.04,1.629561644,6.0,3079.0,11875.5,August,Bagmati
2015,Sindhuli,535.0,505.0,Buckwheat,22.87005479,28.34786301,18.65715068,59.64054795,1224.36,5778.54,2561.04,1.629561644,6.0,3079.0,270.175,September,Bagmati
2015,Sindhuli,5650.0,2500.0,Wheat,22.87005479,28.34786301,18.65715068,59.64054795,1224.36,5778.54,2561.04,1.629561644,6.0,3079.0,14125.0,November,Bagmati
2015,Sindhuli,56.0,1526.0,Barley,22.87005479,28.34786301,18.65715068,59.64054795,1224.36,5778.54,2561.04,1.629561644,6.0,3079.0,85.456,November,Bagmati
2015,Sindhupalchok,8750.0,2300.0,Rice,8.874493151,14.14715068,4.621150685,70.85983562,952.3,6148.39,2725.47,1.685780822,5.6,3387.0,20125.0,July,Bagmati
2015,Sindhupalchok,18590.0,2200.0,Maize,8.874493151,14.14715068,4.621150685,70.85983562,952.3,6148.39,2725.47,1.685780822,5.6,3387.0,40898.0,April,Bagmati
2015,Sindhupalchok,18445.0,1099.0,Millet,8.874493151,14.14715068,4.621150685,70.85983562,952.3,6148.39,2725.47,1.685780822,5.6,3387.0,20271.055,August,Bagmati
2015,Sindhupalchok,0.0,0.0,Buckwheat,8.874493151,14.14715068,4.621150685,70.85983562,952.3,6148.39,2725.47,1.685780822,5.6,3387.0,0.0,September,Bagmati
2015,Sindhupalchok,6815.0,1038.0,Wheat,8.874493151,14.14715068,4.621150685,70.85983562,952.3,6148.39,2725.47,1.685780822,5.6,3387.0,7073.97,November,Bagmati
2015,Sindhupalchok,207.0,933.0,Barley,8.874493151,14.14715068,4.621150685,70.85983562,952.3,6148.39,2725.47,1.685780822,5.6,3387.0,193.131,November,Bagmati
2015,Siraha,33500.0,2537.0,Rice,25.91558904,32.10723288,20.88953425,57.63663014,1137.04,5897.21,2630.78,1.772657534,6.8,8055.0,84989.5,July,Madhesh
2015,Siraha,1700.0,3176.0,Maize,25.91558904,32.10723288,20.88953425,57.63663014,1137.04,5897.21,2630.78,1.772657534,6.8,8055.0,5399.2,April,Madhesh
2015,Siraha,640.0,1000.0,Millet,25.91558904,32.10723288,20.88953425,57.63663014,1137.04,5897.21,2630.78,1.772657534,6.8,8055.0,640.0,August,Madhesh
2015,Siraha,0.0,0.0,Buckwheat,25.91558904,32.10723288,20.88953425,57.63663014,1137.04,5897.21,2630.78,1.772657534,6.8,8055.0,0.0,September,Madhesh
2015,Siraha,15210.0,2000.0,Wheat,25.91558904,32.10723288,20.88953425,57.63663014,1137.04,5897.21,2630.78,1.772657534,6.8,8055.0,30420.0,November,Madhesh
2015,Siraha,0.0,0.0,Barley,25.91558904,32.10723288,20.88953425,57.63663014,1137.04,5897.21,2630.78,1.772657534,6.8,8055.0,0.0,November,Madhesh
2015,Solukhumbu,1525.0,2344.0,Rice,9.319123288,14.50619178,5.296575342,71.93956164,1025.88,5778.54,2561.04,1.782931507,5.8,252.0,3574.6,July,Koshi
2015,Solukhumbu,12950.0,2278.0,Maize,9.319123288,14.50619178,5.296575342,71.93956164,1025.88,5778.54,2561.04,1.782931507,5.8,252.0,29500.1,April,Koshi
2015,Solukhumbu,2100.0,1250.0,Millet,9.319123288,14.50619178,5.296575342,71.93956164,1025.88,5778.54,2561.04,1.782931507,5.8,252.0,2625.0,August,Koshi
2015,Solukhumbu,170.0,882.0,Buckwheat,9.319123288,14.50619178,5.296575342,71.93956164,1025.88,5778.54,2561.04,1.782931507,5.8,252.0,149.94,September,Koshi
2015,Solukhumbu,1750.0,2098.0,Wheat,9.319123288,14.50619178,5.296575342,71.93956164,1025.88,5778.54,2561.04,1.782931507,5.8,252.0,3671.5,November,Koshi
2015,Solukhumbu,182.0,985.0,Barley,9.319123288,14.50619178,5.296575342,71.93956164,1025.88,5778.54,2561.04,1.782931507,5.8,252.0,179.27,November,Koshi
2015,Sunsari,44900.0,3455.0,Rice,25.07531507,30.74958904,20.55775342,60.45682192,1225.03,5761.24,2577.91,1.588191781,6.6,5500.0,155129.5,July,Koshi
2015,Sunsari,8350.0,3006.0,Maize,25.07531507,30.74958904,20.55775342,60.45682192,1225.03,5761.24,2577.91,1.588191781,6.6,5500.0,25100.1,April,Koshi
2015,Sunsari,680.0,1050.0,Millet,25.07531507,30.74958904,20.55775342,60.45682192,1225.03,5761.24,2577.91,1.588191781,6.6,5500.0,714.0,August,Koshi
2015,Sunsari,400.0,1000.0,Buckwheat,25.07531507,30.74958904,20.55775342,60.45682192,1225.03,5761.24,2577.91,1.588191781,6.6,5500.0,400.0,September,Koshi
2015,Sunsari,14500.0,3090.0,Wheat,25.07531507,30.74958904,20.55775342,60.45682192,1225.03,5761.24,2577.91,1.588191781,6.6,5500.0,44805.0,November,Koshi
2015,Sunsari,20.0,2050.0,Barley,25.07531507,30.74958904,20.55775342,60.45682192,1225.03,5761.24,2577.91,1.588191781,6.6,5500.0,41.0,November,Koshi
2015,Surkhet,13252.0,3230.0,Rice,20.02063014,25.44630137,15.56676712,60.16057534,1322.52,5961.71,2627.07,1.498630137,5.9,1632.0,42803.96,July,Karnali
2015,Surkhet,15251.0,2194.0,Maize,20.02063014,25.44630137,15.56676712,60.16057534,1322.52,5961.71,2627.07,1.498630137,5.9,1632.0,33460.694,April,Karnali
2015,Surkhet,2095.0,1353.0,Millet,20.02063014,25.44630137,15.56676712,60.16057534,1322.52,5961.71,2627.07,1.498630137,5.9,1632.0,2834.535,August,Karnali
2015,Surkhet,0.0,0.0,Buckwheat,20.02063014,25.44630137,15.56676712,60.16057534,1322.52,5961.71,2627.07,1.498630137,5.9,1632.0,0.0,September,Karnali
2015,Surkhet,14710.0,2558.0,Wheat,20.02063014,25.44630137,15.56676712,60.16057534,1322.52,5961.71,2627.07,1.498630137,5.9,1632.0,37628.18,November,Karnali
2015,Surkhet,1042.0,1358.0,Barley,20.02063014,25.44630137,15.56676712,60.16057534,1322.52,5961.71,2627.07,1.498630137,5.9,1632.0,1415.036,November,Karnali
2015,Syangja,16800.0,3562.0,Rice,19.1970411,24.08353425,15.2609589,63.82761644,1952.81,6007.27,2589.14,1.448849315,6.0,1214.0,59841.6,July,Gandaki
2015,Syangja,26500.0,3078.0,Maize,19.1970411,24.08353425,15.2609589,63.82761644,1952.81,6007.27,2589.14,1.448849315,6.0,1214.0,81567.0,April,Gandaki
2015,Syangja,16405.0,1139.0,Millet,19.1970411,24.08353425,15.2609589,63.82761644,1952.81,6007.27,2589.14,1.448849315,6.0,1214.0,18685.295,August,Gandaki
2015,Syangja,230.0,748.0,Buckwheat,19.1970411,24.08353425,15.2609589,63.82761644,1952.81,6007.27,2589.14,1.448849315,6.0,1214.0,172.04,September,Gandaki
2015,Syangja,5600.0,1781.0,Wheat,19.1970411,24.08353425,15.2609589,63.82761644,1952.81,6007.27,2589.14,1.448849315,6.0,1214.0,9973.6,November,Gandaki
2015,Syangja,6.0,1088.0,Barley,19.1970411,24.08353425,15.2609589,63.82761644,1952.81,6007.27,2589.14,1.448849315,6.0,1214.0,6.528,November,Gandaki
2015,Tanahu,12538.0,3540.0,Rice,19.1970411,24.08353425,15.2609589,63.82761644,1952.81,6251.33,2879.41,1.448849315,5.6,2105.0,44384.52,July,Gandaki
2015,Tanahu,22000.0,3000.0,Maize,19.1970411,24.08353425,15.2609589,63.82761644,1952.81,6251.33,2879.41,1.448849315,5.6,2105.0,66000.0,April,Gandaki
2015,Tanahu,6340.0,1086.0,Millet,19.1970411,24.08353425,15.2609589,63.82761644,1952.81,6251.33,2879.41,1.448849315,5.6,2105.0,6885.24,August,Gandaki
2015,Tanahu,193.0,969.0,Buckwheat,19.1970411,24.08353425,15.2609589,63.82761644,1952.81,6251.33,2879.41,1.448849315,5.6,2105.0,187.017,September,Gandaki
2015,Tanahu,1880.0,1980.0,Wheat,19.1970411,24.08353425,15.2609589,63.82761644,1952.81,6251.33,2879.41,1.448849315,5.6,2105.0,3722.4,November,Gandaki
2015,Tanahu,6.0,933.0,Barley,19.1970411,24.08353425,15.2609589,63.82761644,1952.81,6251.33,2879.41,1.448849315,5.6,2105.0,5.598,November,Gandaki
2015,Taplejung,4075.0,2130.0,Rice,5.312849315,10.23958904,1.63109589,79.34849315,1200.13,5487.67,2400.82,1.570438356,5.4,363.0,8679.75,July,Koshi
2015,Taplejung,9150.0,3000.0,Maize,5.312849315,10.23958904,1.63109589,79.34849315,1200.13,5487.67,2400.82,1.570438356,5.4,363.0,27450.0,April,Koshi
2015,Taplejung,3050.0,1350.0,Millet,5.312849315,10.23958904,1.63109589,79.34849315,1200.13,5487.67,2400.82,1.570438356,5.4,363.0,4117.5,August,Koshi
2015,Taplejung,118.0,1398.0,Buckwheat,5.312849315,10.23958904,1.63109589,79.34849315,1200.13,5487.67,2400.82,1.570438356,5.4,363.0,164.964,September,Koshi
2015,Taplejung,1560.0,1802.0,Wheat,5.312849315,10.23958904,1.63109589,79.34849315,1200.13,5487.67,2400.82,1.570438356,5.4,363.0,2811.12,November,Koshi
2015,Taplejung,312.0,1212.0,Barley,5.312849315,10.23958904,1.63109589,79.34849315,1200.13,5487.67,2400.82,1.570438356,5.4,363.0,378.144,November,Koshi
2015,Terhathum,7610.0,2273.0,Rice,20.37049315,25.36424658,16.52964384,65.71638356,1274.22,5487.67,2400.82,1.48909589,5.6,610.0,17297.53,July,Unknown
2015,Terhathum,12350.0,2200.0,Maize,20.37049315,25.36424658,16.52964384,65.71638356,1274.22,5487.67,2400.82,1.48909589,5.6,610.0,27170.0,April,Unknown
2015,Terhathum,2702.0,1200.0,Millet,20.37049315,25.36424658,16.52964384,65.71638356,1274.22,5487.67,2400.82,1.48909589,5.6,610.0,3242.4,August,Unknown
2015,Terhathum,35.0,1000.0,Buckwheat,20.37049315,25.36424658,16.52964384,65.71638356,1274.22,5487.67,2400.82,1.48909589,5.6,610.0,35.0,September,Unknown
2015,Terhathum,1500.0,2100.0,Wheat,20.37049315,25.36424658,16.52964384,65.71638356,1274.22,5487.67,2400.82,1.48909589,5.6,610.0,3150.0,November,Unknown
2015,Terhathum,70.0,920.0,Barley,20.37049315,25.36424658,16.52964384,65.71638356,1274.22,5487.67,2400.82,1.48909589,5.6,610.0,64.4,November,Unknown
2015,Udayapur,11500.0,3562.0,Rice,18.7019726,23.55920548,15.14715068,69.17123288,1622.35,5761.24,2577.91,1.265808219,5.4,1187.0,40963.0,July,Koshi
2015,Udayapur,10388.0,3381.0,Maize,18.7019726,23.55920548,15.14715068,69.17123288,1622.35,5761.24,2577.91,1.265808219,5.4,1187.0,35121.828,April,Koshi
2015,Udayapur,2760.0,1268.0,Millet,18.7019726,23.55920548,15.14715068,69.17123288,1622.35,5761.24,2577.91,1.265808219,5.4,1187.0,3499.68,August,Koshi
2015,Udayapur,19.0,895.0,Buckwheat,18.7019726,23.55920548,15.14715068,69.17123288,1622.35,5761.24,2577.91,1.265808219,5.4,1187.0,17.005,September,Koshi
2015,Udayapur,5100.0,2400.0,Wheat,18.7019726,23.55920548,15.14715068,69.17123288,1622.35,5761.24,2577.91,1.265808219,5.4,1187.0,12240.0,November,Koshi
2015,Udayapur,40.0,1000.0,Barley,18.7019726,23.55920548,15.14715068,69.17123288,1622.35,5761.24,2577.91,1.265808219,5.4,1187.0,40.0,November,Koshi
2016,Achham,16580.0,2100.0,Rice,13.1154918,18.76601093,8.673989071,63.89120789,1019.15,6433.21,2778.22,1.576557377,6.1,75.0,34818.0,July,Sudurpashchim
2016,Achham,6685.0,2200.0,Maize,13.1154918,18.76601093,8.673989071,63.89120789,1019.15,6433.21,2778.22,1.576557377,6.1,75.0,14707.0,April,Sudurpashchim
2016,Achham,3402.0,1100.0,Millet,13.1154918,18.76601093,8.673989071,63.89120789,1019.15,6433.21,2778.22,1.576557377,6.1,75.0,3742.2,August,Sudurpashchim
2016,Achham,0.0,0.0,Buckwheat,13.1154918,18.76601093,8.673989071,63.89120789,1019.15,6433.21,2778.22,1.576557377,6.1,75.0,0.0,September,Sudurpashchim
2016,Achham,14580.0,1600.0,Wheat,13.1154918,18.76601093,8.673989071,63.89120789,1019.15,6433.21,2778.22,1.576557377,6.1,75.0,23328.0,November,Sudurpashchim
2016,Achham,505.0,1097.0,Barley,13.1154918,18.76601093,8.673989071,63.89120789,1019.15,6433.21,2778.22,1.576557377,6.1,75.0,553.985,November,Sudurpashchim
2016,Arghakhanchi,8050.0,2704.0,Rice,20.35898907,25.7260929,16.29857923,56.84833333,1605.64,6254.37,2892.43,1.718743169,5.9,720.0,21767.2,July,Lumbini
2016,Arghakhanchi,16500.0,3110.0,Maize,20.35898907,25.7260929,16.29857923,56.84833333,1605.64,6254.37,2892.43,1.718743169,5.9,720.0,51315.0,April,Lumbini
2016,Arghakhanchi,500.0,1224.0,Millet,20.35898907,25.7260929,16.29857923,56.84833333,1605.64,6254.37,2892.43,1.718743169,5.9,720.0,612.0,August,Lumbini
2016,Arghakhanchi,274.0,869.0,Buckwheat,20.35898907,25.7260929,16.29857923,56.84833333,1605.64,6254.37,2892.43,1.718743169,5.9,720.0,238.106,September,Lumbini
2016,Arghakhanchi,7140.0,2094.0,Wheat,20.35898907,25.7260929,16.29857923,56.84833333,1605.64,6254.37,2892.43,1.718743169,5.9,720.0,14951.16,November,Lumbini
2016,Arghakhanchi,254.0,1560.0,Barley,20.35898907,25.7260929,16.29857923,56.84833333,1605.64,6254.37,2892.43,1.718743169,5.9,720.0,396.24,November,Lumbini
2016,Baglung,5570.0,3218.0,Rice,19.72923497,24.72081967,15.9207377,60.44852459,1943.01,6110.99,2628.71,1.513032787,5.7,570.0,17924.26,July,Gandaki
2016,Baglung,19915.0,3300.0,Maize,19.72923497,24.72081967,15.9207377,60.44852459,1943.01,6110.99,2628.71,1.513032787,5.7,570.0,65719.5,April,Gandaki
2016,Baglung,18580.0,1194.0,Millet,19.72923497,24.72081967,15.9207377,60.44852459,1943.01,6110.99,2628.71,1.513032787,5.7,570.0,22184.52,August,Gandaki
2016,Baglung,86.0,1419.0,Buckwheat,19.72923497,24.72081967,15.9207377,60.44852459,1943.01,6110.99,2628.71,1.513032787,5.7,570.0,122.034,September,Gandaki
2016,Baglung,6971.0,2447.0,Wheat,19.72923497,24.72081967,15.9207377,60.44852459,1943.01,6110.99,2628.71,1.513032787,5.7,570.0,17058.037,November,Gandaki
2016,Baglung,876.0,1299.0,Barley,19.72923497,24.72081967,15.9207377,60.44852459,1943.01,6110.99,2628.71,1.513032787,5.7,570.0,1137.924,November,Gandaki
2016,Baitadi,8000.0,2318.0,Rice,12.23612079,18.43054645,7.44579235,58.28650273,644.98,6622.79,2908.57,1.720273224,6.0,157.0,18544.0,July,Sudurpashchim
2016,Baitadi,14500.0,1650.0,Maize,12.23612079,18.43054645,7.44579235,58.28650273,644.98,6622.79,2908.57,1.720273224,6.0,157.0,23925.0,April,Sudurpashchim
2016,Baitadi,401.0,1209.0,Millet,12.23612079,18.43054645,7.44579235,58.28650273,644.98,6622.79,2908.57,1.720273224,6.0,157.0,484.809,August,Sudurpashchim
2016,Baitadi,0.0,0.0,Buckwheat,12.23612079,18.43054645,7.44579235,58.28650273,644.98,6622.79,2908.57,1.720273224,6.0,157.0,0.0,September,Sudurpashchim
2016,Baitadi,20900.0,925.0,Wheat,12.23612079,18.43054645,7.44579235,58.28650273,644.98,6622.79,2908.57,1.720273224,6.0,157.0,19332.5,November,Sudurpashchim
2016,Baitadi,1000.0,620.0,Barley,12.23612079,18.43054645,7.44579235,58.28650273,644.98,6622.79,2908.57,1.720273224,6.0,157.0,620.0,November,Sudurpashchim
2016,Bajhang,7100.0,3300.0,Rice,12.23612079,18.43054645,7.44579235,58.28650273,644.98,6433.21,2778.22,1.720273224,5.6,152.0,23430.0,July,Sudurpashchim
2016,Bajhang,4200.0,1300.0,Maize,12.23612079,18.43054645,7.44579235,58.28650273,644.98,6433.21,2778.22,1.720273224,5.6,152.0,5460.0,April,Sudurpashchim
2016,Bajhang,3000.0,700.0,Millet,12.23612079,18.43054645,7.44579235,58.28650273,644.98,6433.21,2778.22,1.720273224,5.6,152.0,2100.0,August,Sudurpashchim
2016,Bajhang,7.0,1143.0,Buckwheat,12.23612079,18.43054645,7.44579235,58.28650273,644.98,6433.21,2778.22,1.720273224,5.6,152.0,8.001,September,Sudurpashchim
2016,Bajhang,10982.0,1350.0,Wheat,12.23612079,18.43054645,7.44579235,58.28650273,644.98,6433.21,2778.22,1.720273224,5.6,152.0,14825.7,November,Sudurpashchim
2016,Bajhang,4500.0,644.0,Barley,12.23612079,18.43054645,7.44579235,58.28650273,644.98,6433.21,2778.22,1.720273224,5.6,152.0,2898.0,November,Sudurpashchim
2016,Bajura,3310.0,2116.0,Rice,10.07775956,16.66185792,5.038333333,60.07510929,618.34,6433.21,2778.22,1.696256831,6.0,142.0,7003.96,July,Sudurpashchim
2016,Bajura,790.0,1482.0,Maize,10.07775956,16.66185792,5.038333333,60.07510929,618.34,6433.21,2778.22,1.696256831,6.0,142.0,1170.78,April,Sudurpashchim
2016,Bajura,2600.0,1000.0,Millet,10.07775956,16.66185792,5.038333333,60.07510929,618.34,6433.21,2778.22,1.696256831,6.0,142.0,2600.0,August,Sudurpashchim
2016,Bajura,8.0,1500.0,Buckwheat,10.07775956,16.66185792,5.038333333,60.07510929,618.34,6433.21,2778.22,1.696256831,6.0,142.0,12.0,September,Sudurpashchim
2016,Bajura,4975.0,1100.0,Wheat,10.07775956,16.66185792,5.038333333,60.07510929,618.34,6433.21,2778.22,1.696256831,6.0,142.0,5472.5,November,Sudurpashchim
2016,Bajura,1075.0,900.0,Barley,10.07775956,16.66185792,5.038333333,60.07510929,618.34,6433.21,2778.22,1.696256831,6.0,142.0,967.5,November,Sudurpashchim
2016,Banke,36500.0,2341.0,Rice,20.60877049,26.25543716,16.1407377,56.63019126,1365.25,5968.3,2634.91,1.537349727,6.4,4592.0,85446.5,July,Lumbini
2016,Banke,8500.0,2035.0,Maize,20.60877049,26.25543716,16.1407377,56.63019126,1365.25,5968.3,2634.91,1.537349727,6.4,4592.0,17297.5,April,Lumbini
2016,Banke,0.0,0.0,Millet,20.60877049,26.25543716,16.1407377,56.63019126,1365.25,5968.3,2634.91,1.537349727,6.4,4592.0,0.0,August,Lumbini
2016,Banke,0.0,0.0,Buckwheat,20.60877049,26.25543716,16.1407377,56.63019126,1365.25,5968.3,2634.91,1.537349727,6.4,4592.0,0.0,September,Lumbini
2016,Banke,19050.0,3200.0,Wheat,20.60877049,26.25543716,16.1407377,56.63019126,1365.25,5968.3,2634.91,1.537349727,6.4,4592.0,60960.0,November,Lumbini
2016,Banke,10.0,933.0,Barley,20.60877049,26.25543716,16.1407377,56.63019126,1365.25,5968.3,2634.91,1.537349727,6.4,4592.0,9.33,November,Lumbini
2016,Bara,63400.0,3792.0,Rice,26.04939891,32.25106557,21.09685792,53.88729508,1079.57,6186.66,2856.62,1.699562842,6.7,5682.0,240412.8,July,Madhesh
2016,Bara,13550.0,3600.0,Maize,26.04939891,32.25106557,21.09685792,53.88729508,1079.57,6186.66,2856.62,1.699562842,6.7,5682.0,48780.0,April,Madhesh
2016,Bara,74.0,1054.0,Millet,26.04939891,32.25106557,21.09685792,53.88729508,1079.57,6186.66,2856.62,1.699562842,6.7,5682.0,77.996,August,Madhesh
2016,Bara,0.0,0.0,Buckwheat,26.04939891,32.25106557,21.09685792,53.88729508,1079.57,6186.66,2856.62,1.699562842,6.7,5682.0,0.0,September,Madhesh
2016,Bara,28150.0,3192.0,Wheat,26.04939891,32.25106557,21.09685792,53.88729508,1079.57,6186.66,2856.62,1.699562842,6.7,5682.0,89854.8,November,Madhesh
2016,Bara,45.0,1956.0,Barley,26.04939891,32.25106557,21.09685792,53.88729508,1079.57,6186.66,2856.62,1.699562842,6.7,5682.0,88.02,November,Madhesh
2016,Bardiya,50000.0,4056.0,Rice,25.5660929,31.5836612,20.63319672,51.08885246,1460.63,5968.3,2634.91,1.651584699,6.8,7281.0,202800.0,July,Unknown
2016,Bardiya,2500.0,2660.0,Maize,25.5660929,31.5836612,20.63319672,51.08885246,1460.63,5968.3,2634.91,1.651584699,6.8,7281.0,6650.0,April,Unknown
2016,Bardiya,0.0,0.0,Millet,25.5660929,31.5836612,20.63319672,51.08885246,1460.63,5968.3,2634.91,1.651584699,6.8,7281.0,0.0,August,Unknown
2016,Bardiya,0.0,0.0,Buckwheat,25.5660929,31.5836612,20.63319672,51.08885246,1460.63,5968.3,2634.91,1.651584699,6.8,7281.0,0.0,September,Unknown
2016,Bardiya,17800.0,3725.0,Wheat,25.5660929,31.5836612,20.63319672,51.08885246,1460.63,5968.3,2634.91,1.651584699,6.8,7281.0,66305.0,November,Unknown
2016,Bardiya,10.0,933.0,Barley,25.5660929,31.5836612,20.63319672,51.08885246,1460.63,5968.3,2634.91,1.651584699,6.8,7281.0,9.33,November,Unknown
2016,Bhaktapur,4352.0,4716.0,Rice,19.62510929,24.58661202,15.94677596,60.98221311,1155.23,6110.9,2718.1,1.466639344,5.8,1916.0,20524.032,July,Bagmati
2016,Bhaktapur,1970.0,3792.0,Maize,19.62510929,24.58661202,15.94677596,60.98221311,1155.23,6110.9,2718.1,1.466639344,5.8,1916.0,7470.24,April,Bagmati
2016,Bhaktapur,110.0,1200.0,Millet,19.62510929,24.58661202,15.94677596,60.98221311,1155.23,6110.9,2718.1,1.466639344,5.8,1916.0,132.0,August,Bagmati
2016,Bhaktapur,0.0,0.0,Buckwheat,19.62510929,24.58661202,15.94677596,60.98221311,1155.23,6110.9,2718.1,1.466639344,5.8,1916.0,0.0,September,Bagmati
2016,Bhaktapur,2500.0,4600.0,Wheat,19.62510929,24.58661202,15.94677596,60.98221311,1155.23,6110.9,2718.1,1.466639344,5.8,1916.0,11500.0,November,Bagmati
2016,Bhaktapur,20.0,1750.0,Barley,19.62510929,24.58661202,15.94677596,60.98221311,1155.23,6110.9,2718.1,1.466639344,5.8,1916.0,35.0,November,Bagmati
2016,Bhojpur,18092.0,2146.0,Rice,5.850300546,10.70765027,2.172078858,77.11748634,1490.28,5539.9,2437.93,1.557923497,5.4,599.0,38825.432,July,Koshi
2016,Bhojpur,36360.0,2304.0,Maize,5.850300546,10.70765027,2.172078858,77.11748634,1490.28,5539.9,2437.93,1.557923497,5.4,599.0,83773.44,April,Koshi
2016,Bhojpur,5533.0,1227.0,Millet,5.850300546,10.70765027,2.172078858,77.11748634,1490.28,5539.9,2437.93,1.557923497,5.4,599.0,6788.991,August,Koshi
2016,Bhojpur,35.0,771.0,Buckwheat,5.850300546,10.70765027,2.172078858,77.11748634,1490.28,5539.9,2437.93,1.557923497,5.4,599.0,26.985,September,Koshi
2016,Bhojpur,405.0,2442.0,Wheat,5.850300546,10.70765027,2.172078858,77.11748634,1490.28,5539.9,2437.93,1.557923497,5.4,599.0,989.01,November,Koshi
2016,Bhojpur,13.0,1154.0,Barley,5.850300546,10.70765027,2.172078858,77.11748634,1490.28,5539.9,2437.93,1.557923497,5.4,599.0,15.002,November,Koshi
2016,Chitwan,29300.0,3720.0,Rice,24.99737705,30.73155738,20.33625683,56.13467213,1588.54,6186.66,2856.62,1.393060109,6.1,7641.0,108996.0,July,Bagmati
2016,Chitwan,5500.0,3500.0,Maize,24.99737705,30.73155738,20.33625683,56.13467213,1588.54,6186.66,2856.62,1.393060109,6.1,7641.0,19250.0,April,Bagmati
2016,Chitwan,1490.0,1000.0,Millet,24.99737705,30.73155738,20.33625683,56.13467213,1588.54,6186.66,2856.62,1.393060109,6.1,7641.0,1490.0,August,Bagmati
2016,Chitwan,20.0,1105.0,Buckwheat,24.99737705,30.73155738,20.33625683,56.13467213,1588.54,6186.66,2856.62,1.393060109,6.1,7641.0,22.1,September,Bagmati
2016,Chitwan,5520.0,4007.0,Wheat,24.99737705,30.73155738,20.33625683,56.13467213,1588.54,6186.66,2856.62,1.393060109,6.1,7641.0,22118.64,November,Bagmati
2016,Chitwan,20.0,1700.0,Barley,24.99737705,30.73155738,20.33625683,56.13467213,1588.54,6186.66,2856.62,1.393060109,6.1,7641.0,34.0,November,Bagmati
2016,Dadeldhura,6226.0,3778.0,Rice,16.87415301,22.91948087,12.22860656,54.28904372,766.1,6622.79,2908.57,1.508060109,5.9,23.0,23521.828,July,Sudurpashchim
2016,Dadeldhura,3755.0,3500.0,Maize,16.87415301,22.91948087,12.22860656,54.28904372,766.1,6622.79,2908.57,1.508060109,5.9,23.0,13142.5,April,Sudurpashchim
2016,Dadeldhura,295.0,1302.0,Millet,16.87415301,22.91948087,12.22860656,54.28904372,766.1,6622.79,2908.57,1.508060109,5.9,23.0,384.09,August,Sudurpashchim
2016,Dadeldhura,0.0,0.0,Buckwheat,16.87415301,22.91948087,12.22860656,54.28904372,766.1,6622.79,2908.57,1.508060109,5.9,23.0,0.0,September,Sudurpashchim
2016,Dadeldhura,8724.0,2058.0,Wheat,16.87415301,22.91948087,12.22860656,54.28904372,766.1,6622.79,2908.57,1.508060109,5.9,23.0,17953.992,November,Sudurpashchim
2016,Dadeldhura,192.0,1227.0,Barley,16.87415301,22.91948087,12.22860656,54.28904372,766.1,6622.79,2908.57,1.508060109,5.9,23.0,235.584,November,Sudurpashchim
2016,Dailekh,8407.0,3125.0,Rice,13.1154918,18.76601093,8.673989071,63.89120789,1019.15,5968.3,2634.91,1.576557377,5.9,438.0,26271.875,July,Karnali
2016,Dailekh,20150.0,2197.0,Maize,13.1154918,18.76601093,8.673989071,63.89120789,1019.15,5968.3,2634.91,1.576557377,5.9,438.0,44269.55,April,Karnali
2016,Dailekh,2423.0,1102.0,Millet,13.1154918,18.76601093,8.673989071,63.89120789,1019.15,5968.3,2634.91,1.576557377,5.9,438.0,2670.146,August,Karnali
2016,Dailekh,27.0,963.0,Buckwheat,13.1154918,18.76601093,8.673989071,63.89120789,1019.15,5968.3,2634.91,1.576557377,5.9,438.0,26.001,September,Karnali
2016,Dailekh,19694.0,1501.0,Wheat,13.1154918,18.76601093,8.673989071,63.89120789,1019.15,5968.3,2634.91,1.576557377,5.9,438.0,29560.694,November,Karnali
2016,Dailekh,202.0,1166.0,Barley,13.1154918,18.76601093,8.673989071,63.89120789,1019.15,5968.3,2634.91,1.576557377,5.9,438.0,235.532,November,Karnali
2016,Dang,38100.0,4000.0,Rice,22.64726776,28.44579235,18.11508197,53.37937158,1359.52,6166.95,2664.15,1.840054645,5.8,12705.0,152400.0,July,Lumbini
2016,Dang,23375.0,1954.0,Maize,22.64726776,28.44579235,18.11508197,53.37937158,1359.52,6166.95,2664.15,1.840054645,5.8,12705.0,45674.75,April,Lumbini
2016,Dang,15.0,1000.0,Millet,22.64726776,28.44579235,18.11508197,53.37937158,1359.52,6166.95,2664.15,1.840054645,5.8,12705.0,15.0,August,Lumbini
2016,Dang,20.0,1000.0,Buckwheat,22.64726776,28.44579235,18.11508197,53.37937158,1359.52,6166.95,2664.15,1.840054645,5.8,12705.0,20.0,September,Lumbini
2016,Dang,12600.0,2048.0,Wheat,22.64726776,28.44579235,18.11508197,53.37937158,1359.52,6166.95,2664.15,1.840054645,5.8,12705.0,25804.8,November,Lumbini
2016,Dang,25.0,1119.0,Barley,22.64726776,28.44579235,18.11508197,53.37937158,1359.52,6166.95,2664.15,1.840054645,5.8,12705.0,27.975,November,Lumbini
2016,Darchula,4480.0,2633.0,Rice,7.187240437,13.21046448,2.48726776,60.86248634,504.3,6622.79,2908.57,1.830300546,6.0,20.0,11795.84,July,Sudurpashchim
2016,Darchula,5523.0,1994.0,Maize,7.187240437,13.21046448,2.48726776,60.86248634,504.3,6622.79,2908.57,1.830300546,6.0,20.0,11012.862,April,Sudurpashchim
2016,Darchula,1200.0,863.0,Millet,7.187240437,13.21046448,2.48726776,60.86248634,504.3,6622.79,2908.57,1.830300546,6.0,20.0,1035.6,August,Sudurpashchim
2016,Darchula,100.0,1000.0,Buckwheat,7.187240437,13.21046448,2.48726776,60.86248634,504.3,6622.79,2908.57,1.830300546,6.0,20.0,100.0,September,Sudurpashchim
2016,Darchula,5065.0,1672.0,Wheat,7.187240437,13.21046448,2.48726776,60.86248634,504.3,6622.79,2908.57,1.830300546,6.0,20.0,8468.68,November,Sudurpashchim
2016,Darchula,1200.0,738.0,Barley,7.187240437,13.21046448,2.48726776,60.86248634,504.3,6622.79,2908.57,1.830300546,6.0,20.0,885.6,November,Sudurpashchim
2016,Dhading,14367.0,4234.0,Rice,15.39407104,20.42002732,11.51185792,64.1420765,1329.37,6186.66,2856.62,1.506803279,5.5,8933.0,60829.878,July,Bagmati
2016,Dhading,19305.0,2587.0,Maize,15.39407104,20.42002732,11.51185792,64.1420765,1329.37,6186.66,2856.62,1.506803279,5.5,8933.0,49942.035,April,Bagmati
2016,Dhading,6930.0,904.0,Millet,15.39407104,20.42002732,11.51185792,64.1420765,1329.37,6186.66,2856.62,1.506803279,5.5,8933.0,6264.72,August,Bagmati
2016,Dhading,0.0,0.0,Buckwheat,15.39407104,20.42002732,11.51185792,64.1420765,1329.37,6186.66,2856.62,1.506803279,5.5,8933.0,0.0,September,Bagmati
2016,Dhading,4798.0,2672.0,Wheat,15.39407104,20.42002732,11.51185792,64.1420765,1329.37,6186.66,2856.62,1.506803279,5.5,8933.0,12820.256,November,Bagmati
2016,Dhading,289.0,1211.0,Barley,15.39407104,20.42002732,11.51185792,64.1420765,1329.37,6186.66,2856.62,1.506803279,5.5,8933.0,349.979,November,Bagmati
2016,Dhankuta,7950.0,3245.0,Rice,20.73412568,25.59639344,16.99696721,64.75852459,1411.39,5746.01,2579.34,1.529180328,5.8,1409.0,25797.75,July,Koshi
2016,Dhankuta,12785.0,2971.0,Maize,20.73412568,25.59639344,16.99696721,64.75852459,1411.39,5746.01,2579.34,1.529180328,5.8,1409.0,37984.235,April,Koshi
2016,Dhankuta,7800.0,1136.0,Millet,20.73412568,25.59639344,16.99696721,64.75852459,1411.39,5746.01,2579.34,1.529180328,5.8,1409.0,8860.8,August,Koshi
2016,Dhankuta,5.0,800.0,Buckwheat,20.73412568,25.59639344,16.99696721,64.75852459,1411.39,5746.01,2579.34,1.529180328,5.8,1409.0,4.0,September,Koshi
2016,Dhankuta,1385.0,2201.0,Wheat,20.73412568,25.59639344,16.99696721,64.75852459,1411.39,5746.01,2579.34,1.529180328,5.8,1409.0,3048.385,November,Koshi
2016,Dhankuta,0.0,0.0,Barley,20.73412568,25.59639344,16.99696721,64.75852459,1411.39,5746.01,2579.34,1.529180328,5.8,1409.0,0.0,November,Koshi
2016,Dhanusha,65540.0,3439.0,Rice,23.21478142,28.54120789,19.14199454,59.03377049,1284.39,5969.97,2673.72,1.655081967,6.6,8242.0,225392.06,July,Madhesh
2016,Dhanusha,2019.0,2704.0,Maize,23.21478142,28.54120789,19.14199454,59.03377049,1284.39,5969.97,2673.72,1.655081967,6.6,8242.0,5459.376,April,Madhesh
2016,Dhanusha,200.0,925.0,Millet,23.21478142,28.54120789,19.14199454,59.03377049,1284.39,5969.97,2673.72,1.655081967,6.6,8242.0,185.0,August,Madhesh
2016,Dhanusha,0.0,0.0,Buckwheat,23.21478142,28.54120789,19.14199454,59.03377049,1284.39,5969.97,2673.72,1.655081967,6.6,8242.0,0.0,September,Madhesh
2016,Dhanusha,39000.0,2795.0,Wheat,23.21478142,28.54120789,19.14199454,59.03377049,1284.39,5969.97,2673.72,1.655081967,6.6,8242.0,109005.0,November,Madhesh
2016,Dhanusha,1.0,933.0,Barley,23.21478142,28.54120789,19.14199454,59.03377049,1284.39,5969.97,2673.72,1.655081967,6.6,8242.0,0.933,November,Madhesh
2016,Dolakha,3085.0,2500.0,Rice,2.533852459,8.003169399,-1.696256831,70.3515847,778.54,5845.15,2597.43,2.034590164,6.5,908.0,7712.5,July,Bagmati
2016,Dolakha,5800.0,2579.0,Maize,2.533852459,8.003169399,-1.696256831,70.3515847,778.54,5845.15,2597.43,2.034590164,6.5,908.0,14958.2,April,Bagmati
2016,Dolakha,3600.0,1300.0,Millet,2.533852459,8.003169399,-1.696256831,70.3515847,778.54,5845.15,2597.43,2.034590164,6.5,908.0,4680.0,August,Bagmati
2016,Dolakha,995.0,1150.0,Buckwheat,2.533852459,8.003169399,-1.696256831,70.3515847,778.54,5845.15,2597.43,2.034590164,6.5,908.0,1144.25,September,Bagmati
2016,Dolakha,4130.0,1738.0,Wheat,2.533852459,8.003169399,-1.696256831,70.3515847,778.54,5845.15,2597.43,2.034590164,6.5,908.0,7177.94,November,Bagmati
2016,Dolakha,165.0,1061.0,Barley,2.533852459,8.003169399,-1.696256831,70.3515847,778.54,5845.15,2597.43,2.034590164,6.5,908.0,175.065,November,Bagmati
2016,Dolpa,202.0,1609.0,Rice,-0.103497268,5.804699454,-4.894781421,66.88581967,1169.14,6166.95,2664.15,1.883196721,6.6,20.0,325.018,July,Karnali
2016,Dolpa,2205.0,1270.0,Maize,-0.103497268,5.804699454,-4.894781421,66.88581967,1169.14,6166.95,2664.15,1.883196721,6.6,20.0,2800.35,April,Karnali
2016,Dolpa,291.0,1031.0,Millet,-0.103497268,5.804699454,-4.894781421,66.88581967,1169.14,6166.95,2664.15,1.883196721,6.6,20.0,300.021,August,Karnali
2016,Dolpa,672.0,1042.0,Buckwheat,-0.103497268,5.804699454,-4.894781421,66.88581967,1169.14,6166.95,2664.15,1.883196721,6.6,20.0,700.224,September,Karnali
2016,Dolpa,2630.0,1730.0,Wheat,-0.103497268,5.804699454,-4.894781421,66.88581967,1169.14,6166.95,2664.15,1.883196721,6.6,20.0,4549.9,November,Karnali
2016,Dolpa,390.0,859.0,Barley,-0.103497268,5.804699454,-4.894781421,66.88581967,1169.14,6166.95,2664.15,1.883196721,6.6,20.0,335.01,November,Karnali
2016,Doti,10668.0,2220.0,Rice,16.87415301,22.91948087,12.22860656,54.28904372,766.1,6622.79,2908.57,1.508060109,5.9,235.0,23682.96,July,Sudurpashchim
2016,Doti,3505.0,2200.0,Maize,16.87415301,22.91948087,12.22860656,54.28904372,766.1,6622.79,2908.57,1.508060109,5.9,235.0,7711.0,April,Sudurpashchim
2016,Doti,4370.0,1100.0,Millet,16.87415301,22.91948087,12.22860656,54.28904372,766.1,6622.79,2908.57,1.508060109,5.9,235.0,4807.0,August,Sudurpashchim
2016,Doti,12.0,833.0,Buckwheat,16.87415301,22.91948087,12.22860656,54.28904372,766.1,6622.79,2908.57,1.508060109,5.9,235.0,9.996,September,Sudurpashchim
2016,Doti,12280.0,2010.0,Wheat,16.87415301,22.91948087,12.22860656,54.28904372,766.1,6622.79,2908.57,1.508060109,5.9,235.0,24682.8,November,Sudurpashchim
2016,Doti,210.0,900.0,Barley,16.87415301,22.91948087,12.22860656,54.28904372,766.1,6622.79,2908.57,1.508060109,5.9,235.0,189.0,November,Sudurpashchim
2016,Gorkha,12195.0,3165.0,Rice,15.39407104,20.42002732,11.51185792,64.1420765,1329.37,6186.66,2856.62,1.506803279,5.5,1642.0,38597.175,July,Gandaki
2016,Gorkha,17040.0,2399.0,Maize,15.39407104,20.42002732,11.51185792,64.1420765,1329.37,6186.66,2856.62,1.506803279,5.5,1642.0,40878.96,April,Gandaki
2016,Gorkha,11606.0,1236.0,Millet,15.39407104,20.42002732,11.51185792,64.1420765,1329.37,6186.66,2856.62,1.506803279,5.5,1642.0,14345.016,August,Gandaki
2016,Gorkha,394.0,1013.0,Buckwheat,15.39407104,20.42002732,11.51185792,64.1420765,1329.37,6186.66,2856.62,1.506803279,5.5,1642.0,399.122,September,Gandaki
2016,Gorkha,3865.0,2053.0,Wheat,15.39407104,20.42002732,11.51185792,64.1420765,1329.37,6186.66,2856.62,1.506803279,5.5,1642.0,7934.845,November,Gandaki
2016,Gorkha,110.0,1227.0,Barley,15.39407104,20.42002732,11.51185792,64.1420765,1329.37,6186.66,2856.62,1.506803279,5.5,1642.0,134.97,November,Gandaki
2016,Gulmi,9992.0,2538.0,Rice,20.35898907,25.7260929,16.29857923,56.84833333,1605.64,6254.37,2892.43,1.718743169,6.1,609.0,25359.696,July,Lumbini
2016,Gulmi,23940.0,2185.0,Maize,20.35898907,25.7260929,16.29857923,56.84833333,1605.64,6254.37,2892.43,1.718743169,6.1,609.0,52308.9,April,Lumbini
2016,Gulmi,2900.0,998.0,Millet,20.35898907,25.7260929,16.29857923,56.84833333,1605.64,6254.37,2892.43,1.718743169,6.1,609.0,2894.2,August,Lumbini
2016,Gulmi,230.0,1152.0,Buckwheat,20.35898907,25.7260929,16.29857923,56.84833333,1605.64,6254.37,2892.43,1.718743169,6.1,609.0,264.96,September,Lumbini
2016,Gulmi,7714.0,2394.0,Wheat,20.35898907,25.7260929,16.29857923,56.84833333,1605.64,6254.37,2892.43,1.718743169,6.1,609.0,18467.316,November,Lumbini
2016,Gulmi,274.0,1562.0,Barley,20.35898907,25.7260929,16.29857923,56.84833333,1605.64,6254.37,2892.43,1.718743169,6.1,609.0,427.988,November,Lumbini
2016,Humla,587.0,1533.0,Rice,0.828415301,7.109918033,-4.121502732,67.77032787,427.81,7480.01,3130.83,2.070136612,6.5,0.0,899.871,July,Karnali
2016,Humla,129.0,1667.0,Maize,0.828415301,7.109918033,-4.121502732,67.77032787,427.81,7480.01,3130.83,2.070136612,6.5,0.0,215.043,April,Karnali
2016,Humla,1282.0,1128.0,Millet,0.828415301,7.109918033,-4.121502732,67.77032787,427.81,7480.01,3130.83,2.070136612,6.5,0.0,1446.096,August,Karnali
2016,Humla,670.0,1194.0,Buckwheat,0.828415301,7.109918033,-4.121502732,67.77032787,427.81,7480.01,3130.83,2.070136612,6.5,0.0,799.98,September,Karnali
2016,Humla,1018.0,1056.0,Wheat,0.828415301,7.109918033,-4.121502732,67.77032787,427.81,7480.01,3130.83,2.070136612,6.5,0.0,1075.008,November,Karnali
2016,Humla,685.0,1165.0,Barley,0.828415301,7.109918033,-4.121502732,67.77032787,427.81,7480.01,3130.83,2.070136612,6.5,0.0,798.025,November,Karnali
2016,Illam,14815.0,2369.0,Rice,19.09038251,23.90822404,15.54087432,67.88685792,1822.85,5539.9,2437.93,1.292704918,5.5,0.0,35096.735,July,Unknown
2016,Illam,31395.0,3220.0,Maize,19.09038251,23.90822404,15.54087432,67.88685792,1822.85,5539.9,2437.93,1.292704918,5.5,0.0,101091.9,April,Unknown
2016,Illam,1717.0,1128.0,Millet,19.09038251,23.90822404,15.54087432,67.88685792,1822.85,5539.9,2437.93,1.292704918,5.5,0.0,1936.776,August,Unknown
2016,Illam,25.0,1000.0,Buckwheat,19.09038251,23.90822404,15.54087432,67.88685792,1822.85,5539.9,2437.93,1.292704918,5.5,0.0,25.0,September,Unknown
2016,Illam,4220.0,3617.0,Wheat,19.09038251,23.90822404,15.54087432,67.88685792,1822.85,5539.9,2437.93,1.292704918,5.5,0.0,15263.74,November,Unknown
2016,Illam,48.0,1146.0,Barley,19.09038251,23.90822404,15.54087432,67.88685792,1822.85,5539.9,2437.93,1.292704918,5.5,0.0,55.008,November,Unknown
2016,Jajarkot,2563.0,3500.0,Rice,22.64726776,28.44579235,18.11508197,53.37937158,1359.52,6166.95,2664.15,1.840054645,6.2,177.0,8970.5,July,Karnali
2016,Jajarkot,14095.0,2251.0,Maize,22.64726776,28.44579235,18.11508197,53.37937158,1359.52,6166.95,2664.15,1.840054645,6.2,177.0,31727.845,April,Karnali
2016,Jajarkot,1850.0,1000.0,Millet,22.64726776,28.44579235,18.11508197,53.37937158,1359.52,6166.95,2664.15,1.840054645,6.2,177.0,1850.0,August,Karnali
2016,Jajarkot,28.0,1036.0,Buckwheat,22.64726776,28.44579235,18.11508197,53.37937158,1359.52,6166.95,2664.15,1.840054645,6.2,177.0,29.008,September,Karnali
2016,Jajarkot,13040.0,1396.0,Wheat,22.64726776,28.44579235,18.11508197,53.37937158,1359.52,6166.95,2664.15,1.840054645,6.2,177.0,18203.84,November,Karnali
2016,Jajarkot,700.0,1000.0,Barley,22.64726776,28.44579235,18.11508197,53.37937158,1359.52,6166.95,2664.15,1.840054645,6.2,177.0,700.0,November,Karnali
2016,Jhapa,87500.0,3863.0,Rice,25.19016393,30.41860656,21.11685792,63.57379781,1936.86,5746.01,2579.34,1.63204918,5.7,10968.0,338012.5,July,Koshi
2016,Jhapa,37600.0,3500.0,Maize,25.19016393,30.41860656,21.11685792,63.57379781,1936.86,5746.01,2579.34,1.63204918,5.7,10968.0,131600.0,April,Koshi
2016,Jhapa,1212.0,1251.0,Millet,25.19016393,30.41860656,21.11685792,63.57379781,1936.86,5746.01,2579.34,1.63204918,5.7,10968.0,1516.212,August,Koshi
2016,Jhapa,1100.0,1155.0,Buckwheat,25.19016393,30.41860656,21.11685792,63.57379781,1936.86,5746.01,2579.34,1.63204918,5.7,10968.0,1270.5,September,Koshi
2016,Jhapa,8200.0,3400.0,Wheat,25.19016393,30.41860656,21.11685792,63.57379781,1936.86,5746.01,2579.34,1.63204918,5.7,10968.0,27880.0,November,Koshi
2016,Jhapa,5.0,1600.0,Barley,25.19016393,30.41860656,21.11685792,63.57379781,1936.86,5746.01,2579.34,1.63204918,5.7,10968.0,8.0,November,Koshi
2016,Jumla,2900.0,2100.0,Rice,10.07775956,16.66185792,5.038333333,60.07510929,618.34,6764.35,2851.8,1.696256831,6.5,5.0,6090.0,July,Karnali
2016,Jumla,4500.0,1402.0,Maize,10.07775956,16.66185792,5.038333333,60.07510929,618.34,6764.35,2851.8,1.696256831,6.5,5.0,6309.0,April,Karnali
2016,Jumla,3750.0,1000.0,Millet,10.07775956,16.66185792,5.038333333,60.07510929,618.34,6764.35,2851.8,1.696256831,6.5,5.0,3750.0,August,Karnali
2016,Jumla,85.0,1024.0,Buckwheat,10.07775956,16.66185792,5.038333333,60.07510929,618.34,6764.35,2851.8,1.696256831,6.5,5.0,87.04,September,Karnali
2016,Jumla,2382.0,1847.0,Wheat,10.07775956,16.66185792,5.038333333,60.07510929,618.34,6764.35,2851.8,1.696256831,6.5,5.0,4399.554,November,Karnali
2016,Jumla,3750.0,1500.0,Barley,10.07775956,16.66185792,5.038333333,60.07510929,618.34,6764.35,2851.8,1.696256831,6.5,5.0,5625.0,November,Karnali
2016,Kailali,71700.0,3950.0,Rice,26.07363388,32.58852459,20.70814208,48.78155738,1172.18,6035.09,2690.99,1.60204918,6.6,13152.0,283215.0,July,Sudurpashchim
2016,Kailali,6125.0,2550.0,Maize,26.07363388,32.58852459,20.70814208,48.78155738,1172.18,6035.09,2690.99,1.60204918,6.6,13152.0,15618.75,April,Sudurpashchim
2016,Kailali,350.0,1000.0,Millet,26.07363388,32.58852459,20.70814208,48.78155738,1172.18,6035.09,2690.99,1.60204918,6.6,13152.0,350.0,August,Sudurpashchim
2016,Kailali,25.0,1120.0,Buckwheat,26.07363388,32.58852459,20.70814208,48.78155738,1172.18,6035.09,2690.99,1.60204918,6.6,13152.0,28.0,September,Sudurpashchim
2016,Kailali,34530.0,2950.0,Wheat,26.07363388,32.58852459,20.70814208,48.78155738,1172.18,6035.09,2690.99,1.60204918,6.6,13152.0,101863.5,November,Sudurpashchim
2016,Kailali,200.0,1750.0,Barley,26.07363388,32.58852459,20.70814208,48.78155738,1172.18,6035.09,2690.99,1.60204918,6.6,13152.0,350.0,November,Sudurpashchim
2016,Kalikot,2513.0,2212.0,Rice,13.1154918,18.76601093,8.673989071,63.89120789,1019.15,6433.21,2778.22,1.576557377,6.2,50.0,5558.756,July,Karnali
2016,Kalikot,2932.0,1956.0,Maize,13.1154918,18.76601093,8.673989071,63.89120789,1019.15,6433.21,2778.22,1.576557377,6.2,50.0,5734.992,April,Karnali
2016,Kalikot,1235.0,1008.0,Millet,13.1154918,18.76601093,8.673989071,63.89120789,1019.15,6433.21,2778.22,1.576557377,6.2,50.0,1244.88,August,Karnali
2016,Kalikot,112.0,1116.0,Buckwheat,13.1154918,18.76601093,8.673989071,63.89120789,1019.15,6433.21,2778.22,1.576557377,6.2,50.0,124.992,September,Karnali
2016,Kalikot,5475.0,1070.0,Wheat,13.1154918,18.76601093,8.673989071,63.89120789,1019.15,6433.21,2778.22,1.576557377,6.2,50.0,5858.25,November,Karnali
2016,Kalikot,905.0,1326.0,Barley,13.1154918,18.76601093,8.673989071,63.89120789,1019.15,6433.21,2778.22,1.576557377,6.2,50.0,1200.03,November,Karnali
2016,Kanchanpur,48496.0,3450.0,Rice,22.36833333,28.90366121,17.29806011,52.05819672,1031.87,6148.38,2734.27,1.059016393,6.2,6790.0,167311.2,July,Sudurpashchim
2016,Kanchanpur,2950.0,2102.0,Maize,22.36833333,28.90366121,17.29806011,52.05819672,1031.87,6148.38,2734.27,1.059016393,6.2,6790.0,6200.9,April,Sudurpashchim
2016,Kanchanpur,0.0,0.0,Millet,22.36833333,28.90366121,17.29806011,52.05819672,1031.87,6148.38,2734.27,1.059016393,6.2,6790.0,0.0,August,Sudurpashchim
2016,Kanchanpur,0.0,0.0,Buckwheat,22.36833333,28.90366121,17.29806011,52.05819672,1031.87,6148.38,2734.27,1.059016393,6.2,6790.0,0.0,September,Sudurpashchim
2016,Kanchanpur,31253.0,2499.0,Wheat,22.36833333,28.90366121,17.29806011,52.05819672,1031.87,6148.38,2734.27,1.059016393,6.2,6790.0,78101.247,November,Sudurpashchim
2016,Kanchanpur,10.0,1187.0,Barley,22.36833333,28.90366121,17.29806011,52.05819672,1031.87,6148.38,2734.27,1.059016393,6.2,6790.0,11.87,November,Sudurpashchim
2016,Kapilbastu,72000.0,2925.0,Rice,25.94480874,32.18989071,20.87333333,51.92139344,1451.99,6254.37,2892.43,1.788989071,6.9,8453.0,210600.0,July,Lumbini
2016,Kapilbastu,2400.0,3250.0,Maize,25.94480874,32.18989071,20.87333333,51.92139344,1451.99,6254.37,2892.43,1.788989071,6.9,8453.0,7800.0,April,Lumbini
2016,Kapilbastu,0.0,0.0,Millet,25.94480874,32.18989071,20.87333333,51.92139344,1451.99,6254.37,2892.43,1.788989071,6.9,8453.0,0.0,August,Lumbini
2016,Kapilbastu,0.0,0.0,Buckwheat,25.94480874,32.18989071,20.87333333,51.92139344,1451.99,6254.37,2892.43,1.788989071,6.9,8453.0,0.0,September,Lumbini
2016,Kapilbastu,25627.0,3647.0,Wheat,25.94480874,32.18989071,20.87333333,51.92139344,1451.99,6254.37,2892.43,1.788989071,6.9,8453.0,93461.669,November,Lumbini
2016,Kapilbastu,202.0,1632.0,Barley,25.94480874,32.18989071,20.87333333,51.92139344,1451.99,6254.37,2892.43,1.788989071,6.9,8453.0,329.664,November,Lumbini
2016,Kaski,24600.0,3403.0,Rice,5.67568306,10.61079235,1.797076503,72.13005464,1684.42,5947.91,2612.85,1.59579235,6.7,1601.0,83713.8,July,Gandaki
2016,Kaski,13773.0,2300.0,Maize,5.67568306,10.61079235,1.797076503,72.13005464,1684.42,5947.91,2612.85,1.59579235,6.7,1601.0,31677.9,April,Gandaki
2016,Kaski,14767.0,1200.0,Millet,5.67568306,10.61079235,1.797076503,72.13005464,1684.42,5947.91,2612.85,1.59579235,6.7,1601.0,17720.4,August,Gandaki
2016,Kaski,14.0,1143.0,Buckwheat,5.67568306,10.61079235,1.797076503,72.13005464,1684.42,5947.91,2612.85,1.59579235,6.7,1601.0,16.002,September,Gandaki
2016,Kaski,6620.0,2098.0,Wheat,5.67568306,10.61079235,1.797076503,72.13005464,1684.42,5947.91,2612.85,1.59579235,6.7,1601.0,13888.76,November,Gandaki
2016,Kaski,120.0,1375.0,Barley,5.67568306,10.61079235,1.797076503,72.13005464,1684.42,5947.91,2612.85,1.59579235,6.7,1601.0,165.0,November,Gandaki
2016,Kathmandu,7130.0,4064.0,Rice,19.62510929,24.58661202,15.94677596,60.98221311,1155.23,6110.9,2718.1,1.466639344,6.5,5681.0,28976.32,July,Bagmati
2016,Kathmandu,9880.0,3535.0,Maize,19.62510929,24.58661202,15.94677596,60.98221311,1155.23,6110.9,2718.1,1.466639344,6.5,5681.0,34925.8,April,Bagmati
2016,Kathmandu,655.0,1000.0,Millet,19.62510929,24.58661202,15.94677596,60.98221311,1155.23,6110.9,2718.1,1.466639344,6.5,5681.0,655.0,August,Bagmati
2016,Kathmandu,5.0,1000.0,Buckwheat,19.62510929,24.58661202,15.94677596,60.98221311,1155.23,6110.9,2718.1,1.466639344,6.5,5681.0,5.0,September,Bagmati
2016,Kathmandu,3400.0,3965.0,Wheat,19.62510929,24.58661202,15.94677596,60.98221311,1155.23,6110.9,2718.1,1.466639344,6.5,5681.0,13481.0,November,Bagmati
2016,Kathmandu,3.0,1258.0,Barley,19.62510929,24.58661202,15.94677596,60.98221311,1155.23,6110.9,2718.1,1.466639344,6.5,5681.0,3.774,November,Bagmati
2016,Kavre,11410.0,3288.0,Rice,19.62510929,24.58661202,15.94677596,60.98221311,1155.23,6110.9,2718.1,1.466639344,5.7,13113.0,37516.08,July,Unknown
2016,Kavre,23700.0,2769.0,Maize,19.62510929,24.58661202,15.94677596,60.98221311,1155.23,6110.9,2718.1,1.466639344,5.7,13113.0,65625.3,April,Unknown
2016,Kavre,3550.0,1149.0,Millet,19.62510929,24.58661202,15.94677596,60.98221311,1155.23,6110.9,2718.1,1.466639344,5.7,13113.0,4078.95,August,Unknown
2016,Kavre,671.0,969.0,Buckwheat,19.62510929,24.58661202,15.94677596,60.98221311,1155.23,6110.9,2718.1,1.466639344,5.7,13113.0,650.199,September,Unknown
2016,Kavre,8825.0,2740.0,Wheat,19.62510929,24.58661202,15.94677596,60.98221311,1155.23,6110.9,2718.1,1.466639344,5.7,13113.0,24180.5,November,Unknown
2016,Kavre,405.0,1481.0,Barley,19.62510929,24.58661202,15.94677596,60.98221311,1155.23,6110.9,2718.1,1.466639344,5.7,13113.0,599.805,November,Unknown
2016,Khotang,12898.0,2215.0,Rice,14.19896175,19.05680328,10.54319672,66.04527322,1120.25,5845.15,2597.43,1.567322404,5.7,298.0,28569.07,July,Koshi
2016,Khotang,41060.0,1735.0,Maize,14.19896175,19.05680328,10.54319672,66.04527322,1120.25,5845.15,2597.43,1.567322404,5.7,298.0,71239.1,April,Koshi
2016,Khotang,23447.0,1120.0,Millet,14.19896175,19.05680328,10.54319672,66.04527322,1120.25,5845.15,2597.43,1.567322404,5.7,298.0,26260.64,August,Koshi
2016,Khotang,650.0,908.0,Buckwheat,14.19896175,19.05680328,10.54319672,66.04527322,1120.25,5845.15,2597.43,1.567322404,5.7,298.0,590.2,September,Koshi
2016,Khotang,5130.0,2769.0,Wheat,14.19896175,19.05680328,10.54319672,66.04527322,1120.25,5845.15,2597.43,1.567322404,5.7,298.0,14204.97,November,Koshi
2016,Khotang,398.0,1229.0,Barley,14.19896175,19.05680328,10.54319672,66.04527322,1120.25,5845.15,2597.43,1.567322404,5.7,298.0,489.142,November,Koshi
2016,Lalitpur,4680.0,4018.0,Rice,19.62510929,24.58661202,15.94677596,60.98221311,1155.23,6110.9,2718.1,1.466639344,6.9,884.0,18804.24,July,Bagmati
2016,Lalitpur,8589.0,3200.0,Maize,19.62510929,24.58661202,15.94677596,60.98221311,1155.23,6110.9,2718.1,1.466639344,6.9,884.0,27484.8,April,Bagmati
2016,Lalitpur,560.0,1000.0,Millet,19.62510929,24.58661202,15.94677596,60.98221311,1155.23,6110.9,2718.1,1.466639344,6.9,884.0,560.0,August,Bagmati
2016,Lalitpur,50.0,980.0,Buckwheat,19.62510929,24.58661202,15.94677596,60.98221311,1155.23,6110.9,2718.1,1.466639344,6.9,884.0,49.0,September,Bagmati
2016,Lalitpur,2800.0,3500.0,Wheat,19.62510929,24.58661202,15.94677596,60.98221311,1155.23,6110.9,2718.1,1.466639344,6.9,884.0,9800.0,November,Bagmati
2016,Lalitpur,45.0,1222.0,Barley,19.62510929,24.58661202,15.94677596,60.98221311,1155.23,6110.9,2718.1,1.466639344,6.9,884.0,54.99,November,Bagmati
2016,Lamjung,14930.0,2936.0,Rice,5.67568306,10.61079235,1.797076503,72.13005464,1684.42,5947.91,2612.85,1.59579235,5.4,418.0,43834.48,July,Gandaki
2016,Lamjung,9650.0,2179.0,Maize,5.67568306,10.61079235,1.797076503,72.13005464,1684.42,5947.91,2612.85,1.59579235,5.4,418.0,21027.35,April,Gandaki
2016,Lamjung,7915.0,950.0,Millet,5.67568306,10.61079235,1.797076503,72.13005464,1684.42,5947.91,2612.85,1.59579235,5.4,418.0,7519.25,August,Gandaki
2016,Lamjung,15.0,933.0,Buckwheat,5.67568306,10.61079235,1.797076503,72.13005464,1684.42,5947.91,2612.85,1.59579235,5.4,418.0,13.995,September,Gandaki
2016,Lamjung,410.0,2951.0,Wheat,5.67568306,10.61079235,1.797076503,72.13005464,1684.42,5947.91,2612.85,1.59579235,5.4,418.0,1209.91,November,Gandaki
2016,Lamjung,43.0,1279.0,Barley,5.67568306,10.61079235,1.797076503,72.13005464,1684.42,5947.91,2612.85,1.59579235,5.4,418.0,54.997,November,Gandaki
2016,Mahottari,34500.0,2754.0,Rice,26.60592896,33.03532787,21.20685792,55.2907377,1029.33,5969.97,2673.72,1.90489071,6.8,6803.0,95013.0,July,Madhesh
2016,Mahottari,5300.0,3210.0,Maize,26.60592896,33.03532787,21.20685792,55.2907377,1029.33,5969.97,2673.72,1.90489071,6.8,6803.0,17013.0,April,Madhesh
2016,Mahottari,0.0,0.0,Millet,26.60592896,33.03532787,21.20685792,55.2907377,1029.33,5969.97,2673.72,1.90489071,6.8,6803.0,0.0,August,Madhesh
2016,Mahottari,0.0,0.0,Buckwheat,26.60592896,33.03532787,21.20685792,55.2907377,1029.33,5969.97,2673.72,1.90489071,6.8,6803.0,0.0,September,Madhesh
2016,Mahottari,28000.0,2457.0,Wheat,26.60592896,33.03532787,21.20685792,55.2907377,1029.33,5969.97,2673.72,1.90489071,6.8,6803.0,68796.0,November,Madhesh
2016,Mahottari,10.0,933.0,Barley,26.60592896,33.03532787,21.20685792,55.2907377,1029.33,5969.97,2673.72,1.90489071,6.8,6803.0,9.33,November,Madhesh
2016,Makwanpur,11205.0,3700.0,Rice,22.64177596,27.9368306,18.56057377,57.69453552,1316.55,6186.66,2856.62,1.439371585,5.9,6282.0,41458.5,July,Bagmati
2016,Makwanpur,24555.0,2800.0,Maize,22.64177596,27.9368306,18.56057377,57.69453552,1316.55,6186.66,2856.62,1.439371585,5.9,6282.0,68754.0,April,Bagmati
2016,Makwanpur,2665.0,1220.0,Millet,22.64177596,27.9368306,18.56057377,57.69453552,1316.55,6186.66,2856.62,1.439371585,5.9,6282.0,3251.3,August,Bagmati
2016,Makwanpur,185.0,1054.0,Buckwheat,22.64177596,27.9368306,18.56057377,57.69453552,1316.55,6186.66,2856.62,1.439371585,5.9,6282.0,194.99,September,Bagmati
2016,Makwanpur,3905.0,3324.0,Wheat,22.64177596,27.9368306,18.56057377,57.69453552,1316.55,6186.66,2856.62,1.439371585,5.9,6282.0,12980.22,November,Bagmati
2016,Makwanpur,275.0,1265.0,Barley,22.64177596,27.9368306,18.56057377,57.69453552,1316.55,6186.66,2856.62,1.439371585,5.9,6282.0,347.875,November,Bagmati
2016,Manang,0.0,0.0,Rice,5.67568306,10.61079235,1.797076503,72.13005464,1684.42,5947.91,2612.85,1.59579235,6.3,15.0,0.0,July,Gandaki
2016,Manang,177.0,1960.0,Maize,5.67568306,10.61079235,1.797076503,72.13005464,1684.42,5947.91,2612.85,1.59579235,6.3,15.0,346.92,April,Gandaki
2016,Manang,0.0,0.0,Millet,5.67568306,10.61079235,1.797076503,72.13005464,1684.42,5947.91,2612.85,1.59579235,6.3,15.0,0.0,August,Gandaki
2016,Manang,286.0,1804.0,Buckwheat,5.67568306,10.61079235,1.797076503,72.13005464,1684.42,5947.91,2612.85,1.59579235,6.3,15.0,515.944,September,Gandaki
2016,Manang,198.0,1313.0,Wheat,5.67568306,10.61079235,1.797076503,72.13005464,1684.42,5947.91,2612.85,1.59579235,6.3,15.0,259.974,November,Gandaki
2016,Manang,120.0,1572.0,Barley,5.67568306,10.61079235,1.797076503,72.13005464,1684.42,5947.91,2612.85,1.59579235,6.3,15.0,188.64,November,Gandaki
2016,Morang,88000.0,3702.0,Rice,25.29704918,30.7573224,20.97546448,60.53863388,1494.45,5746.01,2579.34,1.663934426,6.8,17785.0,325776.0,July,Koshi
2016,Morang,1650.0,3500.0,Maize,25.29704918,30.7573224,20.97546448,60.53863388,1494.45,5746.01,2579.34,1.663934426,6.8,17785.0,5775.0,April,Koshi
2016,Morang,1317.0,1179.0,Millet,25.29704918,30.7573224,20.97546448,60.53863388,1494.45,5746.01,2579.34,1.663934426,6.8,17785.0,1552.743,August,Koshi
2016,Morang,55.0,1182.0,Buckwheat,25.29704918,30.7573224,20.97546448,60.53863388,1494.45,5746.01,2579.34,1.663934426,6.8,17785.0,65.01,September,Koshi
2016,Morang,14200.0,2700.0,Wheat,25.29704918,30.7573224,20.97546448,60.53863388,1494.45,5746.01,2579.34,1.663934426,6.8,17785.0,38340.0,November,Koshi
2016,Morang,0.0,0.0,Barley,25.29704918,30.7573224,20.97546448,60.53863388,1494.45,5746.01,2579.34,1.663934426,6.8,17785.0,0.0,November,Koshi
2016,Mugu,950.0,1229.0,Rice,13.1154918,18.76601093,8.673989071,63.89120789,1019.15,6433.21,2778.22,1.576557377,5.7,12.0,1167.55,July,Karnali
2016,Mugu,550.0,1500.0,Maize,13.1154918,18.76601093,8.673989071,63.89120789,1019.15,6433.21,2778.22,1.576557377,5.7,12.0,825.0,April,Karnali
2016,Mugu,4275.0,756.0,Millet,13.1154918,18.76601093,8.673989071,63.89120789,1019.15,6433.21,2778.22,1.576557377,5.7,12.0,3231.9,August,Karnali
2016,Mugu,485.0,928.0,Buckwheat,13.1154918,18.76601093,8.673989071,63.89120789,1019.15,6433.21,2778.22,1.576557377,5.7,12.0,450.08,September,Karnali
2016,Mugu,3136.0,947.0,Wheat,13.1154918,18.76601093,8.673989071,63.89120789,1019.15,6433.21,2778.22,1.576557377,5.7,12.0,2969.792,November,Karnali
2016,Mugu,1140.0,1000.0,Barley,13.1154918,18.76601093,8.673989071,63.89120789,1019.15,6433.21,2778.22,1.576557377,5.7,12.0,1140.0,November,Karnali
2016,Mustang,0.0,0.0,Rice,8.718087432,13.87724044,4.737431694,68.24297814,1877.02,6110.99,2628.71,1.552978142,7.3,31.0,0.0,July,Gandaki
2016,Mustang,516.0,1473.0,Maize,8.718087432,13.87724044,4.737431694,68.24297814,1877.02,6110.99,2628.71,1.552978142,7.3,31.0,760.068,April,Gandaki
2016,Mustang,0.0,0.0,Millet,8.718087432,13.87724044,4.737431694,68.24297814,1877.02,6110.99,2628.71,1.552978142,7.3,31.0,0.0,August,Gandaki
2016,Mustang,582.0,1706.0,Buckwheat,8.718087432,13.87724044,4.737431694,68.24297814,1877.02,6110.99,2628.71,1.552978142,7.3,31.0,992.892,September,Gandaki
2016,Mustang,572.0,1437.0,Wheat,8.718087432,13.87724044,4.737431694,68.24297814,1877.02,6110.99,2628.71,1.552978142,7.3,31.0,821.964,November,Gandaki
2016,Mustang,280.0,1685.0,Barley,8.718087432,13.87724044,4.737431694,68.24297814,1877.02,6110.99,2628.71,1.552978142,7.3,31.0,471.8,November,Gandaki
2016,Myagdi,3995.0,3281.0,Rice,8.718087432,13.87724044,4.737431694,68.24297814,1877.02,6110.99,2628.71,1.552978142,5.8,189.0,13107.595,July,Gandaki
2016,Myagdi,9215.0,3200.0,Maize,8.718087432,13.87724044,4.737431694,68.24297814,1877.02,6110.99,2628.71,1.552978142,5.8,189.0,29488.0,April,Gandaki
2016,Myagdi,2740.0,1268.0,Millet,8.718087432,13.87724044,4.737431694,68.24297814,1877.02,6110.99,2628.71,1.552978142,5.8,189.0,3474.32,August,Gandaki
2016,Myagdi,148.0,946.0,Buckwheat,8.718087432,13.87724044,4.737431694,68.24297814,1877.02,6110.99,2628.71,1.552978142,5.8,189.0,140.008,September,Gandaki
2016,Myagdi,3051.0,2284.0,Wheat,8.718087432,13.87724044,4.737431694,68.24297814,1877.02,6110.99,2628.71,1.552978142,5.8,189.0,6968.484,November,Gandaki
2016,Myagdi,307.0,1212.0,Barley,8.718087432,13.87724044,4.737431694,68.24297814,1877.02,6110.99,2628.71,1.552978142,5.8,189.0,372.084,November,Gandaki
2016,Nawalparasi,44740.0,4076.0,Rice,25.41721311,31.42456284,20.47177596,54.99210383,1608.29,6254.37,2892.43,1.577185792,5.9,5410.0,182360.24,July,Unknown
2016,Nawalparasi,8405.0,2313.0,Maize,25.41721311,31.42456284,20.47177596,54.99210383,1608.29,6254.37,2892.43,1.577185792,5.9,5410.0,19440.765,April,Unknown
2016,Nawalparasi,450.0,989.0,Millet,25.41721311,31.42456284,20.47177596,54.99210383,1608.29,6254.37,2892.43,1.577185792,5.9,5410.0,445.05,August,Unknown
2016,Nawalparasi,180.0,944.0,Buckwheat,25.41721311,31.42456284,20.47177596,54.99210383,1608.29,6254.37,2892.43,1.577185792,5.9,5410.0,169.92,September,Unknown
2016,Nawalparasi,18045.0,2321.0,Wheat,25.41721311,31.42456284,20.47177596,54.99210383,1608.29,6254.37,2892.43,1.577185792,5.9,5410.0,41882.445,November,Unknown
2016,Nawalparasi,10.0,1119.0,Barley,25.41721311,31.42456284,20.47177596,54.99210383,1608.29,6254.37,2892.43,1.577185792,5.9,5410.0,11.19,November,Unknown
2016,Nuwakot,17892.0,4117.0,Rice,9.603497268,14.89284153,5.486147541,67.01284153,929.98,6110.9,2718.1,1.716612079,5.7,8234.0,73661.364,July,Bagmati
2016,Nuwakot,16917.0,3200.0,Maize,9.603497268,14.89284153,5.486147541,67.01284153,929.98,6110.9,2718.1,1.716612079,5.7,8234.0,54134.4,April,Bagmati
2016,Nuwakot,5125.0,1198.0,Millet,9.603497268,14.89284153,5.486147541,67.01284153,929.98,6110.9,2718.1,1.716612079,5.7,8234.0,6139.75,August,Bagmati
2016,Nuwakot,200.0,1005.0,Buckwheat,9.603497268,14.89284153,5.486147541,67.01284153,929.98,6110.9,2718.1,1.716612079,5.7,8234.0,201.0,September,Bagmati
2016,Nuwakot,4158.0,3441.0,Wheat,9.603497268,14.89284153,5.486147541,67.01284153,929.98,6110.9,2718.1,1.716612079,5.7,8234.0,14307.678,November,Bagmati
2016,Nuwakot,170.0,1165.0,Barley,9.603497268,14.89284153,5.486147541,67.01284153,929.98,6110.9,2718.1,1.716612079,5.7,8234.0,198.05,November,Bagmati
2016,Okhaldhunga,4403.0,2433.0,Rice,14.19896175,19.05680328,10.54319672,66.04527322,1120.25,5845.15,2597.43,1.567322404,5.7,488.0,10712.499,July,Koshi
2016,Okhaldhunga,12400.0,2400.0,Maize,14.19896175,19.05680328,10.54319672,66.04527322,1120.25,5845.15,2597.43,1.567322404,5.7,488.0,29760.0,April,Koshi
2016,Okhaldhunga,7751.0,1900.0,Millet,14.19896175,19.05680328,10.54319672,66.04527322,1120.25,5845.15,2597.43,1.567322404,5.7,488.0,14726.9,August,Koshi
2016,Okhaldhunga,105.0,905.0,Buckwheat,14.19896175,19.05680328,10.54319672,66.04527322,1120.25,5845.15,2597.43,1.567322404,5.7,488.0,95.025,September,Koshi
2016,Okhaldhunga,2355.0,1898.0,Wheat,14.19896175,19.05680328,10.54319672,66.04527322,1120.25,5845.15,2597.43,1.567322404,5.7,488.0,4469.79,November,Koshi
2016,Okhaldhunga,95.0,1526.0,Barley,14.19896175,19.05680328,10.54319672,66.04527322,1120.25,5845.15,2597.43,1.567322404,5.7,488.0,144.97,November,Koshi
2016,Palpa,8720.0,3887.0,Rice,19.72923497,24.72081967,15.9207377,60.44852459,1943.01,6254.37,2892.43,1.513032787,5.9,1269.0,33894.64,July,Lumbini
2016,Palpa,20210.0,2080.0,Maize,19.72923497,24.72081967,15.9207377,60.44852459,1943.01,6254.37,2892.43,1.513032787,5.9,1269.0,42036.8,April,Lumbini
2016,Palpa,2537.0,1054.0,Millet,19.72923497,24.72081967,15.9207377,60.44852459,1943.01,6254.37,2892.43,1.513032787,5.9,1269.0,2673.998,August,Lumbini
2016,Palpa,449.0,915.0,Buckwheat,19.72923497,24.72081967,15.9207377,60.44852459,1943.01,6254.37,2892.43,1.513032787,5.9,1269.0,410.835,September,Lumbini
2016,Palpa,6140.0,2246.0,Wheat,19.72923497,24.72081967,15.9207377,60.44852459,1943.01,6254.37,2892.43,1.513032787,5.9,1269.0,13790.44,November,Lumbini
2016,Palpa,21.0,1662.0,Barley,19.72923497,24.72081967,15.9207377,60.44852459,1943.01,6254.37,2892.43,1.513032787,5.9,1269.0,34.902,November,Lumbini
2016,Panchthar,9203.0,2232.0,Rice,11.17374317,16.34008197,7.278224044,73.75393443,1152.07,5539.9,2437.93,1.806256831,5.7,473.0,20541.096,July,Koshi
2016,Panchthar,18513.0,1860.0,Maize,11.17374317,16.34008197,7.278224044,73.75393443,1152.07,5539.9,2437.93,1.806256831,5.7,473.0,34434.18,April,Koshi
2016,Panchthar,4800.0,1867.0,Millet,11.17374317,16.34008197,7.278224044,73.75393443,1152.07,5539.9,2437.93,1.806256831,5.7,473.0,8961.6,August,Koshi
2016,Panchthar,56.0,714.0,Buckwheat,11.17374317,16.34008197,7.278224044,73.75393443,1152.07,5539.9,2437.93,1.806256831,5.7,473.0,39.984,September,Koshi
2016,Panchthar,3715.0,1845.0,Wheat,11.17374317,16.34008197,7.278224044,73.75393443,1152.07,5539.9,2437.93,1.806256831,5.7,473.0,6854.175,November,Koshi
2016,Panchthar,345.0,1188.0,Barley,11.17374317,16.34008197,7.278224044,73.75393443,1152.07,5539.9,2437.93,1.806256831,5.7,473.0,409.86,November,Koshi
2016,Parbat,8840.0,2828.0,Rice,8.718087432,13.87724044,4.737431694,68.24297814,1877.02,6110.99,2628.71,1.552978142,5.7,772.0,24999.52,July,Gandaki
2016,Parbat,13930.0,2161.0,Maize,8.718087432,13.87724044,4.737431694,68.24297814,1877.02,6110.99,2628.71,1.552978142,5.7,772.0,30102.73,April,Gandaki
2016,Parbat,8555.0,921.0,Millet,8.718087432,13.87724044,4.737431694,68.24297814,1877.02,6110.99,2628.71,1.552978142,5.7,772.0,7879.155,August,Gandaki
2016,Parbat,50.0,980.0,Buckwheat,8.718087432,13.87724044,4.737431694,68.24297814,1877.02,6110.99,2628.71,1.552978142,5.7,772.0,49.0,September,Gandaki
2016,Parbat,2600.0,2452.0,Wheat,8.718087432,13.87724044,4.737431694,68.24297814,1877.02,6110.99,2628.71,1.552978142,5.7,772.0,6375.2,November,Gandaki
2016,Parbat,89.0,1180.0,Barley,8.718087432,13.87724044,4.737431694,68.24297814,1877.02,6110.99,2628.71,1.552978142,5.7,772.0,105.02,November,Gandaki
2016,Parsa,46500.0,3888.0,Rice,26.1979235,32.5110929,20.8836612,54.86833333,1157.58,6186.66,2856.62,1.732896175,6.9,10732.0,180792.0,July,Madhesh
2016,Parsa,4075.0,3500.0,Maize,26.1979235,32.5110929,20.8836612,54.86833333,1157.58,6186.66,2856.62,1.732896175,6.9,10732.0,14262.5,April,Madhesh
2016,Parsa,0.0,0.0,Millet,26.1979235,32.5110929,20.8836612,54.86833333,1157.58,6186.66,2856.62,1.732896175,6.9,10732.0,0.0,August,Madhesh
2016,Parsa,0.0,0.0,Buckwheat,26.1979235,32.5110929,20.8836612,54.86833333,1157.58,6186.66,2856.62,1.732896175,6.9,10732.0,0.0,September,Madhesh
2016,Parsa,21532.0,3458.0,Wheat,26.1979235,32.5110929,20.8836612,54.86833333,1157.58,6186.66,2856.62,1.732896175,6.9,10732.0,74457.656,November,Madhesh
2016,Parsa,35.0,1199.0,Barley,26.1979235,32.5110929,20.8836612,54.86833333,1157.58,6186.66,2856.62,1.732896175,6.9,10732.0,41.965,November,Madhesh
2016,Pyuthan,6319.0,3700.0,Rice,22.64726776,28.44579235,18.11508197,53.37937158,1359.52,6166.95,2664.15,1.840054645,6.5,412.0,23380.3,July,Lumbini
2016,Pyuthan,11858.0,2000.0,Maize,22.64726776,28.44579235,18.11508197,53.37937158,1359.52,6166.95,2664.15,1.840054645,6.5,412.0,23716.0,April,Lumbini
2016,Pyuthan,1990.0,1118.0,Millet,22.64726776,28.44579235,18.11508197,53.37937158,1359.52,6166.95,2664.15,1.840054645,6.5,412.0,2224.82,August,Lumbini
2016,Pyuthan,13.0,1000.0,Buckwheat,22.64726776,28.44579235,18.11508197,53.37937158,1359.52,6166.95,2664.15,1.840054645,6.5,412.0,13.0,September,Lumbini
2016,Pyuthan,8650.0,2800.0,Wheat,22.64726776,28.44579235,18.11508197,53.37937158,1359.52,6166.95,2664.15,1.840054645,6.5,412.0,24220.0,November,Lumbini
2016,Pyuthan,516.0,1463.0,Barley,22.64726776,28.44579235,18.11508197,53.37937158,1359.52,6166.95,2664.15,1.840054645,6.5,412.0,754.908,November,Lumbini
2016,Ramechap,9307.0,2902.0,Rice,14.19896175,19.05680328,10.54319672,66.04527322,1120.25,5845.15,2597.43,1.567322404,5.4,1240.0,27008.914,July,Unknown
2016,Ramechap,21045.0,2587.0,Maize,14.19896175,19.05680328,10.54319672,66.04527322,1120.25,5845.15,2597.43,1.567322404,5.4,1240.0,54443.415,April,Unknown
2016,Ramechap,4991.0,1110.0,Millet,14.19896175,19.05680328,10.54319672,66.04527322,1120.25,5845.15,2597.43,1.567322404,5.4,1240.0,5540.01,August,Unknown
2016,Ramechap,19.0,1000.0,Buckwheat,14.19896175,19.05680328,10.54319672,66.04527322,1120.25,5845.15,2597.43,1.567322404,5.4,1240.0,19.0,September,Unknown
2016,Ramechap,3852.0,2126.0,Wheat,14.19896175,19.05680328,10.54319672,66.04527322,1120.25,5845.15,2597.43,1.567322404,5.4,1240.0,8189.352,November,Unknown
2016,Ramechap,75.0,1133.0,Barley,14.19896175,19.05680328,10.54319672,66.04527322,1120.25,5845.15,2597.43,1.567322404,5.4,1240.0,84.975,November,Unknown
2016,Rasuwa,1275.0,2970.0,Rice,9.603497268,14.89284153,5.486147541,67.01284153,929.98,6356.31,2763.65,1.716612079,6.1,432.0,3786.75,July,Bagmati
2016,Rasuwa,2420.0,2236.0,Maize,9.603497268,14.89284153,5.486147541,67.01284153,929.98,6356.31,2763.65,1.716612079,6.1,432.0,5411.12,April,Bagmati
2016,Rasuwa,895.0,1020.0,Millet,9.603497268,14.89284153,5.486147541,67.01284153,929.98,6356.31,2763.65,1.716612079,6.1,432.0,912.9,August,Bagmati
2016,Rasuwa,0.0,0.0,Buckwheat,9.603497268,14.89284153,5.486147541,67.01284153,929.98,6356.31,2763.65,1.716612079,6.1,432.0,0.0,September,Bagmati
2016,Rasuwa,720.0,1754.0,Wheat,9.603497268,14.89284153,5.486147541,67.01284153,929.98,6356.31,2763.65,1.716612079,6.1,432.0,1262.88,November,Bagmati
2016,Rasuwa,288.0,1165.0,Barley,9.603497268,14.89284153,5.486147541,67.01284153,929.98,6356.31,2763.65,1.716612079,6.1,432.0,335.52,November,Bagmati
2016,Rautahat,38535.0,2600.0,Rice,25.23275956,31.08494536,20.65245902,55.82663934,1180.82,5969.97,2673.72,1.658715847,6.8,6131.0,100191.0,July,Madhesh
2016,Rautahat,2155.0,2794.0,Maize,25.23275956,31.08494536,20.65245902,55.82663934,1180.82,5969.97,2673.72,1.658715847,6.8,6131.0,6021.07,April,Madhesh
2016,Rautahat,61.0,852.0,Millet,25.23275956,31.08494536,20.65245902,55.82663934,1180.82,5969.97,2673.72,1.658715847,6.8,6131.0,51.972,August,Madhesh
2016,Rautahat,0.0,0.0,Buckwheat,25.23275956,31.08494536,20.65245902,55.82663934,1180.82,5969.97,2673.72,1.658715847,6.8,6131.0,0.0,September,Madhesh
2016,Rautahat,15453.0,3092.0,Wheat,25.23275956,31.08494536,20.65245902,55.82663934,1180.82,5969.97,2673.72,1.658715847,6.8,6131.0,47780.676,November,Madhesh
2016,Rautahat,4.0,1166.0,Barley,25.23275956,31.08494536,20.65245902,55.82663934,1180.82,5969.97,2673.72,1.658715847,6.8,6131.0,4.664,November,Madhesh
2016,Rolpa,4890.0,2593.0,Rice,15.46901639,21.34076503,10.94800546,60.59579235,1257.94,6166.95,2664.15,1.693278689,6.1,417.0,12679.77,July,Lumbini
2016,Rolpa,12640.0,2421.0,Maize,15.46901639,21.34076503,10.94800546,60.59579235,1257.94,6166.95,2664.15,1.693278689,6.1,417.0,30601.44,April,Lumbini
2016,Rolpa,1015.0,1096.0,Millet,15.46901639,21.34076503,10.94800546,60.59579235,1257.94,6166.95,2664.15,1.693278689,6.1,417.0,1112.44,August,Lumbini
2016,Rolpa,122.0,918.0,Buckwheat,15.46901639,21.34076503,10.94800546,60.59579235,1257.94,6166.95,2664.15,1.693278689,6.1,417.0,111.996,September,Lumbini
2016,Rolpa,8575.0,2466.0,Wheat,15.46901639,21.34076503,10.94800546,60.59579235,1257.94,6166.95,2664.15,1.693278689,6.1,417.0,21145.95,November,Lumbini
2016,Rolpa,612.0,1032.0,Barley,15.46901639,21.34076503,10.94800546,60.59579235,1257.94,6166.95,2664.15,1.693278689,6.1,417.0,631.584,November,Lumbini
2016,Rukum,3762.0,2923.0,Rice,15.46901639,21.34076503,10.94800546,60.59579235,1257.94,6222.78,2687.32,1.693278689,6.8,696.0,10996.326,July,Unknown
2016,Rukum,16281.0,2183.0,Maize,15.46901639,21.34076503,10.94800546,60.59579235,1257.94,6222.78,2687.32,1.693278689,6.8,696.0,35541.423,April,Unknown
2016,Rukum,918.0,1281.0,Millet,15.46901639,21.34076503,10.94800546,60.59579235,1257.94,6222.78,2687.32,1.693278689,6.8,696.0,1175.958,August,Unknown
2016,Rukum,0.0,0.0,Buckwheat,15.46901639,21.34076503,10.94800546,60.59579235,1257.94,6222.78,2687.32,1.693278689,6.8,696.0,0.0,September,Unknown
2016,Rukum,11672.0,2140.0,Wheat,15.46901639,21.34076503,10.94800546,60.59579235,1257.94,6222.78,2687.32,1.693278689,6.8,696.0,24978.08,November,Unknown
2016,Rukum,910.0,1140.0,Barley,15.46901639,21.34076503,10.94800546,60.59579235,1257.94,6222.78,2687.32,1.693278689,6.8,696.0,1037.4,November,Unknown
2016,Rupandehi,69600.0,3911.0,Rice,25.41721311,31.42456284,20.47177596,54.99210383,1608.29,6254.37,2892.43,1.577185792,6.6,19370.0,272205.6,July,Lumbini
2016,Rupandehi,2520.0,3571.0,Maize,25.41721311,31.42456284,20.47177596,54.99210383,1608.29,6254.37,2892.43,1.577185792,6.6,19370.0,8998.92,April,Lumbini
2016,Rupandehi,45.0,978.0,Millet,25.41721311,31.42456284,20.47177596,54.99210383,1608.29,6254.37,2892.43,1.577185792,6.6,19370.0,44.01,August,Lumbini
2016,Rupandehi,0.0,0.0,Buckwheat,25.41721311,31.42456284,20.47177596,54.99210383,1608.29,6254.37,2892.43,1.577185792,6.6,19370.0,0.0,September,Lumbini
2016,Rupandehi,28100.0,3167.0,Wheat,25.41721311,31.42456284,20.47177596,54.99210383,1608.29,6254.37,2892.43,1.577185792,6.6,19370.0,88992.7,November,Lumbini
2016,Rupandehi,85.0,2330.0,Barley,25.41721311,31.42456284,20.47177596,54.99210383,1608.29,6254.37,2892.43,1.577185792,6.6,19370.0,198.05,November,Lumbini
2016,Salyan,7051.0,3915.0,Rice,22.64726776,28.44579235,18.11508197,53.37937158,1359.52,6166.95,2664.15,1.840054645,5.9,1063.0,27604.665,July,Karnali
2016,Salyan,19850.0,2096.0,Maize,22.64726776,28.44579235,18.11508197,53.37937158,1359.52,6166.95,2664.15,1.840054645,5.9,1063.0,41605.6,April,Karnali
2016,Salyan,1045.0,1040.0,Millet,22.64726776,28.44579235,18.11508197,53.37937158,1359.52,6166.95,2664.15,1.840054645,5.9,1063.0,1086.8,August,Karnali
2016,Salyan,62.0,1145.0,Buckwheat,22.64726776,28.44579235,18.11508197,53.37937158,1359.52,6166.95,2664.15,1.840054645,5.9,1063.0,70.99,September,Karnali
2016,Salyan,15935.0,2000.0,Wheat,22.64726776,28.44579235,18.11508197,53.37937158,1359.52,6166.95,2664.15,1.840054645,5.9,1063.0,31870.0,November,Karnali
2016,Salyan,1079.0,1184.0,Barley,22.64726776,28.44579235,18.11508197,53.37937158,1359.52,6166.95,2664.15,1.840054645,5.9,1063.0,1277.536,November,Karnali
2016,Sankhuwashava,13851.0,2500.0,Rice,11.17374317,16.34008197,7.278224044,73.75393443,1152.07,5539.9,2437.93,1.806256831,5.6,779.0,34627.5,July,Unknown
2016,Sankhuwashava,12070.0,1831.0,Maize,11.17374317,16.34008197,7.278224044,73.75393443,1152.07,5539.9,2437.93,1.806256831,5.6,779.0,22100.17,April,Unknown
2016,Sankhuwashava,7185.0,1214.0,Millet,11.17374317,16.34008197,7.278224044,73.75393443,1152.07,5539.9,2437.93,1.806256831,5.6,779.0,8722.59,August,Unknown
2016,Sankhuwashava,18.0,1000.0,Buckwheat,11.17374317,16.34008197,7.278224044,73.75393443,1152.07,5539.9,2437.93,1.806256831,5.6,779.0,18.0,September,Unknown
2016,Sankhuwashava,650.0,1902.0,Wheat,11.17374317,16.34008197,7.278224044,73.75393443,1152.07,5539.9,2437.93,1.806256831,5.6,779.0,1236.3,November,Unknown
2016,Sankhuwashava,14.0,1071.0,Barley,11.17374317,16.34008197,7.278224044,73.75393443,1152.07,5539.9,2437.93,1.806256831,5.6,779.0,14.994,November,Unknown
2016,Saptari,54000.0,3007.0,Rice,25.63846995,31.09803279,21.24680328,60.22620789,1446.71,5904.61,2645.02,1.741207886,6.6,8207.0,162378.0,July,Madhesh
2016,Saptari,600.0,2500.0,Maize,25.63846995,31.09803279,21.24680328,60.22620789,1446.71,5904.61,2645.02,1.741207886,6.6,8207.0,1500.0,April,Madhesh
2016,Saptari,200.0,1250.0,Millet,25.63846995,31.09803279,21.24680328,60.22620789,1446.71,5904.61,2645.02,1.741207886,6.6,8207.0,250.0,August,Madhesh
2016,Saptari,0.0,0.0,Buckwheat,25.63846995,31.09803279,21.24680328,60.22620789,1446.71,5904.61,2645.02,1.741207886,6.6,8207.0,0.0,September,Madhesh
2016,Saptari,18000.0,2444.0,Wheat,25.63846995,31.09803279,21.24680328,60.22620789,1446.71,5904.61,2645.02,1.741207886,6.6,8207.0,43992.0,November,Madhesh
2016,Saptari,0.0,0.0,Barley,25.63846995,31.09803279,21.24680328,60.22620789,1446.71,5904.61,2645.02,1.741207886,6.6,8207.0,0.0,November,Madhesh
2016,Sarlahi,49650.0,2935.0,Rice,25.23275956,31.08494536,20.65245902,55.82663934,1180.82,5969.97,2673.72,1.658715847,6.6,7378.0,145722.75,July,Madhesh
2016,Sarlahi,8500.0,2818.0,Maize,25.23275956,31.08494536,20.65245902,55.82663934,1180.82,5969.97,2673.72,1.658715847,6.6,7378.0,23953.0,April,Madhesh
2016,Sarlahi,745.0,843.0,Millet,25.23275956,31.08494536,20.65245902,55.82663934,1180.82,5969.97,2673.72,1.658715847,6.6,7378.0,628.035,August,Madhesh
2016,Sarlahi,0.0,0.0,Buckwheat,25.23275956,31.08494536,20.65245902,55.82663934,1180.82,5969.97,2673.72,1.658715847,6.6,7378.0,0.0,September,Madhesh
2016,Sarlahi,24622.0,2745.0,Wheat,25.23275956,31.08494536,20.65245902,55.82663934,1180.82,5969.97,2673.72,1.658715847,6.6,7378.0,67587.39,November,Madhesh
2016,Sarlahi,71.0,999.0,Barley,25.23275956,31.08494536,20.65245902,55.82663934,1180.82,5969.97,2673.72,1.658715847,6.6,7378.0,70.929,November,Madhesh
2016,Sindhuli,14900.0,3562.0,Rice,23.21478142,28.54120789,19.14199454,59.03377049,1284.39,5845.15,2597.43,1.655081967,6.0,3079.0,53073.8,July,Bagmati
2016,Sindhuli,24815.0,2830.0,Maize,23.21478142,28.54120789,19.14199454,59.03377049,1284.39,5845.15,2597.43,1.655081967,6.0,3079.0,70226.45,April,Bagmati
2016,Sindhuli,11635.0,1072.0,Millet,23.21478142,28.54120789,19.14199454,59.03377049,1284.39,5845.15,2597.43,1.655081967,6.0,3079.0,12472.72,August,Bagmati
2016,Sindhuli,542.0,919.0,Buckwheat,23.21478142,28.54120789,19.14199454,59.03377049,1284.39,5845.15,2597.43,1.655081967,6.0,3079.0,498.098,September,Bagmati
2016,Sindhuli,5550.0,2725.0,Wheat,23.21478142,28.54120789,19.14199454,59.03377049,1284.39,5845.15,2597.43,1.655081967,6.0,3079.0,15123.75,November,Bagmati
2016,Sindhuli,45.0,1444.0,Barley,23.21478142,28.54120789,19.14199454,59.03377049,1284.39,5845.15,2597.43,1.655081967,6.0,3079.0,64.98,November,Bagmati
2016,Sindhupalchok,12300.0,2321.0,Rice,9.603497268,14.89284153,5.486147541,67.01284153,929.98,6110.9,2718.1,1.716612079,5.6,3387.0,28548.3,July,Bagmati
2016,Sindhupalchok,23650.0,2500.0,Maize,9.603497268,14.89284153,5.486147541,67.01284153,929.98,6110.9,2718.1,1.716612079,5.6,3387.0,59125.0,April,Bagmati
2016,Sindhupalchok,16545.0,1281.0,Millet,9.603497268,14.89284153,5.486147541,67.01284153,929.98,6110.9,2718.1,1.716612079,5.6,3387.0,21194.145,August,Bagmati
2016,Sindhupalchok,0.0,0.0,Buckwheat,9.603497268,14.89284153,5.486147541,67.01284153,929.98,6110.9,2718.1,1.716612079,5.6,3387.0,0.0,September,Bagmati
2016,Sindhupalchok,6915.0,1197.0,Wheat,9.603497268,14.89284153,5.486147541,67.01284153,929.98,6110.9,2718.1,1.716612079,5.6,3387.0,8277.255,November,Bagmati
2016,Sindhupalchok,198.0,1035.0,Barley,9.603497268,14.89284153,5.486147541,67.01284153,929.98,6110.9,2718.1,1.716612079,5.6,3387.0,204.93,November,Bagmati
2016,Siraha,51575.0,3015.0,Rice,26.16461749,32.1592623,21.26016393,57.39928962,1242.89,5904.61,2645.02,1.832349727,6.8,8055.0,155498.625,July,Madhesh
2016,Siraha,1750.0,2000.0,Maize,26.16461749,32.1592623,21.26016393,57.39928962,1242.89,5904.61,2645.02,1.832349727,6.8,8055.0,3500.0,April,Madhesh
2016,Siraha,428.0,1012.0,Millet,26.16461749,32.1592623,21.26016393,57.39928962,1242.89,5904.61,2645.02,1.832349727,6.8,8055.0,433.136,August,Madhesh
2016,Siraha,0.0,0.0,Buckwheat,26.16461749,32.1592623,21.26016393,57.39928962,1242.89,5904.61,2645.02,1.832349727,6.8,8055.0,0.0,September,Madhesh
2016,Siraha,14210.0,2704.0,Wheat,26.16461749,32.1592623,21.26016393,57.39928962,1242.89,5904.61,2645.02,1.832349727,6.8,8055.0,38423.84,November,Madhesh
2016,Siraha,0.0,0.0,Barley,26.16461749,32.1592623,21.26016393,57.39928962,1242.89,5904.61,2645.02,1.832349727,6.8,8055.0,0.0,November,Madhesh
2016,Solukhumbu,1525.0,2413.0,Rice,9.856912568,14.85248634,6.020928962,71.5429235,1114.92,5845.15,2597.43,1.759071038,5.8,252.0,3679.825,July,Koshi
2016,Solukhumbu,12955.0,2277.0,Maize,9.856912568,14.85248634,6.020928962,71.5429235,1114.92,5845.15,2597.43,1.759071038,5.8,252.0,29498.535,April,Koshi
2016,Solukhumbu,2100.0,1312.0,Millet,9.856912568,14.85248634,6.020928962,71.5429235,1114.92,5845.15,2597.43,1.759071038,5.8,252.0,2755.2,August,Koshi
2016,Solukhumbu,321.0,903.0,Buckwheat,9.856912568,14.85248634,6.020928962,71.5429235,1114.92,5845.15,2597.43,1.759071038,5.8,252.0,289.863,September,Koshi
2016,Solukhumbu,2789.0,1819.0,Wheat,9.856912568,14.85248634,6.020928962,71.5429235,1114.92,5845.15,2597.43,1.759071038,5.8,252.0,5073.191,November,Koshi
2016,Solukhumbu,185.0,969.0,Barley,9.856912568,14.85248634,6.020928962,71.5429235,1114.92,5845.15,2597.43,1.759071038,5.8,252.0,179.265,November,Koshi
2016,Sunsari,55000.0,3350.0,Rice,25.29704918,30.7573224,20.97546448,60.53863388,1494.45,5746.01,2579.34,1.663934426,6.6,5500.0,184250.0,July,Koshi
2016,Sunsari,8350.0,2407.0,Maize,25.29704918,30.7573224,20.97546448,60.53863388,1494.45,5746.01,2579.34,1.663934426,6.6,5500.0,20098.45,April,Koshi
2016,Sunsari,531.0,1153.0,Millet,25.29704918,30.7573224,20.97546448,60.53863388,1494.45,5746.01,2579.34,1.663934426,6.6,5500.0,612.243,August,Koshi
2016,Sunsari,300.0,1000.0,Buckwheat,25.29704918,30.7573224,20.97546448,60.53863388,1494.45,5746.01,2579.34,1.663934426,6.6,5500.0,300.0,September,Koshi
2016,Sunsari,14500.0,3021.0,Wheat,25.29704918,30.7573224,20.97546448,60.53863388,1494.45,5746.01,2579.34,1.663934426,6.6,5500.0,43804.5,November,Koshi
2016,Sunsari,12.0,1833.0,Barley,25.29704918,30.7573224,20.97546448,60.53863388,1494.45,5746.01,2579.34,1.663934426,6.6,5500.0,21.996,November,Koshi
2016,Surkhet,13352.0,3847.0,Rice,20.60877049,26.25543716,16.1407377,56.63019126,1365.25,5968.3,2634.91,1.537349727,5.9,1632.0,51365.144,July,Karnali
2016,Surkhet,15251.0,2523.0,Maize,20.60877049,26.25543716,16.1407377,56.63019126,1365.25,5968.3,2634.91,1.537349727,5.9,1632.0,38478.273,April,Karnali
2016,Surkhet,2095.0,1353.0,Millet,20.60877049,26.25543716,16.1407377,56.63019126,1365.25,5968.3,2634.91,1.537349727,5.9,1632.0,2834.535,August,Karnali
2016,Surkhet,0.0,0.0,Buckwheat,20.60877049,26.25543716,16.1407377,56.63019126,1365.25,5968.3,2634.91,1.537349727,5.9,1632.0,0.0,September,Karnali
2016,Surkhet,14510.0,2866.0,Wheat,20.60877049,26.25543716,16.1407377,56.63019126,1365.25,5968.3,2634.91,1.537349727,5.9,1632.0,41585.66,November,Karnali
2016,Surkhet,1042.0,1358.0,Barley,20.60877049,26.25543716,16.1407377,56.63019126,1365.25,5968.3,2634.91,1.537349727,5.9,1632.0,1415.036,November,Karnali
2016,Syangja,16900.0,3817.0,Rice,19.72923497,24.72081967,15.9207377,60.44852459,1943.01,6110.99,2628.71,1.513032787,6.0,1214.0,64507.3,July,Gandaki
2016,Syangja,26500.0,3355.0,Maize,19.72923497,24.72081967,15.9207377,60.44852459,1943.01,6110.99,2628.71,1.513032787,6.0,1214.0,88907.5,April,Gandaki
2016,Syangja,16490.0,1135.0,Millet,19.72923497,24.72081967,15.9207377,60.44852459,1943.01,6110.99,2628.71,1.513032787,6.0,1214.0,18716.15,August,Gandaki
2016,Syangja,230.0,957.0,Buckwheat,19.72923497,24.72081967,15.9207377,60.44852459,1943.01,6110.99,2628.71,1.513032787,6.0,1214.0,220.11,September,Gandaki
2016,Syangja,5650.0,1942.0,Wheat,19.72923497,24.72081967,15.9207377,60.44852459,1943.01,6110.99,2628.71,1.513032787,6.0,1214.0,10972.3,November,Gandaki
2016,Syangja,4.0,1500.0,Barley,19.72923497,24.72081967,15.9207377,60.44852459,1943.01,6110.99,2628.71,1.513032787,6.0,1214.0,6.0,November,Gandaki
2016,Tanahu,12415.0,3739.0,Rice,19.72923497,24.72081967,15.9207377,60.44852459,1943.01,6186.66,2856.62,1.513032787,5.6,2105.0,46419.685,July,Gandaki
2016,Tanahu,22002.0,2985.0,Maize,19.72923497,24.72081967,15.9207377,60.44852459,1943.01,6186.66,2856.62,1.513032787,5.6,2105.0,65675.97,April,Gandaki
2016,Tanahu,6342.0,879.0,Millet,19.72923497,24.72081967,15.9207377,60.44852459,1943.01,6186.66,2856.62,1.513032787,5.6,2105.0,5574.618,August,Gandaki
2016,Tanahu,180.0,972.0,Buckwheat,19.72923497,24.72081967,15.9207377,60.44852459,1943.01,6186.66,2856.62,1.513032787,5.6,2105.0,174.96,September,Gandaki
2016,Tanahu,1770.0,2159.0,Wheat,19.72923497,24.72081967,15.9207377,60.44852459,1943.01,6186.66,2856.62,1.513032787,5.6,2105.0,3821.43,November,Gandaki
2016,Tanahu,6.0,933.0,Barley,19.72923497,24.72081967,15.9207377,60.44852459,1943.01,6186.66,2856.62,1.513032787,5.6,2105.0,5.598,November,Gandaki
2016,Taplejung,4080.0,2146.0,Rice,5.850300546,10.70765027,2.172078858,77.11748634,1490.28,5539.9,2437.93,1.557923497,5.4,363.0,8755.68,July,Koshi
2016,Taplejung,9775.0,3207.0,Maize,5.850300546,10.70765027,2.172078858,77.11748634,1490.28,5539.9,2437.93,1.557923497,5.4,363.0,31348.425,April,Koshi
2016,Taplejung,3050.0,1350.0,Millet,5.850300546,10.70765027,2.172078858,77.11748634,1490.28,5539.9,2437.93,1.557923497,5.4,363.0,4117.5,August,Koshi
2016,Taplejung,118.0,1398.0,Buckwheat,5.850300546,10.70765027,2.172078858,77.11748634,1490.28,5539.9,2437.93,1.557923497,5.4,363.0,164.964,September,Koshi
2016,Taplejung,1532.0,1857.0,Wheat,5.850300546,10.70765027,2.172078858,77.11748634,1490.28,5539.9,2437.93,1.557923497,5.4,363.0,2844.924,November,Koshi
2016,Taplejung,310.0,1211.0,Barley,5.850300546,10.70765027,2.172078858,77.11748634,1490.28,5539.9,2437.93,1.557923497,5.4,363.0,375.41,November,Koshi
2016,Terhathum,9666.0,1967.0,Rice,20.73412568,25.59639344,16.99696721,64.75852459,1411.39,5539.9,2437.93,1.529180328,5.6,610.0,19013.022,July,Unknown
2016,Terhathum,12350.0,2200.0,Maize,20.73412568,25.59639344,16.99696721,64.75852459,1411.39,5539.9,2437.93,1.529180328,5.6,610.0,27170.0,April,Unknown
2016,Terhathum,2700.0,1100.0,Millet,20.73412568,25.59639344,16.99696721,64.75852459,1411.39,5539.9,2437.93,1.529180328,5.6,610.0,2970.0,August,Unknown
2016,Terhathum,30.0,967.0,Buckwheat,20.73412568,25.59639344,16.99696721,64.75852459,1411.39,5539.9,2437.93,1.529180328,5.6,610.0,29.01,September,Unknown
2016,Terhathum,1800.0,1917.0,Wheat,20.73412568,25.59639344,16.99696721,64.75852459,1411.39,5539.9,2437.93,1.529180328,5.6,610.0,3450.6,November,Unknown
2016,Terhathum,75.0,1133.0,Barley,20.73412568,25.59639344,16.99696721,64.75852459,1411.39,5539.9,2437.93,1.529180328,5.6,610.0,84.975,November,Unknown
2016,Udayapur,13380.0,3873.0,Rice,19.09038251,23.90822404,15.54087432,67.88685792,1822.85,5746.01,2579.34,1.292704918,5.4,1187.0,51820.74,July,Koshi
2016,Udayapur,17388.0,2020.0,Maize,19.09038251,23.90822404,15.54087432,67.88685792,1822.85,5746.01,2579.34,1.292704918,5.4,1187.0,35123.76,April,Koshi
2016,Udayapur,2765.0,1950.0,Millet,19.09038251,23.90822404,15.54087432,67.88685792,1822.85,5746.01,2579.34,1.292704918,5.4,1187.0,5391.75,August,Koshi
2016,Udayapur,19.0,947.0,Buckwheat,19.09038251,23.90822404,15.54087432,67.88685792,1822.85,5746.01,2579.34,1.292704918,5.4,1187.0,17.993,September,Koshi
2016,Udayapur,5000.0,2448.0,Wheat,19.09038251,23.90822404,15.54087432,67.88685792,1822.85,5746.01,2579.34,1.292704918,5.4,1187.0,12240.0,November,Koshi
2016,Udayapur,35.0,1571.0,Barley,19.09038251,23.90822404,15.54087432,67.88685792,1822.85,5746.01,2579.34,1.292704918,5.4,1187.0,54.985,November,Koshi
2017,Achham,15694.39139,2185.244658,Rice,13.04569863,18.55871233,8.535835616,65.47454795,1078.7,6229.87,2709.26,1.567753425,6.1,74.3,34296.084945558694,July,Sudurpashchim
2017,Achham,7104.725675,2341.584656,Maize,13.04569863,18.55871233,8.535835616,65.47454795,1078.7,6229.87,2709.26,1.567753425,6.1,74.3,16636.316625669242,April,Sudurpashchim
2017,Achham,3407.113971,1126.16435,Millet,13.04569863,18.55871233,8.535835616,65.47454795,1078.7,6229.87,2709.26,1.567753425,6.1,74.3,3836.9702905271342,August,Sudurpashchim
2017,Achham,0.0,0.0,Buckwheat,13.04569863,18.55871233,8.535835616,65.47454795,1078.7,6229.87,2709.26,1.567753425,6.1,74.3,0.0,September,Sudurpashchim
2017,Achham,14898.0,1643.646798,Wheat,13.04569863,18.55871233,8.535835616,65.47454795,1078.7,6229.87,2709.26,1.567753425,6.1,74.3,24487.049996604,November,Sudurpashchim
2017,Achham,454.5,1218.921892,Barley,13.04569863,18.55871233,8.535835616,65.47454795,1078.7,6229.87,2709.26,1.567753425,6.1,74.3,553.999999914,November,Sudurpashchim
2017,Arghakhanchi,7620.015118,2813.736792,Rice,20.47632877,25.7,16.41717808,58.44772603,1579.1,6443.56,2989.32,1.670547945,5.9,985.3,21440.71689311282,July,Lumbini
2017,Arghakhanchi,17535.97212,3309.697673,Maize,20.47632877,25.7,16.41717808,58.44772603,1579.1,6443.56,2989.32,1.670547945,5.9,985.3,58038.76611935687,April,Lumbini
2017,Arghakhanchi,500.7516125,1253.180761,Millet,20.47632877,25.7,16.41717808,58.44772603,1579.1,6443.56,2989.32,1.670547945,5.9,985.3,627.5322868247272,August,Lumbini
2017,Arghakhanchi,259.0495133,889.6307446,Buckwheat,20.47632877,25.7,16.41717808,58.44772603,1579.1,6443.56,2989.32,1.670547945,5.9,985.3,230.4584114053466,September,Lumbini
2017,Arghakhanchi,5340.0,2940.0,Wheat,20.47632877,25.7,16.41717808,58.44772603,1579.1,6443.56,2989.32,1.670547945,5.9,985.3,15699.6,November,Lumbini
2017,Arghakhanchi,228.5757,1733.215736,Barley,20.47632877,25.7,16.41717808,58.44772603,1579.1,6443.56,2989.32,1.670547945,5.9,985.3,396.17100010721526,November,Lumbini
2017,Baglung,5272.48251,3348.952358,Rice,19.73756164,24.62128767,15.82665753,62.77734247,1909.81,6029.65,2617.33,1.471643836,5.7,532.0,17657.29273437826,July,Gandaki
2017,Baglung,21165.38696,3512.350262,Maize,19.73756164,24.62128767,15.82665753,62.77734247,1909.81,6029.65,2617.33,1.471643836,5.7,532.0,74340.25243428738,April,Gandaki
2017,Baglung,18607.92992,1222.767519,Millet,19.73756164,24.62128767,15.82665753,62.77734247,1909.81,6029.65,2617.33,1.471643836,5.7,532.0,22753.172302004266,August,Gandaki
2017,Baglung,81.30751148,1452.930258,Buckwheat,19.73756164,24.62128767,15.82665753,62.77734247,1909.81,6029.65,2617.33,1.471643836,5.7,532.0,118.13414363197437,September,Gandaki
2017,Baglung,7562.0,2368.540069,Wheat,19.73756164,24.62128767,15.82665753,62.77734247,1909.81,6029.65,2617.33,1.471643836,5.7,532.0,17910.900001778,November,Gandaki
2017,Baglung,788.3586,1443.264525,Barley,19.73756164,24.62128767,15.82665753,62.77734247,1909.81,6029.65,2617.33,1.471643836,5.7,532.0,1137.810000358665,November,Gandaki
2017,Baitadi,7572.685831,2411.573569,Rice,11.84972603,17.82830137,6.981671233,62.27868493,763.53,6587.56,2902.51,1.692246575,6.0,142.9,18262.0889963804,July,Sudurpashchim
2017,Baitadi,15410.39974,1756.188492,Maize,11.84972603,17.82830137,6.981671233,62.27868493,763.53,6587.56,2902.51,1.692246575,6.0,142.9,27063.566680507793,April,Sudurpashchim
2017,Baitadi,401.6027932,1238.310818,Millet,11.84972603,17.82830137,6.981671233,62.27868493,763.53,6587.56,2902.51,1.692246575,6.0,142.9,497.3090833585768,August,Sudurpashchim
2017,Baitadi,0.0,0.0,Buckwheat,11.84972603,17.82830137,6.981671233,62.27868493,763.53,6587.56,2902.51,1.692246575,6.0,142.9,0.0,September,Sudurpashchim
2017,Baitadi,18866.0,1076.046857,Wheat,11.84972603,17.82830137,6.981671233,62.27868493,763.53,6587.56,2902.51,1.692246575,6.0,142.9,20300.700004162,November,Sudurpashchim
2017,Baitadi,900.0,688.8888889,Barley,11.84972603,17.82830137,6.981671233,62.27868493,763.53,6587.56,2902.51,1.692246575,6.0,142.9,620.00000001,November,Sudurpashchim
2017,Bajhang,6720.758675,3433.955891,Rice,11.84972603,17.82830137,6.981671233,62.27868493,763.53,6229.87,2709.26,1.692246575,5.6,88.7,23078.788844005605,July,Sudurpashchim
2017,Bajhang,4463.701995,1383.66366,Maize,11.84972603,17.82830137,6.981671233,62.27868493,763.53,6229.87,2709.26,1.692246575,5.6,88.7,6176.2622395510025,April,Sudurpashchim
2017,Bajhang,3004.509675,716.6883437,Millet,11.84972603,17.82830137,6.981671233,62.27868493,763.53,6229.87,2709.26,1.692246575,5.6,88.7,2153.297062606375,August,Sudurpashchim
2017,Bajhang,6.61805326,1170.510559,Buckwheat,11.84972603,17.82830137,6.981671233,62.27868493,763.53,6229.87,2709.26,1.692246575,5.6,88.7,7.746501220854373,September,Sudurpashchim
2017,Bajhang,9852.0,1580.115713,Wheat,11.84972603,17.82830137,6.981671233,62.27868493,763.53,6229.87,2709.26,1.692246575,5.6,88.7,15567.300004476,November,Sudurpashchim
2017,Bajhang,4050.0,716.0493827,Barley,11.84972603,17.82830137,6.981671233,62.27868493,763.53,6229.87,2709.26,1.692246575,5.6,88.7,2899.9999999350002,November,Sudurpashchim
2017,Bajura,3133.198763,2201.592338,Rice,9.708630137,16.06673973,4.639780822,63.54632877,717.71,6229.87,2709.26,1.690219178,6.0,102.0,6898.026390051878,July,Sudurpashchim
2017,Bajura,839.6010895,1577.672976,Maize,9.708630137,16.06673973,4.639780822,63.54632877,717.71,6229.87,2709.26,1.690219178,6.0,102.0,1324.6159495243073,April,Sudurpashchim
2017,Bajura,2603.908385,1023.840491,Millet,9.708630137,16.06673973,4.639780822,63.54632877,717.71,6229.87,2709.26,1.690219178,6.0,102.0,2665.9868394174177,August,Sudurpashchim
2017,Bajura,7.56348944,1536.295109,Buckwheat,9.708630137,16.06673973,4.639780822,63.54632877,717.71,6229.87,2709.26,1.690219178,6.0,102.0,11.619751833645148,September,Sudurpashchim
2017,Bajura,6452.0,890.5959392,Wheat,9.708630137,16.06673973,4.639780822,63.54632877,717.71,6229.87,2709.26,1.690219178,6.0,102.0,5746.1249997183995,November,Sudurpashchim
2017,Bajura,967.5,1000.0,Barley,9.708630137,16.06673973,4.639780822,63.54632877,717.71,6229.87,2709.26,1.690219178,6.0,102.0,967.5,November,Sudurpashchim
2017,Banke,34550.37911,2435.899205,Rice,20.70572603,26.158,16.28071233,57.80917808,1352.77,6099.27,2702.72,1.503506849,6.4,7254.4,84161.24100649763,July,Lumbini
2017,Banke,9033.682608,2166.278853,Maize,20.70572603,26.158,16.28071233,57.80917808,1352.77,6099.27,2702.72,1.503506849,6.4,7254.4,19569.475598424287,April,Lumbini
2017,Banke,0.0,0.0,Millet,20.70572603,26.158,16.28071233,57.80917808,1352.77,6099.27,2702.72,1.503506849,6.4,7254.4,0.0,August,Lumbini
2017,Banke,0.0,0.0,Buckwheat,20.70572603,26.158,16.28071233,57.80917808,1352.77,6099.27,2702.72,1.503506849,6.4,7254.4,0.0,September,Lumbini
2017,Banke,17850.0,3585.882353,Wheat,20.70572603,26.158,16.28071233,57.80917808,1352.77,6099.27,2702.72,1.503506849,6.4,7254.4,64008.00000105,November,Lumbini
2017,Banke,9.10215,1036.309004,Barley,20.70572603,26.158,16.28071233,57.80917808,1352.77,6099.27,2702.72,1.503506849,6.4,7254.4,9.4326400007586,November,Lumbini
2017,Bara,60013.53521,3946.127736,Rice,25.9359726,32.08027397,20.9890411,56.27057534,1202.11,6417.1,2968.95,1.676849315,6.7,13229.3,236821.0758275936,July,Madhesh
2017,Bara,12591.51086,2863.498702,Maize,25.9359726,32.08027397,20.9890411,56.27057534,1202.11,6417.1,2968.95,1.676849315,6.7,13229.3,36055.77500382891,April,Madhesh
2017,Bara,74.11123865,1079.18322,Millet,25.9359726,32.08027397,20.9890411,56.27057534,1202.11,6417.1,2968.95,1.676849315,6.7,13229.3,79.97960516449544,August,Madhesh
2017,Bara,0.0,0.0,Buckwheat,25.9359726,32.08027397,20.9890411,56.27057534,1202.11,6417.1,2968.95,1.676849315,6.7,13229.3,0.0,September,Madhesh
2017,Bara,26000.0,3628.557692,Wheat,25.9359726,32.08027397,20.9890411,56.27057534,1202.11,6417.1,2968.95,1.676849315,6.7,13229.3,94342.499992,November,Madhesh
2017,Bara,40.5,2172.839506,Barley,25.9359726,32.08027397,20.9890411,56.27057534,1202.11,6417.1,2968.95,1.676849315,6.7,13229.3,87.99999999299999,November,Madhesh
2017,Bardiya,47329.28645,4220.643968,Rice,25.5370411,31.53106849,20.56627397,53.27210959,1418.88,6099.27,2702.72,1.612246575,6.8,9294.35,199760.06736493664,July,Unknown
2017,Bardiya,2656.965473,2831.18872,Maize,25.5370411,31.53106849,20.56627397,53.27210959,1418.88,6099.27,2702.72,1.612246575,6.8,9294.35,7522.370676587066,April,Unknown
2017,Bardiya,0.0,0.0,Millet,25.5370411,31.53106849,20.56627397,53.27210959,1418.88,6099.27,2702.72,1.612246575,6.8,9294.35,0.0,August,Unknown
2017,Bardiya,0.0,0.0,Buckwheat,25.5370411,31.53106849,20.56627397,53.27210959,1418.88,6099.27,2702.72,1.612246575,6.8,9294.35,0.0,September,Unknown
2017,Bardiya,18800.0,3702.925532,Wheat,25.5370411,31.53106849,20.56627397,53.27210959,1418.88,6099.27,2702.72,1.612246575,6.8,9294.35,69615.0000016,November,Unknown
2017,Bardiya,9.10215,1036.309004,Barley,25.5370411,31.53106849,20.56627397,53.27210959,1418.88,6099.27,2702.72,1.612246575,6.8,9294.35,9.4326400007586,November,Unknown
2017,Bhaktapur,4119.541092,4907.188387,Rice,19.63868493,24.67484932,15.87386301,61.9730411,1077.2,6322.97,2828.64,1.469123288,5.8,3647.85,20215.364206431703,July,Bagmati
2017,Bhaktapur,2093.688793,4036.451076,Maize,19.63868493,24.67484932,15.87386301,61.9730411,1077.2,6322.97,2828.64,1.469123288,5.8,3647.85,8451.07238131399,April,Bagmati
2017,Bhaktapur,110.1653547,1228.608589,Millet,19.63868493,24.67484932,15.87386301,61.9730411,1077.2,6322.97,2828.64,1.469123288,5.8,3647.85,135.35010099465148,August,Bagmati
2017,Bhaktapur,0.0,0.0,Buckwheat,19.63868493,24.67484932,15.87386301,61.9730411,1077.2,6322.97,2828.64,1.469123288,5.8,3647.85,0.0,September,Bagmati
2017,Bhaktapur,2546.0,4742.7337,Wheat,19.63868493,24.67484932,15.87386301,61.9730411,1077.2,6322.97,2828.64,1.469123288,5.8,3647.85,12075.0000002,November,Bagmati
2017,Bhaktapur,18.0,1944.444444,Barley,19.63868493,24.67484932,15.87386301,61.9730411,1077.2,6322.97,2828.64,1.469123288,5.8,3647.85,34.999999992,November,Bagmati
2017,Bhojpur,17125.62901,2232.684457,Rice,5.717287671,10.61860274,2.022383562,77.68142466,1370.79,5595.41,2471.33,1.576438356,5.4,1254.6,38236.1257069753,July,Koshi
2017,Bhojpur,38642.90584,2451.884323,Maize,5.717287671,10.61860274,2.022383562,77.68142466,1370.79,5595.41,2471.33,1.576438356,5.4,1254.6,94747.93502426114,April,Koshi
2017,Bhojpur,5541.317344,1256.43899,Millet,5.717287671,10.61860274,2.022383562,77.68142466,1370.79,5595.41,2471.33,1.576438356,5.4,1254.6,6962.327166964843,August,Koshi
2017,Bhojpur,33.0902663,790.0946277,Buckwheat,5.717287671,10.61860274,2.022383562,77.68142466,1370.79,5595.41,2471.33,1.576438356,5.4,1254.6,26.14444163279236,September,Koshi
2017,Bhojpur,656.0,1583.003049,Wheat,5.717287671,10.61860274,2.022383562,77.68142466,1370.79,5595.41,2471.33,1.576438356,5.4,1254.6,1038.450000144,November,Koshi
2017,Bhojpur,11.7,1282.051282,Barley,5.717287671,10.61860274,2.022383562,77.68142466,1370.79,5595.41,2471.33,1.576438356,5.4,1254.6,14.999999999399996,November,Koshi
2017,Chitwan,27734.96186,3871.004822,Rice,25.03150685,30.75441096,20.38345205,58.17460274,1632.69,6417.1,2968.95,1.34260274,6.1,10589.1,107362.17109804608,July,Bagmati
2017,Chitwan,5845.324041,3725.248316,Maize,25.03150685,30.75441096,20.38345205,58.17460274,1632.69,6417.1,2968.95,1.34260274,6.1,10589.1,21775.283540209566,April,Bagmati
2017,Chitwan,1492.239805,1023.840491,Millet,25.03150685,30.75441096,20.38345205,58.17460274,1632.69,6417.1,2968.95,1.34260274,6.1,10589.1,1527.8155346409444,August,Bagmati
2017,Chitwan,0.0,0.0,Buckwheat,25.03150685,30.75441096,20.38345205,58.17460274,1632.69,6417.1,2968.95,1.34260274,6.1,10589.1,0.0,September,Bagmati
2017,Chitwan,5271.6,4405.713635,Wheat,25.03150685,30.75441096,20.38345205,58.17460274,1632.69,6417.1,2968.95,1.34260274,6.1,10589.1,23225.159998266,November,Bagmati
2017,Chitwan,18.0,1888.888889,Barley,25.03150685,30.75441096,20.38345205,58.17460274,1632.69,6417.1,2968.95,1.34260274,6.1,10589.1,34.000000002,November,Bagmati
2017,Dadeldhura,5893.442748,3931.555083,Rice,16.60369863,22.50632877,11.82890411,57.59290411,931.06,6587.56,2902.51,1.50139726,5.9,30.9,23170.39479226889,July,Sudurpashchim
2017,Dadeldhura,3990.76214,3725.390042,Maize,16.60369863,22.50632877,11.82890411,57.59290411,931.06,6587.56,2902.51,1.50139726,5.9,30.9,14867.145536346608,April,Sudurpashchim
2017,Dadeldhura,295.4434514,1332.727961,Millet,16.60369863,22.50632877,11.82890411,57.59290411,931.06,6587.56,2902.51,1.50139726,5.9,30.9,393.74574857512465,August,Sudurpashchim
2017,Dadeldhura,0.0,0.0,Buckwheat,16.60369863,22.50632877,11.82890411,57.59290411,931.06,6587.56,2902.51,1.50139726,5.9,30.9,0.0,September,Sudurpashchim
2017,Dadeldhura,9742.0,1935.095463,Wheat,16.60369863,22.50632877,11.82890411,57.59290411,931.06,6587.56,2902.51,1.50139726,5.9,30.9,18851.700000546,November,Sudurpashchim
2017,Dadeldhura,172.9413,1363.780659,Barley,16.60369863,22.50632877,11.82890411,57.59290411,931.06,6587.56,2902.51,1.50139726,5.9,30.9,235.85400008231673,November,Sudurpashchim
2017,Dailekh,7957.946223,3252.115195,Rice,13.04569863,18.55871233,8.535835616,65.47454795,1078.7,6099.27,2702.72,1.567753425,5.9,458.7,25880.157832811157,July,Karnali
2017,Dailekh,21415.14171,2338.309712,Maize,13.04569863,18.55871233,8.535835616,65.47454795,1078.7,6099.27,2702.72,1.567753425,5.9,458.7,50075.23384434929,April,Karnali
2017,Dailekh,2426.642314,1128.210529,Millet,13.04569863,18.55871233,8.535835616,65.47454795,1078.7,6099.27,2702.72,1.567753425,5.9,458.7,2737.763408771724,August,Karnali
2017,Dailekh,25.52677686,986.263527,Buckwheat,13.04569863,18.55871233,8.535835616,65.47454795,1078.7,6099.27,2702.72,1.567753425,5.9,458.7,25.176128978885583,September,Karnali
2017,Dailekh,18789.0,1652.482836,Wheat,13.04569863,18.55871233,8.535835616,65.47454795,1078.7,6099.27,2702.72,1.567753425,5.9,458.7,31048.500005603997,November,Karnali
2017,Dailekh,182.043,1295.386255,Barley,13.04569863,18.55871233,8.535835616,65.47454795,1078.7,6099.27,2702.72,1.567753425,5.9,458.7,235.81600001896498,November,Karnali
2017,Dang,36064.91627,4162.370777,Rice,22.78109589,28.44169863,18.2299726,55.03252055,1289.55,6198.47,2697.07,1.796931507,5.8,13202.325,150115.55355719986,July,Lumbini
2017,Dang,24842.62717,2079.673233,Maize,22.78109589,28.44169863,18.2299726,55.03252055,1289.55,6198.47,2697.07,1.796931507,5.8,13202.325,51664.546762847545,April,Lumbini
2017,Dang,15.02254837,1023.840491,Millet,22.78109589,28.44169863,18.2299726,55.03252055,1289.55,6198.47,2697.07,1.796931507,5.8,13202.325,15.380693299212052,August,Lumbini
2017,Dang,18.9087236,1024.19674,Buckwheat,22.78109589,28.44169863,18.2299726,55.03252055,1289.55,6198.47,2697.07,1.796931507,5.8,13202.325,19.366253068681065,September,Lumbini
2017,Dang,12100.0,2238.842975,Wheat,22.78109589,28.44169863,18.2299726,55.03252055,1289.55,6198.47,2697.07,1.796931507,5.8,13202.325,27089.9999975,November,Lumbini
2017,Dang,22.75542,1243.567467,Barley,22.78109589,28.44169863,18.2299726,55.03252055,1289.55,6198.47,2697.07,1.796931507,5.8,13202.325,28.297900009921143,November,Lumbini
2017,Darchula,4240.704066,2739.685453,Rice,6.618,12.42520548,1.871589041,65.86117808,648.26,6587.56,2902.51,1.828821918,6.0,27.1,11618.195240098152,July,Sudurpashchim
2017,Darchula,5869.768123,2122.161065,Maize,6.618,12.42520548,1.871589041,65.86117808,648.26,6587.56,2902.51,1.828821918,6.0,27.1,12456.59337120873,April,Sudurpashchim
2017,Darchula,1201.80387,883.0624235,Millet,6.618,12.42520548,1.871589041,65.86117808,648.26,6587.56,2902.51,1.828821918,6.0,27.1,1061.267838013879,August,Sudurpashchim
2017,Darchula,94.543618,1024.19674,Buckwheat,6.618,12.42520548,1.871589041,65.86117808,648.26,6587.56,2902.51,1.828821918,6.0,27.1,96.83126534340532,September,Sudurpashchim
2017,Darchula,6323.0,1406.365649,Wheat,6.618,12.42520548,1.871589041,65.86117808,648.26,6587.56,2902.51,1.828821918,6.0,27.1,8892.449998627,November,Sudurpashchim
2017,Darchula,1080.0,819.4444444,Barley,6.618,12.42520548,1.871589041,65.86117808,648.26,6587.56,2902.51,1.828821918,6.0,27.1,884.9999999519999,November,Sudurpashchim
2017,Dhading,13599.59717,4405.950733,Rice,15.34216438,20.35068493,11.40775342,65.78386301,1290.06,6417.1,2968.95,1.518876712,5.5,10217.6,59919.15511966622,July,Bagmati
2017,Dhading,20517.08738,2753.213086,Maize,15.34216438,20.35068493,11.40775342,65.78386301,1290.06,6417.1,2968.95,1.518876712,5.5,10217.6,56487.91346122146,April,Bagmati
2017,Dhading,6940.417349,925.4454308,Millet,15.34216438,20.35068493,11.40775342,65.78386301,1290.06,6417.1,2968.95,1.518876712,5.5,10217.6,6422.9775234771,August,Bagmati
2017,Dhading,0.0,0.0,Buckwheat,15.34216438,20.35068493,11.40775342,65.78386301,1290.06,6417.1,2968.95,1.518876712,5.5,10217.6,0.0,September,Bagmati
2017,Dhading,4748.0,2835.088458,Wheat,15.34216438,20.35068493,11.40775342,65.78386301,1290.06,6417.1,2968.95,1.518876712,5.5,10217.6,13460.999998584,November,Bagmati
2017,Dhading,260.1,1345.636294,Barley,15.34216438,20.35068493,11.40775342,65.78386301,1290.06,6417.1,2968.95,1.518876712,5.5,10217.6,350.0000000694,November,Bagmati
2017,Dhankuta,7525.356545,3376.886908,Rice,20.53624658,25.5609863,16.68506849,66.4559726,1190.95,5804.39,2611.24,1.530493151,5.8,1359.55,25412.27799484261,July,Koshi
2017,Dhankuta,13587.72143,3161.684576,Maize,20.53624658,25.5609863,16.68506849,66.4559726,1190.95,5804.39,2611.24,1.530493151,5.8,1359.55,42960.08926821566,April,Koshi
2017,Dhankuta,7811.725155,1162.715265,Millet,20.53624658,25.5609863,16.68506849,66.4559726,1190.95,5804.39,2611.24,1.530493151,5.8,1359.55,9082.812083702991,August,Koshi
2017,Dhankuta,4.7271809,819.3573916,Buckwheat,20.53624658,25.5609863,16.68506849,66.4559726,1190.95,5804.39,2611.24,1.530493151,5.8,1359.55,3.8732506118453403,September,Koshi
2017,Dhankuta,1400.0,2286.0,Wheat,20.53624658,25.5609863,16.68506849,66.4559726,1190.95,5804.39,2611.24,1.530493151,5.8,1359.55,3200.4,November,Koshi
2017,Dhankuta,0.0,0.0,Barley,20.53624658,25.5609863,16.68506849,66.4559726,1190.95,5804.39,2611.24,1.530493151,5.8,1359.55,0.0,November,Koshi
2017,Dhanusha,62039.22867,3578.692586,Rice,23.17232877,28.57953425,18.99063014,59.95082192,1116.82,6055.43,2722.91,1.624054795,6.6,15003.3,222019.32768248764,July,Madhesh
2017,Dhanusha,3165.69589,2307.788055,Maize,23.17232877,28.57953425,18.99063014,59.95082192,1116.82,6055.43,2722.91,1.624054795,6.6,15003.3,7305.755160704594,April,Madhesh
2017,Dhanusha,200.300645,947.0524541,Millet,23.17232877,28.57953425,18.99063014,59.95082192,1116.82,6055.43,2722.91,1.624054795,6.6,15003.3,189.6952174050629,August,Madhesh
2017,Dhanusha,0.0,0.0,Buckwheat,23.17232877,28.57953425,18.99063014,59.95082192,1116.82,6055.43,2722.91,1.624054795,6.6,15003.3,0.0,September,Madhesh
2017,Dhanusha,35500.0,3223.943662,Wheat,23.17232877,28.57953425,18.99063014,59.95082192,1116.82,6055.43,2722.91,1.624054795,6.6,15003.3,114450.00000100001,November,Madhesh
2017,Dhanusha,0.910215,1036.309004,Barley,23.17232877,28.57953425,18.99063014,59.95082192,1116.82,6055.43,2722.91,1.624054795,6.6,15003.3,0.94326400007586,November,Madhesh
2017,Dolakha,2920.216974,2601.650389,Rice,2.148383562,7.65660274,-2.184575342,71.74282192,711.62,5915.68,2662.21,2.079232877,6.5,427.6,7597.383626371503,July,Bagmati
2017,Dolakha,6164.159897,2745.306148,Maize,2.148383562,7.65660274,-2.184575342,71.74282192,711.62,5915.68,2662.21,2.079232877,6.5,427.6,16922.506062489145,April,Bagmati
2017,Dolakha,3605.41161,1330.992638,Millet,2.148383562,7.65660274,-2.184575342,71.74282192,711.62,5915.68,2662.21,2.079232877,6.5,427.6,4798.776309869727,August,Bagmati
2017,Dolakha,940.7089991,1177.568915,Buckwheat,2.148383562,7.65660274,-2.184575342,71.74282192,711.62,5915.68,2662.21,2.079232877,6.5,427.6,1107.749675400923,September,Bagmati
2017,Dolakha,4250.0,1773.635294,Wheat,2.148383562,7.65660274,-2.184575342,71.74282192,711.62,5915.68,2662.21,2.079232877,6.5,427.6,7537.9499995,November,Bagmati
2017,Dolakha,148.5,1178.451178,Barley,2.148383562,7.65660274,-2.184575342,71.74282192,711.62,5915.68,2662.21,2.079232877,6.5,427.6,174.99999993300003,November,Bagmati
2017,Dolpa,191.2103172,1674.220919,Rice,-0.712410959,5.250191781,-5.551835616,69.98257534,1224.07,6198.47,2697.07,1.91490411,6.6,0.0,320.1283129848655,July,Karnali
2017,Dolpa,2343.443547,1351.564015,Maize,-0.712410959,5.250191781,-5.551835616,69.98257534,1224.07,6198.47,2697.07,1.91490411,6.6,0.0,3167.313969309161,April,Karnali
2017,Dolpa,291.4374385,1055.505661,Millet,-0.712410959,5.250191781,-5.551835616,69.98257534,1224.07,6198.47,2697.07,1.91490411,6.6,0.0,307.6138661640893,August,Karnali
2017,Dolpa,635.3331129,1066.871604,Buckwheat,-0.712410959,5.250191781,-5.551835616,69.98257534,1224.07,6198.47,2697.07,1.91490411,6.6,0.0,677.818857233936,September,Karnali
2017,Dolpa,2745.0,1740.437158,Wheat,-0.712410959,5.250191781,-5.551835616,69.98257534,1224.07,6198.47,2697.07,1.91490411,6.6,0.0,4777.49999871,November,Karnali
2017,Dolpa,351.0,954.4159544,Barley,-0.712410959,5.250191781,-5.551835616,69.98257534,1224.07,6198.47,2697.07,1.91490411,6.6,0.0,334.9999999944,November,Karnali
2017,Doti,10098.17656,2310.119683,Rice,16.60369863,22.50632877,11.82890411,57.59290411,931.06,6587.56,2902.51,1.50139726,5.9,402.0,23327.99643366523,July,Sudurpashchim
2017,Doti,3725.065593,2341.584656,Maize,16.60369863,22.50632877,11.82890411,57.59290411,931.06,6587.56,2902.51,1.50139726,5.9,402.0,8722.556435162342,April,Sudurpashchim
2017,Doti,4376.569093,1126.22454,Millet,16.60369863,22.50632877,11.82890411,57.59290411,931.06,6587.56,2902.51,1.50139726,5.9,402.0,4928.999513542141,August,Sudurpashchim
2017,Doti,11.34523416,853.497283,Buckwheat,16.60369863,22.50632877,11.82890411,57.59290411,931.06,6587.56,2902.51,1.50139726,5.9,402.0,9.683126530558788,September,Sudurpashchim
2017,Doti,11989.0,2162.055009,Wheat,16.60369863,22.50632877,11.82890411,57.59290411,931.06,6587.56,2902.51,1.50139726,5.9,402.0,25920.877502901003,November,Sudurpashchim
2017,Doti,189.0,1000.0,Barley,16.60369863,22.50632877,11.82890411,57.59290411,931.06,6587.56,2902.51,1.50139726,5.9,402.0,189.0,November,Sudurpashchim
2017,Gorkha,11543.61296,3293.460944,Rice,15.34216438,20.35068493,11.40775342,65.78386301,1290.06,6417.1,2968.95,1.518876712,5.5,1528.2,38018.43843641224,July,Gandaki
2017,Gorkha,18109.87666,2553.831366,Maize,15.34216438,20.35068493,11.40775342,65.78386301,1290.06,6417.1,2968.95,1.518876712,5.5,1528.2,46249.57104869932,April,Gandaki
2017,Gorkha,11623.44643,1265.641868,Millet,15.34216438,20.35068493,11.40775342,65.78386301,1290.06,6417.1,2968.95,1.518876712,5.5,1528.2,14711.12045226313,August,Gandaki
2017,Gorkha,372.5018549,1037.19416,Buckwheat,15.34216438,20.35068493,11.40775342,65.78386301,1290.06,6417.1,2968.95,1.518876712,5.5,1528.2,386.35674849144743,September,Gandaki
2017,Gorkha,3910.0,2130.613811,Wheat,15.34216438,20.35068493,11.40775342,65.78386301,1290.06,6417.1,2968.95,1.518876712,5.5,1528.2,8330.70000101,November,Gandaki
2017,Gorkha,99.0,1363.636364,Barley,15.34216438,20.35068493,11.40775342,65.78386301,1290.06,6417.1,2968.95,1.518876712,5.5,1528.2,135.000000036,November,Gandaki
2017,Gulmi,9458.284603,2640.535204,Rice,20.47632877,25.7,16.41717808,58.44772603,1579.1,6443.56,2989.32,1.670547945,6.1,621.35,24974.933463672663,July,Lumbini
2017,Gulmi,25443.10137,2325.934967,Maize,20.47632877,25.7,16.41717808,58.44772603,1579.1,6443.56,2989.32,1.670547945,6.1,621.35,59178.999145408605,April,Lumbini
2017,Gulmi,2904.359352,1022.075249,Millet,20.47632877,25.7,16.41717808,58.44772603,1579.1,6443.56,2989.32,1.670547945,6.1,621.35,2968.4738078808787,August,Lumbini
2017,Gulmi,217.4503214,1180.052765,Buckwheat,20.47632877,25.7,16.41717808,58.44772603,1579.1,6443.56,2989.32,1.670547945,6.1,621.35,256.6028530182087,September,Lumbini
2017,Gulmi,6820.0,2842.851906,Wheat,20.47632877,25.7,16.41717808,58.44772603,1579.1,6443.56,2989.32,1.670547945,6.1,621.35,19388.249998919997,November,Lumbini
2017,Gulmi,246.78,1735.205446,Barley,20.47632877,25.7,16.41717808,58.44772603,1579.1,6443.56,2989.32,1.670547945,6.1,621.35,428.21399996388,November,Lumbini
2017,Humla,555.6458229,1595.457282,Rice,0.223808219,6.288493151,-4.649178082,72.86857534,543.68,6954.27,2914.76,2.08230137,6.5,0.0,886.5091743586873,July,Karnali
2017,Humla,137.0994184,1773.92777,Maize,0.223808219,6.288493151,-4.649178082,72.86857534,543.68,6954.27,2914.76,2.08230137,6.5,0.0,243.20446555060897,April,Karnali
2017,Humla,1283.927134,1154.815406,Millet,0.223808219,6.288493151,-4.649178082,72.86857534,543.68,6954.27,2914.76,2.08230137,6.5,0.0,1482.6988345246264,August,Karnali
2017,Humla,633.4422406,1222.92148,Buckwheat,0.223808219,6.288493151,-4.649178082,72.86857534,543.68,6954.27,2914.76,2.08230137,6.5,0.0,774.6501223690681,September,Karnali
2017,Humla,898.0,1256.959911,Wheat,0.223808219,6.288493151,-4.649178082,72.86857534,543.68,6954.27,2914.76,2.08230137,6.5,0.0,1128.7500000779999,November,Karnali
2017,Humla,616.5,1294.403893,Barley,0.223808219,6.288493151,-4.649178082,72.86857534,543.68,6954.27,2914.76,2.08230137,6.5,0.0,798.0000000344999,November,Karnali
2017,Illam,14023.66757,2465.393423,Rice,18.84065753,23.70054795,15.30180822,69.97479452,1653.24,5595.41,2471.33,1.263287671,5.5,1018.4,34573.85779341639,July,Unknown
2017,Illam,33366.17241,3427.197939,Maize,18.84065753,23.70054795,15.30180822,69.97479452,1653.24,5595.41,2471.33,1.263287671,5.5,1018.4,114352.47731587065,April,Unknown
2017,Illam,1719.581037,1154.429348,Millet,18.84065753,23.70054795,15.30180822,69.97479452,1653.24,5595.41,2471.33,1.263287671,5.5,1018.4,1985.1348153770737,August,Unknown
2017,Illam,23.6359045,1024.19674,Buckwheat,18.84065753,23.70054795,15.30180822,69.97479452,1653.24,5595.41,2471.33,1.263287671,5.5,1018.4,24.20781633585133,September,Unknown
2017,Illam,4620.0,3469.090909,Wheat,18.84065753,23.70054795,15.30180822,69.97479452,1653.24,5595.41,2471.33,1.263287671,5.5,1018.4,16027.19999958,November,Unknown
2017,Illam,43.2,1273.148148,Barley,18.84065753,23.70054795,15.30180822,69.97479452,1653.24,5595.41,2471.33,1.263287671,5.5,1018.4,54.9999999936,November,Unknown
2017,Jajarkot,2426.099223,3642.277432,Rice,22.78109589,28.44169863,18.2299726,55.03252055,1289.55,6198.47,2697.07,1.796931507,6.2,177.2,8836.526447725635,July,Karnali
2017,Jajarkot,14979.97134,2396.331629,Maize,22.78109589,28.44169863,18.2299726,55.03252055,1289.55,6198.47,2697.07,1.796931507,6.2,177.2,35896.97912355551,April,Karnali
2017,Jajarkot,1852.780966,1023.840491,Millet,22.78109589,28.44169863,18.2299726,55.03252055,1289.55,6198.47,2697.07,1.796931507,6.2,177.2,1896.9521739448944,August,Karnali
2017,Jajarkot,26.47221304,1060.775195,Buckwheat,22.78109589,28.44169863,18.2299726,55.03252055,1289.55,6198.47,2697.07,1.796931507,6.2,177.2,28.08106694958754,September,Karnali
2017,Jajarkot,14853.0,1287.174308,Wheat,22.78109589,28.44169863,18.2299726,55.03252055,1289.55,6198.47,2697.07,1.796931507,6.2,177.2,19118.399996724,November,Karnali
2017,Jajarkot,630.0,1111.111111,Barley,22.78109589,28.44169863,18.2299726,55.03252055,1289.55,6198.47,2697.07,1.796931507,6.2,177.2,699.99999993,November,Karnali
2017,Jhapa,82826.25128,4019.660921,Rice,24.71334247,29.87383562,20.69972603,67.49945205,1787.84,5804.39,2611.24,1.593232877,5.7,18454.95,332933.44550314225,July,Koshi
2017,Jhapa,39960.76071,3725.248316,Maize,24.71334247,29.87383562,20.69972603,67.49945205,1787.84,5804.39,2611.24,1.593232877,5.7,18454.95,148863.75654100647,April,Koshi
2017,Jhapa,1213.821909,1280.645367,Millet,24.71334247,29.87383562,20.69972603,67.49945205,1787.84,5804.39,2611.24,1.593232877,5.7,18454.95,1554.4754041239457,August,Koshi
2017,Jhapa,1039.979798,1183.412778,Buckwheat,24.71334247,29.87383562,20.69972603,67.49945205,1787.84,5804.39,2611.24,1.593232877,5.7,18454.95,1230.7253818150589,September,Koshi
2017,Jhapa,7250.0,4037.793103,Wheat,24.71334247,29.87383562,20.69972603,67.49945205,1787.84,5804.39,2611.24,1.593232877,5.7,18454.95,29273.99999675,November,Koshi
2017,Jhapa,4.5,1777.777778,Barley,24.71334247,29.87383562,20.69972603,67.49945205,1787.84,5804.39,2611.24,1.593232877,5.7,18454.95,8.000000001,November,Koshi
2017,Jumla,2745.098614,2185.244658,Rice,9.708630137,16.06673973,4.639780822,63.54632877,717.71,6460.21,2735.33,1.690219178,6.5,1.8,5998.712081926705,July,Karnali
2017,Jumla,4782.537851,1491.754992,Maize,9.708630137,16.06673973,4.639780822,63.54632877,717.71,6460.21,2735.33,1.690219178,6.5,1.8,7134.3747136582015,April,Karnali
2017,Jumla,3755.637094,1023.840491,Millet,9.708630137,16.06673973,4.639780822,63.54632877,717.71,6460.21,2735.33,1.690219178,6.5,1.8,3845.1733263387737,August,Karnali
2017,Jumla,80.3620753,1048.295486,Buckwheat,9.708630137,16.06673973,4.639780822,63.54632877,717.71,6460.21,2735.33,1.690219178,6.5,1.8,84.2432007825821,September,Karnali
2017,Jumla,2472.0,1868.932039,Wheat,9.708630137,16.06673973,4.639780822,63.54632877,717.71,6460.21,2735.33,1.690219178,6.5,1.8,4620.000000408,November,Karnali
2017,Jumla,3375.0,1666.666667,Barley,9.708630137,16.06673973,4.639780822,63.54632877,717.71,6460.21,2735.33,1.690219178,6.5,1.8,5625.0000011249995,November,Karnali
2017,Kailali,67870.19676,4110.47176,Rice,26.02265753,32.58071233,20.59534247,50.77271233,1132.3,6188.74,2763.97,1.574410959,6.6,18486.05,278978.52712762356,July,Sudurpashchim
2017,Kailali,6509.565409,2713.979158,Maize,26.02265753,32.58071233,20.59534247,50.77271233,1132.3,6188.74,2763.97,1.574410959,6.6,18486.05,17666.824847663745,April,Sudurpashchim
2017,Kailali,350.5261287,1023.840491,Millet,26.02265753,32.58071233,20.59534247,50.77271233,1132.3,6188.74,2763.97,1.574410959,6.6,18486.05,358.88284371653725,August,Sudurpashchim
2017,Kailali,23.6359045,1147.100348,Buckwheat,26.02265753,32.58071233,20.59534247,50.77271233,1132.3,6188.74,2763.97,1.574410959,6.6,18486.05,27.112754277244765,September,Sudurpashchim
2017,Kailali,34859.0,3068.250667,Wheat,26.02265753,32.58071233,20.59534247,50.77271233,1132.3,6188.74,2763.97,1.574410959,6.6,18486.05,106956.15000095298,November,Sudurpashchim
2017,Kailali,180.0,1944.444444,Barley,26.02265753,32.58071233,20.59534247,50.77271233,1132.3,6188.74,2763.97,1.574410959,6.6,18486.05,349.99999992,November,Sudurpashchim
2017,Kalikot,2378.769937,2302.30616,Rice,13.04569863,18.55871233,8.535835616,65.47454795,1078.7,6229.87,2709.26,1.567753425,6.2,31.0,5476.656679177912,July,Karnali
2017,Kalikot,3116.089107,2082.247549,Maize,13.04569863,18.55871233,8.535835616,65.47454795,1078.7,6229.87,2709.26,1.567753425,6.2,31.0,6488.468905516349,April,Karnali
2017,Kalikot,1236.856483,1032.130697,Millet,13.04569863,18.55871233,8.535835616,65.47454795,1078.7,6229.87,2709.26,1.567753425,6.2,31.0,1276.5975438877588,August,Karnali
2017,Kalikot,105.8888522,1143.076718,Buckwheat,13.04569863,18.55871233,8.535835616,65.47454795,1078.7,6229.87,2709.26,1.567753425,6.2,31.0,121.03908164556309,September,Karnali
2017,Kalikot,5148.0,1194.454545,Wheat,13.04569863,18.55871233,8.535835616,65.47454795,1078.7,6229.87,2709.26,1.567753425,6.2,31.0,6149.05199766,November,Karnali
2017,Kalikot,814.5,1473.296501,Barley,13.04569863,18.55871233,8.535835616,65.47454795,1078.7,6229.87,2709.26,1.567753425,6.2,31.0,1200.0000000645002,November,Karnali
2017,Kanchanpur,45905.62151,3590.040503,Rice,22.38060274,28.8019726,17.28326027,54.20750822,1122.23,6200.82,2765.35,1.029068493,6.2,9055.925,164803.04053628803,July,Sudurpashchim
2017,Kanchanpur,3135.219258,2236.952984,Maize,22.38060274,28.8019726,17.28326027,54.20750822,1122.23,6200.82,2765.35,1.029068493,6.2,9055.925,7013.3380746773655,April,Sudurpashchim
2017,Kanchanpur,0.0,0.0,Millet,22.38060274,28.8019726,17.28326027,54.20750822,1122.23,6200.82,2765.35,1.029068493,6.2,9055.925,0.0,August,Sudurpashchim
2017,Kanchanpur,0.0,0.0,Buckwheat,22.38060274,28.8019726,17.28326027,54.20750822,1122.23,6200.82,2765.35,1.029068493,6.2,9055.925,0.0,September,Sudurpashchim
2017,Kanchanpur,32535.0,2520.77455,Wheat,22.38060274,28.8019726,17.28326027,54.20750822,1122.23,6200.82,2765.35,1.029068493,6.2,9055.925,82013.39998425,November,Sudurpashchim
2017,Kanchanpur,9.10215,1318.369836,Barley,22.38060274,28.8019726,17.28326027,54.20750822,1122.23,6200.82,2765.35,1.029068493,6.2,9055.925,12.0000000027474,November,Sudurpashchim
2017,Kapilbastu,68154.17248,3043.473482,Rice,26.01331507,32.19523288,20.97608219,53.9580274,1458.74,6443.56,2989.32,1.718767123,6.9,17194.5,207425.41663053414,July,Lumbini
2017,Kapilbastu,2550.686854,3459.159151,Maize,26.01331507,32.19523288,20.97608219,53.9580274,1458.74,6443.56,2989.32,1.718767123,6.9,17194.5,8823.231772349502,April,Lumbini
2017,Kapilbastu,0.0,0.0,Millet,26.01331507,32.19523288,20.97608219,53.9580274,1458.74,6443.56,2989.32,1.718767123,6.9,17194.5,0.0,August,Lumbini
2017,Kapilbastu,0.0,0.0,Buckwheat,26.01331507,32.19523288,20.97608219,53.9580274,1458.74,6443.56,2989.32,1.718767123,6.9,17194.5,0.0,September,Lumbini
2017,Kapilbastu,24565.0,3994.445349,Wheat,26.01331507,32.19523288,20.97608219,53.9580274,1458.74,6443.56,2989.32,1.718767123,6.9,17194.5,98123.54999818502,November,Lumbini
2017,Kapilbastu,182.043,1813.53856,Barley,26.01331507,32.19523288,20.97608219,53.9580274,1458.74,6443.56,2989.32,1.718767123,6.9,17194.5,330.14200007808,November,Lumbini
2017,Kaski,23286.00893,3541.060797,Rice,5.205178082,10.00764384,1.264876712,75.55824658,1673.67,6020.28,2661.05,1.597753425,6.7,1750.85,82457.17334061491,July,Gandaki
2017,Kaski,14637.75418,2448.02805,Maize,5.205178082,10.00764384,1.264876712,75.55824658,1673.67,6020.28,2661.05,1.597753425,6.7,1750.85,35833.632821644744,April,Gandaki
2017,Kaski,14789.19812,1228.580856,Millet,5.205178082,10.00764384,1.264876712,75.55824658,1673.67,6020.28,2661.05,1.597753425,6.7,1750.85,18169.725685823192,August,Gandaki
2017,Kaski,13.23610652,1170.510559,Buckwheat,5.205178082,10.00764384,1.264876712,75.55824658,1673.67,6020.28,2661.05,1.597753425,6.7,1750.85,15.493002441708747,September,Gandaki
2017,Kaski,6500.0,2243.769231,Wheat,5.205178082,10.00764384,1.264876712,75.55824658,1673.67,6020.28,2661.05,1.597753425,6.7,1750.85,14584.5000015,November,Gandaki
2017,Kaski,108.0,1527.777778,Barley,5.205178082,10.00764384,1.264876712,75.55824658,1673.67,6020.28,2661.05,1.597753425,6.7,1750.85,165.00000002399997,November,Gandaki
2017,Kathmandu,6749.156247,4228.776061,Rice,19.63868493,24.67484932,15.87386301,61.9730411,1077.2,6322.97,2828.64,1.469123288,6.5,2803.75,28540.6703692622,July,Bagmati
2017,Kathmandu,10500.32755,3762.953259,Maize,19.63868493,24.67484932,15.87386301,61.9730411,1077.2,6322.97,2828.64,1.469123288,6.5,2803.75,39512.24177483998,April,Bagmati
2017,Kathmandu,655.9846124,1023.840491,Millet,19.63868493,24.67484932,15.87386301,61.9730411,1077.2,6322.97,2828.64,1.469123288,6.5,2803.75,671.6236076480607,August,Bagmati
2017,Kathmandu,4.7271809,1024.19674,Buckwheat,19.63868493,24.67484932,15.87386301,61.9730411,1077.2,6322.97,2828.64,1.469123288,6.5,2803.75,4.841563267170266,September,Bagmati
2017,Kathmandu,3245.0,4361.787365,Wheat,19.63868493,24.67484932,15.87386301,61.9730411,1077.2,6322.97,2828.64,1.469123288,6.5,2803.75,14153.999999425,November,Bagmati
2017,Kathmandu,2.7,1397.42963,Barley,19.63868493,24.67484932,15.87386301,61.9730411,1077.2,6322.97,2828.64,1.469123288,6.5,2803.75,3.773060001,November,Bagmati
2017,Kavre,10800.54317,3421.826283,Rice,19.63868493,24.67484932,15.87386301,61.9730411,1077.2,6322.97,2828.64,1.469123288,5.7,10778.85,36957.58248978214,July,Unknown
2017,Kavre,25188.03268,2947.414672,Maize,19.63868493,24.67484932,15.87386301,61.9730411,1077.2,6322.97,2828.64,1.469123288,5.7,10778.85,74239.57707984748,April,Unknown
2017,Kavre,3555.336449,1176.69555,Millet,19.63868493,24.67484932,15.87386301,61.9730411,1077.2,6322.97,2828.64,1.469123288,5.7,10778.85,4183.548578291101,August,Unknown
2017,Kavre,634.3876768,992.1428923,Buckwheat,19.63868493,24.67484932,15.87386301,61.9730411,1077.2,6322.97,2828.64,1.469123288,5.7,10778.85,629.4032244998295,September,Unknown
2017,Kavre,8875.0,2860.377465,Wheat,19.63868493,24.67484932,15.87386301,61.9730411,1077.2,6322.97,2828.64,1.469123288,5.7,10778.85,25385.850001875002,November,Unknown
2017,Kavre,364.5,1646.090535,Barley,19.63868493,24.67484932,15.87386301,61.9730411,1077.2,6322.97,2828.64,1.469123288,5.7,10778.85,600.0000000075,November,Unknown
2017,Khotang,12209.06273,2304.503777,Rice,14.05934247,19.05279452,10.20934247,66.83873973,989.57,5915.68,2662.21,1.567808219,5.5,363.9,28135.83117491493,July,Koshi
2017,Khotang,43638.00093,1846.371074,Maize,14.05934247,19.05279452,10.20934247,66.83873973,989.57,5915.68,2662.21,1.567808219,5.5,363.9,80571.9426443371,April,Koshi
2017,Khotang,23482.24612,1146.673404,Millet,14.05934247,19.05279452,10.20934247,66.83873973,989.57,5915.68,2662.21,1.567808219,5.5,363.9,26926.46709198619,August,Koshi
2017,Khotang,614.533517,929.6555021,Buckwheat,14.05934247,19.05279452,10.20934247,66.83873973,989.57,5915.68,2662.21,1.567808219,5.5,363.9,571.304465303914,September,Koshi
2017,Khotang,5533.0,2696.163926,Wheat,14.05934247,19.05279452,10.20934247,66.83873973,989.57,5915.68,2662.21,1.567808219,5.5,363.9,14917.875002558001,November,Koshi
2017,Khotang,358.2,2561.677927,Barley,14.05934247,19.05279452,10.20934247,66.83873973,989.57,5915.68,2662.21,1.567808219,5.5,363.9,917.5930334514,November,Koshi
2017,Lalitpur,4430.021211,4181.048081,Rice,19.63868493,24.67484932,15.87386301,61.9730411,1077.2,6322.97,2828.64,1.469123288,6.9,971.25,18522.131683040847,July,Bagmati
2017,Lalitpur,9128.270579,3405.966102,Maize,19.63868493,24.67484932,15.87386301,61.9730411,1077.2,6322.97,2828.64,1.469123288,6.9,971.25,31090.58016195791,April,Bagmati
2017,Lalitpur,560.841806,1023.840491,Millet,19.63868493,24.67484932,15.87386301,61.9730411,1077.2,6322.97,2828.64,1.469123288,6.9,971.25,574.2125500283668,August,Bagmati
2017,Lalitpur,47.271809,1003.712805,Buckwheat,19.63868493,24.67484932,15.87386301,61.9730411,1077.2,6322.97,2828.64,1.469123288,6.9,971.25,47.44732000881424,September,Bagmati
2017,Lalitpur,2745.0,3748.63388,Wheat,19.63868493,24.67484932,15.87386301,61.9730411,1077.2,6322.97,2828.64,1.469123288,6.9,971.25,10290.0000006,November,Bagmati
2017,Lalitpur,40.5,1358.024691,Barley,19.63868493,24.67484932,15.87386301,61.9730411,1077.2,6322.97,2828.64,1.469123288,6.9,971.25,54.999999985500004,November,Bagmati
2017,Lamjung,14132.52493,3054.867903,Rice,5.205178082,10.00764384,1.264876712,75.55824658,1673.67,6020.28,2661.05,1.597753425,5.4,611.3,43172.99679700432,July,Gandaki
2017,Lamjung,10255.88673,2319.415155,Maize,5.205178082,10.00764384,1.264876712,75.55824658,1673.67,6020.28,2661.05,1.597753425,5.4,611.3,23787.659109525393,April,Gandaki
2017,Lamjung,7926.898026,972.6161278,Millet,5.205178082,10.00764384,1.264876712,75.55824658,1673.67,6020.28,2661.05,1.597753425,5.4,611.3,7709.828863513583,August,Gandaki
2017,Lamjung,14.1815427,955.9169569,Buckwheat,5.205178082,10.00764384,1.264876712,75.55824658,1673.67,6020.28,2661.05,1.597753425,5.4,611.3,13.556377141931408,September,Gandaki
2017,Lamjung,1743.0,728.9156627,Wheat,5.205178082,10.00764384,1.264876712,75.55824658,1673.67,6020.28,2661.05,1.597753425,5.4,611.3,1270.5000000861,November,Gandaki
2017,Lamjung,38.7,1421.18863,Barley,5.205178082,10.00764384,1.264876712,75.55824658,1673.67,6020.28,2661.05,1.597753425,5.4,611.3,54.99999998100001,November,Gandaki
2017,Mahottari,32657.20765,2865.400172,Rice,26.54739726,32.95515068,21.18917808,57.05342466,1029.31,6055.43,2722.91,1.886767123,6.8,10563.3,93575.96841734972,July,Madhesh
2017,Mahottari,9517.281603,2234.001438,Maize,26.54739726,32.95515068,21.18917808,57.05342466,1029.31,6055.43,2722.91,1.886767123,6.8,10563.3,21261.620786952943,April,Madhesh
2017,Mahottari,0.0,0.0,Millet,26.54739726,32.95515068,21.18917808,57.05342466,1029.31,6055.43,2722.91,1.886767123,6.8,10563.3,0.0,August,Madhesh
2017,Mahottari,0.0,0.0,Buckwheat,26.54739726,32.95515068,21.18917808,57.05342466,1029.31,6055.43,2722.91,1.886767123,6.8,10563.3,0.0,September,Madhesh
2017,Mahottari,26000.0,2778.461538,Wheat,26.54739726,32.95515068,21.18917808,57.05342466,1029.31,6055.43,2722.91,1.886767123,6.8,10563.3,72239.99998800001,November,Madhesh
2017,Mahottari,9.10215,1036.309004,Barley,26.54739726,32.95515068,21.18917808,57.05342466,1029.31,6055.43,2722.91,1.886767123,6.8,10563.3,9.4326400007586,November,Madhesh
2017,Makwanpur,10606.49309,3850.146534,Rice,22.65978082,27.98221918,18.55254795,59.2919726,1321.9,6417.1,2968.95,1.42630137,5.9,6519.2,40836.55260835845,July,Bagmati
2017,Makwanpur,26096.71488,2980.415382,Maize,22.65978082,27.98221918,18.55254795,59.2919726,1321.9,6417.1,2968.95,1.42630137,5.9,6519.2,77779.05044802028,April,Bagmati
2017,Makwanpur,2669.006095,1248.970145,Millet,22.65978082,27.98221918,18.55254795,59.2919726,1321.9,6417.1,2968.95,1.42630137,5.9,6519.2,3333.508929478034,August,Bagmati
2017,Makwanpur,174.9056933,1079.558725,Buckwheat,22.65978082,27.98221918,18.55254795,59.2919726,1321.9,6417.1,2968.95,1.42630137,5.9,6519.2,188.82096725418904,September,Bagmati
2017,Makwanpur,4190.0,3252.74463,Wheat,22.65978082,27.98221918,18.55254795,59.2919726,1321.9,6417.1,2968.95,1.42630137,5.9,6519.2,13628.999999700001,November,Bagmati
2017,Makwanpur,247.5,1406.060606,Barley,22.65978082,27.98221918,18.55254795,59.2919726,1321.9,6417.1,2968.95,1.42630137,5.9,6519.2,347.999999985,November,Bagmati
2017,Manang,0.0,0.0,Rice,5.205178082,10.00764384,1.264876712,75.55824658,1673.67,6020.28,2661.05,1.597753425,6.3,9.55,0.0,July,Gandaki
2017,Manang,0.0,0.0,Maize,5.205178082,10.00764384,1.264876712,75.55824658,1673.67,6020.28,2661.05,1.597753425,6.3,9.55,0.0,April,Gandaki
2017,Manang,0.0,0.0,Millet,5.205178082,10.00764384,1.264876712,75.55824658,1673.67,6020.28,2661.05,1.597753425,6.3,9.55,0.0,August,Gandaki
2017,Manang,270.3947475,1847.85146,Buckwheat,5.205178082,10.00764384,1.264876712,75.55824658,1673.67,6020.28,2661.05,1.597753425,6.3,9.55,499.64932894420633,September,Gandaki
2017,Manang,198.0,1378.787879,Wheat,5.205178082,10.00764384,1.264876712,75.55824658,1673.67,6020.28,2661.05,1.597753425,6.3,9.55,273.00000004199995,November,Gandaki
2017,Manang,108.0,1746.787037,Barley,5.205178082,10.00764384,1.264876712,75.55824658,1673.67,6020.28,2661.05,1.597753425,6.3,9.55,188.652999996,November,Gandaki
2017,Morang,83299.54415,3852.557952,Rice,25.0290137,30.60038356,20.65,63.11994521,1253.39,5804.39,2611.24,1.659068493,6.8,22090.3,320916.32121305756,July,Koshi
2017,Morang,1753.597212,3725.248316,Maize,25.0290137,30.60038356,20.65,63.11994521,1253.39,5804.39,2611.24,1.659068493,6.8,22090.3,6532.585060945295,April,Koshi
2017,Morang,1318.979747,1207.307732,Millet,25.0290137,30.60038356,20.65,63.11994521,1253.39,5804.39,2611.24,1.659068493,6.8,22090.3,1592.414446904504,August,Koshi
2017,Morang,51.9989899,1210.414329,Buckwheat,25.0290137,30.60038356,20.65,63.11994521,1253.39,5804.39,2611.24,1.659068493,6.8,22090.3,62.94032246848627,September,Koshi
2017,Morang,11341.0,3549.686976,Wheat,25.0290137,30.60038356,20.65,63.11994521,1253.39,5804.39,2611.24,1.659068493,6.8,22090.3,40256.999994816,November,Koshi
2017,Morang,0.0,0.0,Barley,25.0290137,30.60038356,20.65,63.11994521,1253.39,5804.39,2611.24,1.659068493,6.8,22090.3,0.0,November,Koshi
2017,Mugu,899.2564425,1279.381333,Rice,13.04569863,18.55871233,8.535835616,65.47454795,1078.7,6229.87,2709.26,1.567753425,5.7,0.0,1150.4919061144878,July,Karnali
2017,Mugu,584.5324041,1596.534993,Maize,13.04569863,18.55871233,8.535835616,65.47454795,1078.7,6229.87,2709.26,1.567753425,5.7,0.0,933.2264376880667,April,Karnali
2017,Mugu,4281.426287,773.5683709,Millet,13.04569863,18.55871233,8.535835616,65.47454795,1078.7,6229.87,2709.26,1.567753425,5.7,0.0,3311.9759579630263,August,Karnali
2017,Mugu,458.5365473,950.2856346,Buckwheat,13.04569863,18.55871233,8.535835616,65.47454795,1078.7,6229.87,2709.26,1.567753425,5.7,0.0,435.7406938382734,September,Karnali
2017,Mugu,3245.0,961.0169492,Wheat,13.04569863,18.55871233,8.535835616,65.47454795,1078.7,6229.87,2709.26,1.567753425,5.7,0.0,3118.5000001539997,November,Karnali
2017,Mugu,1026.0,1111.111111,Barley,13.04569863,18.55871233,8.535835616,65.47454795,1078.7,6229.87,2709.26,1.567753425,5.7,0.0,1139.9999998859998,November,Karnali
2017,Mustang,0.0,0.0,Rice,8.254109589,13.33956164,4.142657534,71.44673973,1848.24,6029.65,2617.33,1.527506849,7.3,11.3,0.0,July,Gandaki
2017,Mustang,548.3976736,1567.657099,Maize,8.254109589,13.33956164,4.142657534,71.44673973,1848.24,6029.65,2617.33,1.527506849,7.3,11.3,859.6995060941249,April,Gandaki
2017,Mustang,0.0,0.0,Millet,8.254109589,13.33956164,4.142657534,71.44673973,1848.24,6029.65,2617.33,1.527506849,7.3,11.3,0.0,August,Gandaki
2017,Mustang,550.2438567,1747.469695,Buckwheat,8.254109589,13.33956164,4.142657534,71.44673973,1848.24,6029.65,2617.33,1.527506849,7.3,11.3,961.5344644431727,September,Gandaki
2017,Mustang,582.0,1482.989691,Wheat,8.254109589,13.33956164,4.142657534,71.44673973,1848.24,6029.65,2617.33,1.527506849,7.3,11.3,863.1000001619999,November,Gandaki
2017,Mustang,252.0,1871.706349,Barley,8.254109589,13.33956164,4.142657534,71.44673973,1848.24,6029.65,2617.33,1.527506849,7.3,11.3,471.669999948,November,Gandaki
2017,Myagdi,3781.609987,3414.290121,Rice,8.254109589,13.33956164,4.142657534,71.44673973,1848.24,6029.65,2617.33,1.527506849,5.8,185.05,12911.513620089037,July,Gandaki
2017,Myagdi,9793.574733,3405.941318,Maize,8.254109589,13.33956164,4.142657534,71.44673973,1848.24,6029.65,2617.33,1.527506849,5.8,185.05,33356.34083404552,April,Gandaki
2017,Myagdi,2744.118836,1298.11017,Millet,8.254109589,13.33956164,4.142657534,71.44673973,1848.24,6029.65,2617.33,1.527506849,5.8,185.05,3562.1685687001623,August,Gandaki
2017,Myagdi,139.9245546,968.8347536,Buckwheat,8.254109589,13.33956164,4.142657534,71.44673973,1848.24,6029.65,2617.33,1.527506849,5.8,185.05,135.56377137848074,September,Gandaki
2017,Myagdi,3141.0,2329.321872,Wheat,8.254109589,13.33956164,4.142657534,71.44673973,1848.24,6029.65,2617.33,1.527506849,5.8,185.05,7316.399999951999,November,Gandaki
2017,Myagdi,276.7059,1346.162117,Barley,8.254109589,13.33956164,4.142657534,71.44673973,1848.24,6029.65,2617.33,1.527506849,5.8,185.05,372.49100013039026,November,Gandaki
2017,Nawalparasi,42350.24551,8483.92386,Rice,25.54235616,31.49208219,20.66386301,56.76841096,1638.72,6443.56,2989.32,1.489643836,5.9,10248.95,359296.2583591469,July,Unknown
2017,Nawalparasi,8932.71792,4923.520168,Maize,25.54235616,31.49208219,20.66386301,56.76841096,1638.72,6443.56,2989.32,1.489643836,5.9,10248.95,43980.416834175005,April,Unknown
2017,Nawalparasi,450.6764512,2024.928971,Millet,25.54235616,31.49208219,20.66386301,56.76841096,1638.72,6443.56,2989.32,1.489643836,5.9,10248.95,912.5878025823476,August,Unknown
2017,Nawalparasi,170.1785124,1934.593841,Buckwheat,25.54235616,31.49208219,20.66386301,56.76841096,1638.72,6443.56,2989.32,1.489643836,5.9,10248.95,329.22630195958214,September,Unknown
2017,Nawalparasi,16203.4875,5448.562859,Wheat,25.54235616,31.49208219,20.66386301,56.76841096,1638.72,6443.56,2989.32,1.489643836,5.9,10248.95,88285.72017877075,November,Unknown
2017,Nawalparasi,9.10215,2487.148641,Barley,25.54235616,31.49208219,20.66386301,56.76841096,1638.72,6443.56,2989.32,1.489643836,5.9,10248.95,22.63840000267815,November,Unknown
2017,Nuwakot,16936.31186,4284.506069,Rice,9.435808219,14.82084932,5.223205479,68.37934247,862.73,6322.97,2828.64,1.743178082,5.7,7253.35,72563.73095064668,July,Bagmati
2017,Nuwakot,17979.15396,3405.979068,Maize,9.435808219,14.82084932,5.223205479,68.37934247,862.73,6322.97,2828.64,1.743178082,5.7,7253.35,61236.62204810931,April,Bagmati
2017,Nuwakot,5132.704028,1226.610852,Millet,9.435808219,14.82084932,5.223205479,68.37934247,862.73,6322.97,2828.64,1.743178082,5.7,7253.35,6295.830460848912,August,Bagmati
2017,Nuwakot,189.087236,1029.317723,Buckwheat,9.435808219,14.82084932,5.223205479,68.37934247,862.73,6322.97,2828.64,1.743178082,5.7,7253.35,194.6308432078836,September,Bagmati
2017,Nuwakot,4425.0,3394.644068,Wheat,9.435808219,14.82084932,5.223205479,68.37934247,862.73,6322.97,2828.64,1.743178082,5.7,7253.35,15021.3000009,November,Bagmati
2017,Nuwakot,153.0,1294.117647,Barley,9.435808219,14.82084932,5.223205479,68.37934247,862.73,6322.97,2828.64,1.743178082,5.7,7253.35,197.999999991,November,Bagmati
2017,Okhaldhunga,4167.816964,2531.88043,Rice,14.05934247,19.05279452,10.20934247,66.83873973,989.57,5915.68,2662.21,1.567808219,5.7,151.5,10552.414206973614,July,Koshi
2017,Okhaldhunga,13178.54875,2554.455988,Maize,14.05934247,19.05279452,10.20934247,66.83873973,989.57,5915.68,2662.21,1.567808219,5.7,151.5,33664.02276758742,April,Koshi
2017,Okhaldhunga,7762.651497,1945.178051,Millet,14.05934247,19.05279452,10.20934247,66.83873973,989.57,5915.68,2662.21,1.567808219,5.7,151.5,15099.739309526693,August,Koshi
2017,Okhaldhunga,99.2707989,926.6541929,Buckwheat,14.05934247,19.05279452,10.20934247,66.83873973,989.57,5915.68,2662.21,1.567808219,5.7,151.5,91.98970203321771,September,Koshi
2017,Okhaldhunga,2365.0,1984.122622,Wheat,14.05934247,19.05279452,10.20934247,66.83873973,989.57,5915.68,2662.21,1.567808219,5.7,151.5,4692.45000103,November,Koshi
2017,Okhaldhunga,85.5,1695.906433,Barley,14.05934247,19.05279452,10.20934247,66.83873973,989.57,5915.68,2662.21,1.567808219,5.7,151.5,145.00000002150003,November,Koshi
2017,Palpa,8254.227556,4044.946096,Rice,19.73756164,24.62128767,15.82665753,62.77734247,1909.81,6443.56,2989.32,1.471643836,5.9,1481.3,33387.905528137824,July,Lumbini
2017,Palpa,21478.90888,2214.188379,Maize,19.73756164,24.62128767,15.82665753,62.77734247,1909.81,6443.56,2989.32,1.471643836,5.9,1481.3,47558.35043569591,April,Lumbini
2017,Palpa,2540.813682,1078.725121,Millet,19.73756164,24.62128767,15.82665753,62.77734247,1909.81,6443.56,2989.32,1.471643836,5.9,1481.3,2740.839546553905,August,Lumbini
2017,Palpa,424.5008448,937.5163919,Buckwheat,19.73756164,24.62128767,15.82665753,62.77734247,1909.81,6443.56,2989.32,1.471643836,5.9,1481.3,397.97650037539785,September,Lumbini
2017,Palpa,5863.7,2469.70343,Wheat,19.73756164,24.62128767,15.82665753,62.77734247,1909.81,6443.56,2989.32,1.471643836,5.9,1481.3,14481.600002490999,November,Lumbini
2017,Palpa,18.9,1846.502646,Barley,19.73756164,24.62128767,15.82665753,62.77734247,1909.81,6443.56,2989.32,1.471643836,5.9,1481.3,34.898900009399995,November,Lumbini
2017,Panchthar,8711.428463,2322.478968,Rice,11.00610959,16.24676712,7.013479452,74.77016438,1025.85,5595.41,2471.33,1.821726027,5.7,453.5,20232.109386554068,July,Koshi
2017,Panchthar,19675.36072,1979.693042,Maize,11.00610959,16.24676712,7.013479452,74.77016438,1025.85,5595.41,2471.33,1.821726027,5.7,453.5,38951.17471622411,April,Koshi
2017,Panchthar,4807.21548,1911.168916,Millet,11.00610959,16.24676712,7.013479452,74.77016438,1025.85,5595.41,2471.33,1.821726027,5.7,453.5,9187.40079789002,August,Koshi
2017,Panchthar,52.94442608,731.5690997,Buckwheat,11.00610959,16.24676712,7.013479452,74.77016438,1025.85,5595.41,2471.33,1.821726027,5.7,453.5,38.7325061214788,September,Koshi
2017,Panchthar,3050.0,2359.84918,Wheat,11.00610959,16.24676712,7.013479452,74.77016438,1025.85,5595.41,2471.33,1.821726027,5.7,453.5,7197.5399990000005,November,Koshi
2017,Panchthar,310.5,1320.450886,Barley,11.00610959,16.24676712,7.013479452,74.77016438,1025.85,5595.41,2471.33,1.821726027,5.7,453.5,410.00000010300005,November,Koshi
2017,Parbat,8367.817844,2942.617214,Rice,8.254109589,13.33956164,4.142657534,71.44673973,1848.24,6029.65,2617.33,1.527506849,5.7,782.765,24623.284831370762,July,Gandaki
2017,Parbat,14804.61162,2299.560524,Maize,8.254109589,13.33956164,4.142657534,71.44673973,1848.24,6029.65,2617.33,1.527506849,5.7,782.765,34044.100454503685,April,Gandaki
2017,Parbat,8567.86009,942.4598324,Millet,8.254109589,13.33956164,4.142657534,71.44673973,1848.24,6029.65,2617.33,1.527506849,5.7,782.765,8074.863984448049,August,Gandaki
2017,Parbat,47.271809,1003.712805,Buckwheat,8.254109589,13.33956164,4.142657534,71.44673973,1848.24,6029.65,2617.33,1.527506849,5.7,782.765,47.44732000881424,September,Gandaki
2017,Parbat,2718.0,2463.134658,Wheat,8.254109589,13.33956164,4.142657534,71.44673973,1848.24,6029.65,2617.33,1.527506849,5.7,782.765,6694.800000444,November,Gandaki
2017,Parbat,80.1,1310.861423,Barley,8.254109589,13.33956164,4.142657534,71.44673973,1848.24,6029.65,2617.33,1.527506849,5.7,782.765,104.9999999823,November,Gandaki
2017,Parsa,44016.2364,4045.443963,Rice,26.14520548,32.39583562,20.89635616,57.28852055,1310.0,6417.1,2968.95,1.704164384,6.9,19683.75,178065.21781836086,July,Madhesh
2017,Parsa,4840.60441,3069.22597,Maize,26.14520548,32.39583562,20.89635616,57.28852055,1310.0,6417.1,2968.95,1.704164384,6.9,19683.75,14856.908765668528,April,Madhesh
2017,Parsa,0.0,0.0,Millet,26.14520548,32.39583562,20.89635616,57.28852055,1310.0,6417.1,2968.95,1.704164384,6.9,19683.75,0.0,August,Madhesh
2017,Parsa,0.0,0.0,Buckwheat,26.14520548,32.39583562,20.89635616,57.28852055,1310.0,6417.1,2968.95,1.704164384,6.9,19683.75,0.0,September,Madhesh
2017,Parsa,21663.0,3608.800028,Wheat,26.14520548,32.39583562,20.89635616,57.28852055,1310.0,6417.1,2968.95,1.704164384,6.9,19683.75,78177.435006564,November,Madhesh
2017,Parsa,31.85757,1332.6911,Barley,26.14520548,32.39583562,20.89635616,57.28852055,1310.0,6417.1,2968.95,1.704164384,6.9,19683.75,42.456300006626996,November,Madhesh
2017,Pyuthan,5981.475221,3850.143565,Rice,22.78109589,28.44169863,18.2299726,55.03252055,1289.55,6198.47,2697.07,1.796931507,6.5,553.55,23029.5383313401,July,Lumbini
2017,Pyuthan,12602.51863,2128.713324,Maize,22.78109589,28.44169863,18.2299726,55.03252055,1289.55,6198.47,2697.07,1.796931507,6.5,553.55,26827.149323639223,April,Lumbini
2017,Pyuthan,1992.991418,1144.746278,Millet,22.78109589,28.44169863,18.2299726,55.03252055,1289.55,6198.47,2697.07,1.796931507,6.5,553.55,2281.4695078414425,August,Lumbini
2017,Pyuthan,12.29067034,1024.19674,Buckwheat,22.78109589,28.44169863,18.2299726,55.03252055,1289.55,6198.47,2697.07,1.796931507,6.5,553.55,12.588064494642692,September,Lumbini
2017,Pyuthan,8577.0,2965.022735,Wheat,22.78109589,28.44169863,18.2299726,55.03252055,1289.55,6198.47,2697.07,1.796931507,6.5,553.55,25430.999998094998,November,Lumbini
2017,Pyuthan,464.2101,1625.966346,Barley,22.78109589,28.44169863,18.2299726,55.03252055,1289.55,6198.47,2697.07,1.796931507,6.5,553.55,754.7900000732947,November,Lumbini
2017,Ramechap,8809.873379,3019.921421,Rice,14.05934247,19.05279452,10.20934247,66.83873973,989.57,5915.68,2662.21,1.567808219,5.4,597.1,26605.125333539756,July,Unknown
2017,Ramechap,22366.33535,2753.41912,Maize,14.05934247,19.05279452,10.20934247,66.83873973,989.57,5915.68,2662.21,1.567808219,5.4,597.1,61583.89539702189,April,Unknown
2017,Ramechap,4998.502596,1136.871168,Millet,14.05934247,19.05279452,10.20934247,66.83873973,989.57,5915.68,2662.21,1.567808219,5.4,597.1,5682.653484565552,August,Unknown
2017,Ramechap,17.96328742,1024.19674,Buckwheat,14.05934247,19.05279452,10.20934247,66.83873973,989.57,5915.68,2662.21,1.567808219,5.4,597.1,18.397940415247014,September,Unknown
2017,Ramechap,3678.66,2337.38644,Wheat,14.05934247,19.05279452,10.20934247,66.83873973,989.57,5915.68,2662.21,1.567808219,5.4,597.1,8598.4500013704,November,Unknown
2017,Ramechap,67.5,1259.259259,Barley,14.05934247,19.05279452,10.20934247,66.83873973,989.57,5915.68,2662.21,1.567808219,5.4,597.1,84.9999999825,November,Unknown
2017,Rasuwa,1206.896804,3090.764339,Rice,9.435808219,14.82084932,5.223205479,68.37934247,862.73,6482.83,2827.47,1.743178082,6.1,230.6,3730.233602656272,July,Bagmati
2017,Rasuwa,2571.942578,2380.288535,Maize,9.435808219,14.82084932,5.223205479,68.37934247,862.73,6482.83,2827.47,1.743178082,6.1,230.6,6121.965431091743,April,Bagmati
2017,Rasuwa,896.3453864,1044.431696,Millet,9.435808219,14.82084932,5.223205479,68.37934247,862.73,6482.83,2827.47,1.743178082,6.1,230.6,936.1715321195275,August,Bagmati
2017,Rasuwa,0.0,0.0,Buckwheat,9.435808219,14.82084932,5.223205479,68.37934247,862.73,6482.83,2827.47,1.743178082,6.1,230.6,0.0,September,Bagmati
2017,Rasuwa,750.0,1768.018,Wheat,9.435808219,14.82084932,5.223205479,68.37934247,862.73,6482.83,2827.47,1.743178082,6.1,230.6,1326.0135,November,Bagmati
2017,Rasuwa,259.4115,1294.34894,Barley,9.435808219,14.82084932,5.223205479,68.37934247,862.73,6482.83,2827.47,1.743178082,6.1,230.6,335.76900004881,November,Bagmati
2017,Rautahat,36476.68106,2705.541005,Rice,25.19443836,31.04279452,20.606,57.2790411,1144.69,6055.43,2722.91,1.636,6.8,13961.45,98689.15633413687,July,Madhesh
2017,Rautahat,3510.180621,2605.366456,Maize,25.19443836,31.04279452,20.606,57.2790411,1144.69,6055.43,2722.91,1.636,6.8,13961.45,9145.30684445465,April,Madhesh
2017,Rautahat,61.09169672,872.7820579,Millet,25.19443836,31.04279452,20.606,57.2790411,1144.69,6055.43,2722.91,1.636,6.8,13961.45,53.31973678388428,August,Madhesh
2017,Rautahat,0.0,0.0,Buckwheat,25.19443836,31.04279452,20.606,57.2790411,1144.69,6055.43,2722.91,1.636,6.8,13961.45,0.0,September,Madhesh
2017,Rautahat,14500.0,3459.916552,Wheat,25.19443836,31.04279452,20.606,57.2790411,1144.69,6055.43,2722.91,1.636,6.8,13961.45,50168.790004,November,Madhesh
2017,Rautahat,3.64086,1295.386255,Barley,25.19443836,31.04279452,20.606,57.2790411,1144.69,6055.43,2722.91,1.636,6.8,13961.45,4.7163200003793,November,Madhesh
2017,Rolpa,4628.804214,2698.7314,Rice,15.51863014,21.24561644,10.97254795,61.61227397,1217.32,6198.47,2697.07,1.689917808,6.1,532.75,12491.89927677412,July,Lumbini
2017,Rolpa,13433.61743,2577.275661,Maize,15.51863014,21.24561644,10.97254795,61.61227397,1217.32,6198.47,2697.07,1.689917808,6.1,532.75,34622.135241524375,April,Lumbini
2017,Rolpa,1016.525773,1121.685346,Millet,15.51863014,21.24561644,10.97254795,61.61227397,1217.32,6198.47,2697.07,1.689917808,6.1,532.75,1140.2220634054224,August,Lumbini
2017,Rolpa,115.343214,940.2461871,Buckwheat,15.51863014,21.24561644,10.97254795,61.61227397,1217.32,6198.47,2697.07,1.689917808,6.1,532.75,108.45101717135934,September,Lumbini
2017,Rolpa,8582.0,2587.683524,Wheat,15.51863014,21.24561644,10.97254795,61.61227397,1217.32,6198.47,2697.07,1.689917808,6.1,532.75,22207.500002968,November,Lumbini
2017,Rolpa,550.6803,1147.193753,Barley,15.51863014,21.24561644,10.97254795,61.61227397,1217.32,6198.47,2697.07,1.689917808,6.1,532.75,631.7370000601659,November,Lumbini
2017,Rukum,3561.055512,6083.124543,Rice,15.51863014,21.24561644,10.97254795,61.61227397,1217.32,6188.34,2691.08,1.689917808,6.8,426.0,21662.34418403263,July,Unknown
2017,Rukum,17303.22195,4646.664382,Maize,15.51863014,21.24561644,10.97254795,61.61227397,1217.32,6188.34,2691.08,1.689917808,6.8,426.0,80402.26512890558,April,Unknown
2017,Rukum,919.3799605,2623.173023,Millet,15.51863014,21.24561644,10.97254795,61.61227397,1217.32,6188.34,2691.08,1.689917808,6.8,426.0,2411.6927102704058,August,Unknown
2017,Rukum,0.0,0.0,Buckwheat,15.51863014,21.24561644,10.97254795,61.61227397,1217.32,6188.34,2691.08,1.689917808,6.8,426.0,0.0,September,Unknown
2017,Rukum,11146.38,4707.016095,Wheat,15.51863014,21.24561644,10.97254795,61.61227397,1217.32,6188.34,2691.08,1.689917808,6.8,426.0,52466.1900609861,November,Unknown
2017,Rukum,819.1944,2532.732157,Barley,15.51863014,21.24561644,10.97254795,61.61227397,1217.32,6188.34,2691.08,1.689917808,6.8,426.0,2074.7999997143206,November,Unknown
2017,Rupandehi,65882.36673,4069.435084,Rice,25.54235616,31.49208219,20.66386301,56.76841096,1638.72,6443.56,2989.32,1.489643836,6.6,28090.855,268104.0145880163,July,Lumbini
2017,Rupandehi,2678.221197,3801.273792,Maize,25.54235616,31.49208219,20.66386301,56.76841096,1638.72,6443.56,2989.32,1.489643836,6.6,28090.855,10180.65204533497,April,Lumbini
2017,Rupandehi,45.06764512,1001.08848,Millet,25.54235616,31.49208219,20.66386301,56.76841096,1638.72,6443.56,2989.32,1.489643836,6.6,28090.855,45.11670035036022,August,Lumbini
2017,Rupandehi,0.0,0.0,Buckwheat,25.54235616,31.49208219,20.66386301,56.76841096,1638.72,6443.56,2989.32,1.489643836,6.6,28090.855,0.0,September,Lumbini
2017,Rupandehi,25934.0,3602.568057,Wheat,25.54235616,31.49208219,20.66386301,56.76841096,1638.72,6443.56,2989.32,1.489643836,6.6,28090.855,93428.999990238,November,Lumbini
2017,Rupandehi,76.5,2589.346405,Barley,25.54235616,31.49208219,20.66386301,56.76841096,1638.72,6443.56,2989.32,1.489643836,6.6,28090.855,198.0849999825,November,Lumbini
2017,Salyan,6674.375975,4073.527095,Rice,22.78109589,28.44169863,18.2299726,55.03252055,1289.55,6198.47,2697.07,1.796931507,5.9,1170.25,27188.251376379543,July,Karnali
2017,Salyan,21096.30586,2230.484051,Maize,22.78109589,28.44169863,18.2299726,55.03252055,1289.55,6198.47,2697.07,1.796931507,5.9,1170.25,47054.97375574784,April,Karnali
2017,Salyan,1046.57087,1064.990061,Millet,22.78109589,28.44169863,18.2299726,55.03252055,1289.55,6198.47,2697.07,1.796931507,5.9,1170.25,1114.587574682123,August,Karnali
2017,Salyan,58.61704316,1172.87046,Buckwheat,22.78109589,28.44169863,18.2299726,55.03252055,1289.55,6198.47,2697.07,1.796931507,5.9,1170.25,68.75019837490906,September,Karnali
2017,Salyan,14785.0,2263.554278,Wheat,22.78109589,28.44169863,18.2299726,55.03252055,1289.55,6198.47,2697.07,1.796931507,5.9,1170.25,33466.65000023,November,Karnali
2017,Salyan,971.1,1315.003604,Barley,22.78109589,28.44169863,18.2299726,55.03252055,1289.55,6198.47,2697.07,1.796931507,5.9,1170.25,1276.9999998444,November,Karnali
2017,Sankhuwashava,13111.15893,2601.481735,Rice,11.00610959,16.24676712,7.013479452,74.77016438,1025.85,5595.41,2471.33,1.821726027,5.6,949.35,34108.440481077145,July,Unknown
2017,Sankhuwashava,12827.8293,1949.262967,Maize,11.00610959,16.24676712,7.013479452,74.77016438,1025.85,5595.41,2471.33,1.821726027,5.6,949.35,25004.81260148753,April,Unknown
2017,Sankhuwashava,7195.800672,1242.858283,Millet,11.00610959,16.24676712,7.013479452,74.77016438,1025.85,5595.41,2471.33,1.821726027,5.6,949.35,8943.360468012168,August,Unknown
2017,Sankhuwashava,17.01785124,1024.19674,Buckwheat,11.00610959,16.24676712,7.013479452,74.77016438,1025.85,5595.41,2471.33,1.821726027,5.6,949.35,17.429627761812956,September,Unknown
2017,Sankhuwashava,655.0,1981.374046,Wheat,11.00610959,16.24676712,7.013479452,74.77016438,1025.85,5595.41,2471.33,1.821726027,5.6,949.35,1297.8000001299997,November,Unknown
2017,Sankhuwashava,12.6,1190.47619,Barley,11.00610959,16.24676712,7.013479452,74.77016438,1025.85,5595.41,2471.33,1.821726027,5.6,949.35,14.999999994,November,Unknown
2017,Saptari,51115.62936,3129.486177,Rice,25.53087671,31.07375342,21.00038356,61.96471233,1214.57,6012.83,2703.56,1.733808219,6.6,10925.35,159965.65551077537,July,Madhesh
2017,Saptari,3801.210825,2178.215372,Maize,25.53087671,31.07375342,21.00038356,61.96471233,1214.57,6012.83,2703.56,1.733808219,6.6,10925.35,8279.855851227801,April,Madhesh
2017,Saptari,200.300645,1279.800614,Millet,25.53087671,31.07375342,21.00038356,61.96471233,1214.57,6012.83,2703.56,1.733808219,6.6,10925.35,256.34488845559605,August,Madhesh
2017,Saptari,0.0,0.0,Buckwheat,25.53087671,31.07375342,21.00038356,61.96471233,1214.57,6012.83,2703.56,1.733808219,6.6,10925.35,0.0,September,Madhesh
2017,Saptari,15000.0,3080.0,Wheat,25.53087671,31.07375342,21.00038356,61.96471233,1214.57,6012.83,2703.56,1.733808219,6.6,10925.35,46200.0,November,Madhesh
2017,Saptari,0.0,0.0,Barley,25.53087671,31.07375342,21.00038356,61.96471233,1214.57,6012.83,2703.56,1.733808219,6.6,10925.35,0.0,November,Madhesh
2017,Sarlahi,46997.98144,3053.872336,Rice,25.19443836,31.04279452,20.606,57.2790411,1144.69,6055.43,2722.91,1.636,6.6,15306.8,143525.83536745745,July,Madhesh
2017,Sarlahi,10975.99626,2487.852968,Maize,25.19443836,31.04279452,20.606,57.2790411,1144.69,6055.43,2722.91,1.636,6.6,15306.8,27306.6648721979,April,Madhesh
2017,Sarlahi,746.1199026,863.049434,Millet,25.19443836,31.04279452,20.606,57.2790411,1144.69,6055.43,2722.91,1.636,6.6,15306.8,643.9383596350652,August,Madhesh
2017,Sarlahi,0.0,0.0,Buckwheat,25.19443836,31.04279452,20.606,57.2790411,1144.69,6055.43,2722.91,1.636,6.6,15306.8,0.0,September,Madhesh
2017,Sarlahi,21200.0,3347.880425,Wheat,25.19443836,31.04279452,20.606,57.2790411,1144.69,6055.43,2722.91,1.636,6.6,15306.8,70975.06500999999,November,Madhesh
2017,Sarlahi,63.71514,1109.885343,Barley,25.19443836,31.04279452,20.606,57.2790411,1144.69,6055.43,2722.91,1.636,6.6,15306.8,70.71650001319301,November,Madhesh
2017,Sindhuli,14104.12736,3706.186114,Rice,23.17232877,28.57953425,18.99063014,59.95082192,1116.82,5915.68,2662.21,1.624054795,6.0,4417.1,52272.52097171948,July,Bagmati
2017,Sindhuli,26373.03928,3012.110052,Maize,23.17232877,28.57953425,18.99063014,59.95082192,1116.82,5915.68,2662.21,1.624054795,6.0,4417.1,79438.49671707884,April,Bagmati
2017,Sindhuli,11652.49002,1097.405652,Millet,23.17232877,28.57953425,18.99063014,59.95082192,1116.82,5915.68,2662.21,1.624054795,6.0,4417.1,12787.508407821591,August,Bagmati
2017,Sindhuli,512.4264096,941.0516168,Buckwheat,23.17232877,28.57953425,18.99063014,59.95082192,1116.82,5915.68,2662.21,1.624054795,6.0,4417.1,482.21970124509915,September,Bagmati
2017,Sindhuli,5514.0,2880.168662,Wheat,23.17232877,28.57953425,18.99063014,59.95082192,1116.82,5915.68,2662.21,1.624054795,6.0,4417.1,15881.250002268,November,Bagmati
2017,Sindhuli,40.5,1604.938272,Barley,23.17232877,28.57953425,18.99063014,59.95082192,1116.82,5915.68,2662.21,1.624054795,6.0,4417.1,65.000000016,November,Bagmati
2017,Sindhupalchok,11643.00447,2414.767258,Rice,9.435808219,14.82084932,5.223205479,68.37934247,862.73,6322.97,2828.64,1.743178082,5.6,2176.55,28115.14597890364,July,Bagmati
2017,Sindhupalchok,25134.89337,2660.891655,Maize,9.435808219,14.82084932,5.223205479,68.37934247,862.73,6322.97,2828.64,1.743178082,5.6,2176.55,66881.22801754784,April,Bagmati
2017,Sindhupalchok,16569.87086,1311.901989,Millet,9.435808219,14.82084932,5.223205479,68.37934247,862.73,6322.97,2828.64,1.743178082,5.6,2176.55,21738.046538707138,August,Bagmati
2017,Sindhupalchok,0.0,0.0,Buckwheat,9.435808219,14.82084932,5.223205479,68.37934247,862.73,6322.97,2828.64,1.743178082,5.6,2176.55,0.0,September,Bagmati
2017,Sindhupalchok,6811.0,1275.554985,Wheat,9.435808219,14.82084932,5.223205479,68.37934247,862.73,6322.97,2828.64,1.743178082,5.6,2176.55,8687.805002835,November,Bagmati
2017,Sindhupalchok,178.2,1150.392817,Barley,9.435808219,14.82084932,5.223205479,68.37934247,862.73,6322.97,2828.64,1.743178082,5.6,2176.55,204.99999998939998,November,Bagmati
2017,Siraha,48820.15897,3137.656831,Rice,26.13624658,32.21254795,21.16106849,58.84526027,1085.5,6012.83,2703.56,1.81939726,6.8,15936.55,153180.9052827264,July,Madhesh
2017,Siraha,3623.029068,2057.840737,Maize,26.13624658,32.21254795,21.16106849,58.84526027,1085.5,6012.83,2703.56,1.81939726,6.8,15936.55,7455.616807465543,April,Madhesh
2017,Siraha,428.6433803,1035.801244,Millet,26.13624658,32.21254795,21.16106849,58.84526027,1085.5,6012.83,2703.56,1.81939726,6.8,15936.55,443.9893465471051,August,Madhesh
2017,Siraha,0.0,0.0,Buckwheat,26.13624658,32.21254795,21.16106849,58.84526027,1085.5,6012.83,2703.56,1.81939726,6.8,15936.55,0.0,September,Madhesh
2017,Siraha,12000.0,3361.75,Wheat,26.13624658,32.21254795,21.16106849,58.84526027,1085.5,6012.83,2703.56,1.81939726,6.8,15936.55,40341.0,November,Madhesh
2017,Siraha,0.0,0.0,Barley,26.13624658,32.21254795,21.16106849,58.84526027,1085.5,6012.83,2703.56,1.81939726,6.8,15936.55,0.0,November,Madhesh
2017,Solukhumbu,1443.543237,2511.069583,Rice,9.640438356,14.77531507,5.727506849,72.29882192,988.39,5915.68,2662.21,1.774739726,5.8,21.0,3624.8375141760603,July,Koshi
2017,Solukhumbu,13768.39508,2423.578322,Maize,9.640438356,14.77531507,5.727506849,72.29882192,988.39,5915.68,2662.21,1.774739726,5.8,21.0,33368.78384461945,April,Koshi
2017,Solukhumbu,2103.156772,1343.668759,Millet,9.640438356,14.77531507,5.727506849,72.29882192,988.39,5915.68,2662.21,1.774739726,5.8,21.0,2825.9460498156855,August,Koshi
2017,Solukhumbu,303.4850138,925.2867741,Buckwheat,9.640438356,14.77531507,5.727506849,72.29882192,988.39,5915.68,2662.21,1.774739726,5.8,21.0,280.810669406696,September,Koshi
2017,Solukhumbu,3150.0,1690.666667,Wheat,9.640438356,14.77531507,5.727506849,72.29882192,988.39,5915.68,2662.21,1.774739726,5.8,21.0,5325.60000105,November,Koshi
2017,Solukhumbu,166.5,1076.852853,Barley,9.640438356,14.77531507,5.727506849,72.29882192,988.39,5915.68,2662.21,1.774739726,5.8,21.0,179.29600002450002,November,Koshi
2017,Sunsari,52062.21509,3485.985525,Rice,25.0290137,30.60038356,20.65,63.11994521,1253.39,5804.39,2611.24,1.659068493,6.6,9306.05,181488.12820317654,July,Koshi
2017,Sunsari,8874.26468,2562.10406,Maize,25.0290137,30.60038356,20.65,63.11994521,1253.39,5804.39,2611.24,1.659068493,6.6,9306.05,22736.789566142605,April,Koshi
2017,Sunsari,531.7982125,1180.019549,Millet,25.0290137,30.60038356,20.65,63.11994521,1253.39,5804.39,2611.24,1.659068493,6.6,9306.05,627.5322868732562,August,Koshi
2017,Sunsari,283.630854,1024.19674,Buckwheat,25.0290137,30.60038356,20.65,63.11994521,1253.39,5804.39,2611.24,1.659068493,6.6,9306.05,290.493796030216,September,Koshi
2017,Sunsari,11400.0,4034.210526,Wheat,25.0290137,30.60038356,20.65,63.11994521,1253.39,5804.39,2611.24,1.659068493,6.6,9306.05,45989.9999964,November,Koshi
2017,Sunsari,10.8,2037.037037,Barley,25.0290137,30.60038356,20.65,63.11994521,1253.39,5804.39,2611.24,1.659068493,6.6,9306.05,21.9999999996,November,Koshi
2017,Surkhet,12638.81265,4002.993001,Rice,20.70572603,26.158,16.28071233,57.80917808,1352.77,6099.27,2702.72,1.503506849,5.9,1848.55,50593.07857890026,July,Karnali
2017,Surkhet,16208.55217,2685.701752,Maize,20.70572603,26.158,16.28071233,57.80917808,1352.77,6099.27,2702.72,1.503506849,5.9,1848.55,43531.336960352404,April,Karnali
2017,Surkhet,2098.149256,1385.483433,Millet,20.70572603,26.158,16.28071233,57.80917808,1352.77,6099.27,2702.72,1.503506849,5.9,1848.55,2906.951034149276,August,Karnali
2017,Surkhet,0.0,0.0,Buckwheat,20.70572603,26.158,16.28071233,57.80917808,1352.77,6099.27,2702.72,1.503506849,5.9,1848.55,0.0,September,Karnali
2017,Surkhet,14997.0,2911.882376,Wheat,20.70572603,26.158,16.28071233,57.80917808,1352.77,6099.27,2702.72,1.503506849,5.9,1848.55,43669.499992872,November,Karnali
2017,Surkhet,937.521,1508.862201,Barley,20.70572603,26.158,16.28071233,57.80917808,1352.77,6099.27,2702.72,1.503506849,5.9,1848.55,1414.5899995437208,November,Karnali
2017,Syangja,15997.29882,3972.108562,Rice,19.73756164,24.62128767,15.82665753,62.77734247,1909.81,6029.65,2617.33,1.471643836,6.0,1368.15,63543.00761179449,July,Gandaki
2017,Syangja,28163.83401,3570.816189,Maize,19.73756164,24.62128767,15.82665753,62.77734247,1909.81,6029.65,2617.33,1.471643836,6.0,1368.15,100567.87442721678,April,Gandaki
2017,Syangja,16514.78818,1162.297998,Millet,19.73756164,24.62128767,15.82665753,62.77734247,1909.81,6029.65,2617.33,1.471643836,6.0,1368.15,19195.105239008062,August,Gandaki
2017,Syangja,217.4503214,979.6664465,Buckwheat,19.73756164,24.62128767,15.82665753,62.77734247,1909.81,6029.65,2617.33,1.471643836,6.0,1368.15,213.02878365622092,September,Gandaki
2017,Syangja,4550.0,2532.461538,Wheat,19.73756164,24.62128767,15.82665753,62.77734247,1909.81,6029.65,2617.33,1.471643836,6.0,1368.15,11522.6999979,November,Gandaki
2017,Syangja,3.6,1666.666667,Barley,19.73756164,24.62128767,15.82665753,62.77734247,1909.81,6029.65,2617.33,1.471643836,6.0,1368.15,6.0000000012,November,Gandaki
2017,Tanahu,11751.86182,3890.467216,Rice,19.73756164,24.62128767,15.82665753,62.77734247,1909.81,6417.1,2968.95,1.471643836,5.6,2233.55,45720.2331376721,July,Gandaki
2017,Tanahu,23383.42173,3177.49309,Maize,19.73756164,24.62128767,15.82665753,62.77734247,1909.81,6417.1,2968.95,1.471643836,5.6,2233.55,74300.66096763083,April,Gandaki
2017,Tanahu,6351.533453,899.6945847,Millet,19.73756164,24.62128767,15.82665753,62.77734247,1909.81,6417.1,2968.95,1.471643836,5.6,2233.55,5714.440252204992,August,Gandaki
2017,Tanahu,170.1785124,995.7468301,Buckwheat,19.73756164,24.62128767,15.82665753,62.77734247,1909.81,6417.1,2968.95,1.471643836,5.6,2233.55,169.45471427343352,September,Gandaki
2017,Tanahu,1800.0,2229.5,Wheat,19.73756164,24.62128767,15.82665753,62.77734247,1909.81,6417.1,2968.95,1.471643836,5.6,2233.55,4013.1,November,Gandaki
2017,Tanahu,5.461299,1036.306564,Barley,19.73756164,24.62128767,15.82665753,62.77734247,1909.81,6417.1,2968.95,1.471643836,5.6,2233.55,5.659580001666637,November,Gandaki
2017,Taplejung,3862.069774,2233.0,Rice,5.717287671,10.61860274,2.022383562,77.68142466,1370.79,5595.41,2471.33,1.576438356,5.4,371.4,8624.001805342,July,Koshi
2017,Taplejung,10388.735,3413.672195,Maize,5.717287671,10.61860274,2.022383562,77.68142466,1370.79,5595.41,2471.33,1.576438356,5.4,371.4,35463.73581072333,April,Koshi
2017,Taplejung,3054.584836,1382.352506,Millet,5.717287671,10.61860274,2.022383562,77.68142466,1370.79,5595.41,2471.33,1.576438356,5.4,371.4,4222.513002834199,August,Koshi
2017,Taplejung,111.5614692,1432.139509,Buckwheat,5.717287671,10.61860274,2.022383562,77.68142466,1370.79,5595.41,2471.33,1.576438356,5.4,371.4,159.77158772340664,September,Koshi
2017,Taplejung,1540.0,1939.772727,Wheat,5.717287671,10.61860274,2.022383562,77.68142466,1370.79,5595.41,2471.33,1.576438356,5.4,371.4,2987.24999958,November,Koshi
2017,Taplejung,279.0,1345.139785,Barley,5.717287671,10.61860274,2.022383562,77.68142466,1370.79,5595.41,2471.33,1.576438356,5.4,371.4,375.294000015,November,Koshi
2017,Terhathum,9149.697656,2046.735806,Rice,20.53624658,25.5609863,16.68506849,66.4559726,1190.95,5595.41,2471.33,1.530493151,5.6,663.7,18727.01380660947,July,Unknown
2017,Terhathum,13125.40944,2341.584656,Maize,20.53624658,25.5609863,16.68506849,66.4559726,1190.95,5595.41,2471.33,1.530493151,5.6,663.7,30734.25734842155,April,Unknown
2017,Terhathum,2704.058707,1126.22454,Millet,20.53624658,25.5609863,16.68506849,66.4559726,1190.95,5595.41,2471.33,1.530493151,5.6,663.7,3045.3772734240697,August,Unknown
2017,Terhathum,28.3630854,990.0568482,Buckwheat,20.53624658,25.5609863,16.68506849,66.4559726,1190.95,5595.41,2471.33,1.530493151,5.6,663.7,28.081066936351434,September,Unknown
2017,Terhathum,1900.0,1906.578947,Wheat,20.53624658,25.5609863,16.68506849,66.4559726,1190.95,5595.41,2471.33,1.530493151,5.6,663.7,3622.4999992999997,November,Unknown
2017,Terhathum,67.5,1259.259259,Barley,20.53624658,25.5609863,16.68506849,66.4559726,1190.95,5595.41,2471.33,1.530493151,5.6,663.7,84.9999999825,November,Unknown
2017,Udayapur,12665.31705,4030.002409,Rice,18.84065753,23.70054795,15.30180822,69.97479452,1653.24,5804.39,2611.24,1.263287671,5.4,1326.45,51041.258222248776,July,Koshi
2017,Udayapur,18479.72626,2150.015148,Maize,18.84065753,23.70054795,15.30180822,69.97479452,1653.24,5804.39,2611.24,1.263287671,5.4,1326.45,39731.691389893385,April,Koshi
2017,Udayapur,2769.156417,1996.581529,Millet,18.84065753,23.70054795,15.30180822,69.97479452,1653.24,5804.39,2611.24,1.263287671,5.4,1326.45,5528.846553094022,August,Koshi
2017,Udayapur,17.96328742,970.291648,Buckwheat,18.84065753,23.70054795,15.30180822,69.97479452,1653.24,5804.39,2611.24,1.263287671,5.4,1326.45,17.429627754249466,September,Koshi
2017,Udayapur,5137.0,2501.849328,Wheat,18.84065753,23.70054795,15.30180822,69.97479452,1653.24,5804.39,2611.24,1.263287671,5.4,1326.45,12851.999997936,November,Koshi
2017,Udayapur,31.5,1746.031746,Barley,18.84065753,23.70054795,15.30180822,69.97479452,1653.24,5804.39,2611.24,1.263287671,5.4,1326.45,54.999999999,November,Koshi
2018,Achham,15467.0,2260.0,Rice,12.52515068,18.05257534,7.985589041,66.37147945,1247.17,6344.9,2751.8,1.565890411,6.1,47.95,34955.42,July,Sudurpashchim
2018,Achham,6907.0,2367.0,Maize,12.52515068,18.05257534,7.985589041,66.37147945,1247.17,6344.9,2751.8,1.565890411,6.1,47.95,16348.869,April,Sudurpashchim
2018,Achham,3430.0,1120.0,Millet,12.52515068,18.05257534,7.985589041,66.37147945,1247.17,6344.9,2751.8,1.565890411,6.1,47.95,3841.6,August,Sudurpashchim
2018,Achham,0.0,0.0,Buckwheat,12.52515068,18.05257534,7.985589041,66.37147945,1247.17,6344.9,2751.8,1.565890411,6.1,47.95,0.0,September,Sudurpashchim
2018,Achham,14460.0,1743.0,Wheat,12.52515068,18.05257534,7.985589041,66.37147945,1247.17,6344.9,2751.8,1.565890411,6.1,47.95,25203.78,November,Sudurpashchim
2018,Achham,446.0,1220.0,Barley,12.52515068,18.05257534,7.985589041,66.37147945,1247.17,6344.9,2751.8,1.565890411,6.1,47.95,544.12,November,Sudurpashchim
2018,Arghakhanchi,7425.0,3250.0,Rice,19.74367123,25.09460274,15.60038356,58.91473973,1648.48,6338.94,2937.19,1.688684932,5.9,870.9,24131.25,July,Lumbini
2018,Arghakhanchi,16729.0,3450.0,Maize,19.74367123,25.09460274,15.60038356,58.91473973,1648.48,6338.94,2937.19,1.688684932,5.9,870.9,57715.05,April,Lumbini
2018,Arghakhanchi,499.0,1281.0,Millet,19.74367123,25.09460274,15.60038356,58.91473973,1648.48,6338.94,2937.19,1.688684932,5.9,870.9,639.219,August,Lumbini
2018,Arghakhanchi,248.0,899.0,Buckwheat,19.74367123,25.09460274,15.60038356,58.91473973,1648.48,6338.94,2937.19,1.688684932,5.9,870.9,222.952,September,Lumbini
2018,Arghakhanchi,5446.0,2950.0,Wheat,19.74367123,25.09460274,15.60038356,58.91473973,1648.48,6338.94,2937.19,1.688684932,5.9,870.9,16065.7,November,Lumbini
2018,Arghakhanchi,219.0,1767.0,Barley,19.74367123,25.09460274,15.60038356,58.91473973,1648.48,6338.94,2937.19,1.688684932,5.9,870.9,386.973,November,Lumbini
2018,Baglung,5987.0,3570.0,Rice,18.95630137,23.95712329,14.99643836,62.92334247,1641.29,5975.1,2585.92,1.484712329,5.7,691.0,21373.59,July,Gandaki
2018,Baglung,20697.0,3487.0,Maize,18.95630137,23.95712329,14.99643836,62.92334247,1641.29,5975.1,2585.92,1.484712329,5.7,691.0,72170.439,April,Gandaki
2018,Baglung,18163.0,1239.0,Millet,18.95630137,23.95712329,14.99643836,62.92334247,1641.29,5975.1,2585.92,1.484712329,5.7,691.0,22503.957,August,Gandaki
2018,Baglung,76.0,1461.0,Buckwheat,18.95630137,23.95712329,14.99643836,62.92334247,1641.29,5975.1,2585.92,1.484712329,5.7,691.0,111.036,September,Gandaki
2018,Baglung,6493.0,2378.0,Wheat,18.95630137,23.95712329,14.99643836,62.92334247,1641.29,5975.1,2585.92,1.484712329,5.7,691.0,15440.354,November,Gandaki
2018,Baglung,776.0,1437.0,Barley,18.95630137,23.95712329,14.99643836,62.92334247,1641.29,5975.1,2585.92,1.484712329,5.7,691.0,1115.112,November,Gandaki
2018,Baitadi,7624.0,2540.0,Rice,11.49158904,17.48468493,6.690684932,62.03063014,813.57,6587.55,2901.67,1.695232877,6.0,126.65,19364.96,July,Sudurpashchim
2018,Baitadi,14990.0,1854.0,Maize,11.49158904,17.48468493,6.690684932,62.03063014,813.57,6587.55,2901.67,1.695232877,6.0,126.65,27791.46,April,Sudurpashchim
2018,Baitadi,352.0,1159.0,Millet,11.49158904,17.48468493,6.690684932,62.03063014,813.57,6587.55,2901.67,1.695232877,6.0,126.65,407.968,August,Sudurpashchim
2018,Baitadi,0.0,0.0,Buckwheat,11.49158904,17.48468493,6.690684932,62.03063014,813.57,6587.55,2901.67,1.695232877,6.0,126.65,0.0,September,Sudurpashchim
2018,Baitadi,19527.0,1125.0,Wheat,11.49158904,17.48468493,6.690684932,62.03063014,813.57,6587.55,2901.67,1.695232877,6.0,126.65,21967.875,November,Sudurpashchim
2018,Baitadi,885.0,677.0,Barley,11.49158904,17.48468493,6.690684932,62.03063014,813.57,6587.55,2901.67,1.695232877,6.0,126.65,599.145,November,Sudurpashchim
2018,Bajhang,6431.0,3540.0,Rice,11.49158904,17.48468493,6.690684932,62.03063014,813.57,6344.9,2751.8,1.695232877,5.6,83.2,22765.74,July,Sudurpashchim
2018,Bajhang,4164.0,1391.0,Maize,11.49158904,17.48468493,6.690684932,62.03063014,813.57,6344.9,2751.8,1.695232877,5.6,83.2,5792.124,April,Sudurpashchim
2018,Bajhang,2736.0,752.0,Millet,11.49158904,17.48468493,6.690684932,62.03063014,813.57,6344.9,2751.8,1.695232877,5.6,83.2,2057.472,August,Sudurpashchim
2018,Bajhang,6.0,1167.0,Buckwheat,11.49158904,17.48468493,6.690684932,62.03063014,813.57,6344.9,2751.8,1.695232877,5.6,83.2,7.002,September,Sudurpashchim
2018,Bajhang,10260.0,1573.0,Wheat,11.49158904,17.48468493,6.690684932,62.03063014,813.57,6344.9,2751.8,1.695232877,5.6,83.2,16138.98,November,Sudurpashchim
2018,Bajhang,3971.0,741.0,Barley,11.49158904,17.48468493,6.690684932,62.03063014,813.57,6344.9,2751.8,1.695232877,5.6,83.2,2942.511,November,Sudurpashchim
2018,Bajura,2917.0,2240.0,Rice,9.324383562,15.75758904,4.29769863,63.68572603,783.88,6344.9,2751.8,1.665643836,6.0,180.25,6534.08,July,Sudurpashchim
2018,Bajura,904.0,1597.0,Maize,9.324383562,15.75758904,4.29769863,63.68572603,783.88,6344.9,2751.8,1.665643836,6.0,180.25,1443.688,April,Sudurpashchim
2018,Bajura,2545.0,1017.0,Millet,9.324383562,15.75758904,4.29769863,63.68572603,783.88,6344.9,2751.8,1.665643836,6.0,180.25,2588.265,August,Sudurpashchim
2018,Bajura,7.0,1571.0,Buckwheat,9.324383562,15.75758904,4.29769863,63.68572603,783.88,6344.9,2751.8,1.665643836,6.0,180.25,10.997,September,Sudurpashchim
2018,Bajura,6664.0,940.0,Wheat,9.324383562,15.75758904,4.29769863,63.68572603,783.88,6344.9,2751.8,1.665643836,6.0,180.25,6264.16,November,Sudurpashchim
2018,Bajura,955.0,1003.0,Barley,9.324383562,15.75758904,4.29769863,63.68572603,783.88,6344.9,2751.8,1.665643836,6.0,180.25,957.865,November,Sudurpashchim
2018,Banke,34182.0,3150.0,Rice,20.08528767,25.59189041,15.55032877,58.64580822,1586.93,6075.23,2695.49,1.523178082,6.4,6889.05,107673.3,July,Lumbini
2018,Banke,9183.0,2220.0,Maize,20.08528767,25.59189041,15.55032877,58.64580822,1586.93,6075.23,2695.49,1.523178082,6.4,6889.05,20386.26,April,Lumbini
2018,Banke,0.0,0.0,Millet,20.08528767,25.59189041,15.55032877,58.64580822,1586.93,6075.23,2695.49,1.523178082,6.4,6889.05,0.0,August,Lumbini
2018,Banke,0.0,0.0,Buckwheat,20.08528767,25.59189041,15.55032877,58.64580822,1586.93,6075.23,2695.49,1.523178082,6.4,6889.05,0.0,September,Lumbini
2018,Banke,17798.0,3738.0,Wheat,20.08528767,25.59189041,15.55032877,58.64580822,1586.93,6075.23,2695.49,1.523178082,6.4,6889.05,66528.924,November,Lumbini
2018,Banke,9.0,1111.0,Barley,20.08528767,25.59189041,15.55032877,58.64580822,1586.93,6075.23,2695.49,1.523178082,6.4,6889.05,9.999,November,Lumbini
2018,Bara,61247.0,4060.0,Rice,25.62547945,32.01545205,20.47649315,52.2230137,943.01,6300.33,2916.22,1.756136986,6.7,14882.15,248662.82,July,Madhesh
2018,Bara,11941.0,3641.0,Maize,25.62547945,32.01545205,20.47649315,52.2230137,943.01,6300.33,2916.22,1.756136986,6.7,14882.15,43477.181,April,Madhesh
2018,Bara,69.0,1087.0,Millet,25.62547945,32.01545205,20.47649315,52.2230137,943.01,6300.33,2916.22,1.756136986,6.7,14882.15,75.003,August,Madhesh
2018,Bara,0.0,0.0,Buckwheat,25.62547945,32.01545205,20.47649315,52.2230137,943.01,6300.33,2916.22,1.756136986,6.7,14882.15,0.0,September,Madhesh
2018,Bara,27094.0,3482.0,Wheat,25.62547945,32.01545205,20.47649315,52.2230137,943.01,6300.33,2916.22,1.756136986,6.7,14882.15,94341.308,November,Madhesh
2018,Bara,39.0,2179.0,Barley,25.62547945,32.01545205,20.47649315,52.2230137,943.01,6300.33,2916.22,1.756136986,6.7,14882.15,84.981,November,Madhesh
2018,Bardiya,49236.0,4310.0,Rice,24.98868493,31.04824658,20.10657534,53.78619178,1649.58,6075.23,2695.49,1.668794521,6.8,8847.4,212207.16,July,Unknown
2018,Bardiya,2697.0,2937.0,Maize,24.98868493,31.04824658,20.10657534,53.78619178,1649.58,6075.23,2695.49,1.668794521,6.8,8847.4,7921.089,April,Unknown
2018,Bardiya,0.0,0.0,Millet,24.98868493,31.04824658,20.10657534,53.78619178,1649.58,6075.23,2695.49,1.668794521,6.8,8847.4,0.0,August,Unknown
2018,Bardiya,0.0,0.0,Buckwheat,24.98868493,31.04824658,20.10657534,53.78619178,1649.58,6075.23,2695.49,1.668794521,6.8,8847.4,0.0,September,Unknown
2018,Bardiya,17638.0,3802.0,Wheat,24.98868493,31.04824658,20.10657534,53.78619178,1649.58,6075.23,2695.49,1.668794521,6.8,8847.4,67059.676,November,Unknown
2018,Bardiya,9.0,1111.0,Barley,24.98868493,31.04824658,20.10657534,53.78619178,1649.58,6075.23,2695.49,1.668794521,6.8,8847.4,9.999,November,Unknown
2018,Bhaktapur,3979.0,4980.0,Rice,18.96068493,24.24008219,14.94460274,60.57865753,940.48,6164.56,2752.39,1.463123288,5.8,3345.45,19815.42,July,Bagmati
2018,Bhaktapur,1998.0,4012.0,Maize,18.96068493,24.24008219,14.94460274,60.57865753,940.48,6164.56,2752.39,1.463123288,5.8,3345.45,8015.976,April,Bagmati
2018,Bhaktapur,112.0,1241.0,Millet,18.96068493,24.24008219,14.94460274,60.57865753,940.48,6164.56,2752.39,1.463123288,5.8,3345.45,138.992,August,Bagmati
2018,Bhaktapur,0.0,0.0,Buckwheat,18.96068493,24.24008219,14.94460274,60.57865753,940.48,6164.56,2752.39,1.463123288,5.8,3345.45,0.0,September,Bagmati
2018,Bhaktapur,2172.0,5116.0,Wheat,18.96068493,24.24008219,14.94460274,60.57865753,940.48,6164.56,2752.39,1.463123288,5.8,3345.45,11111.952,November,Bagmati
2018,Bhaktapur,18.0,2056.0,Barley,18.96068493,24.24008219,14.94460274,60.57865753,940.48,6164.56,2752.39,1.463123288,5.8,3345.45,37.008,November,Bagmati
2018,Bhojpur,16197.0,2360.0,Rice,5.193753425,10.19512329,1.431315068,77.76227397,1362.22,5407.32,2389.79,1.572,5.4,998.45,38224.92,July,Koshi
2018,Bhojpur,37629.0,2641.0,Maize,5.193753425,10.19512329,1.431315068,77.76227397,1362.22,5407.32,2389.79,1.572,5.4,998.45,99378.189,April,Koshi
2018,Bhojpur,5531.0,1263.0,Millet,5.193753425,10.19512329,1.431315068,77.76227397,1362.22,5407.32,2389.79,1.572,5.4,998.45,6985.653,August,Koshi
2018,Bhojpur,32.0,875.0,Buckwheat,5.193753425,10.19512329,1.431315068,77.76227397,1362.22,5407.32,2389.79,1.572,5.4,998.45,28.0,September,Koshi
2018,Bhojpur,405.0,2114.0,Wheat,5.193753425,10.19512329,1.431315068,77.76227397,1362.22,5407.32,2389.79,1.572,5.4,998.45,856.17,November,Koshi
2018,Bhojpur,10.0,1200.0,Barley,5.193753425,10.19512329,1.431315068,77.76227397,1362.22,5407.32,2389.79,1.572,5.4,998.45,12.0,November,Koshi
2018,Chitwan,26539.0,3970.0,Rice,24.4419726,30.43863014,19.55528767,55.95564384,1338.81,6300.33,2916.22,1.393534247,6.1,11923.05,105359.83,July,Bagmati
2018,Chitwan,5763.0,3710.0,Maize,24.4419726,30.43863014,19.55528767,55.95564384,1338.81,6300.33,2916.22,1.393534247,6.1,11923.05,21380.73,April,Bagmati
2018,Chitwan,1483.0,1026.0,Millet,24.4419726,30.43863014,19.55528767,55.95564384,1338.81,6300.33,2916.22,1.393534247,6.1,11923.05,1521.558,August,Bagmati
2018,Chitwan,67.0,1090.0,Buckwheat,24.4419726,30.43863014,19.55528767,55.95564384,1338.81,6300.33,2916.22,1.393534247,6.1,11923.05,73.03,September,Bagmati
2018,Chitwan,5055.0,4589.0,Wheat,24.4419726,30.43863014,19.55528767,55.95564384,1338.81,6300.33,2916.22,1.393534247,6.1,11923.05,23197.395,November,Bagmati
2018,Chitwan,19.0,1895.0,Barley,24.4419726,30.43863014,19.55528767,55.95564384,1338.81,6300.33,2916.22,1.393534247,6.1,11923.05,36.005,November,Bagmati
2018,Dadeldhura,5917.0,3950.0,Rice,16.20473973,22.14635616,11.45986301,57.42194521,917.48,6587.55,2901.67,1.528547945,5.9,29.8,23372.15,July,Sudurpashchim
2018,Dadeldhura,3871.0,3689.0,Maize,16.20473973,22.14635616,11.45986301,57.42194521,917.48,6587.55,2901.67,1.528547945,5.9,29.8,14280.119,April,Sudurpashchim
2018,Dadeldhura,259.0,1174.0,Millet,16.20473973,22.14635616,11.45986301,57.42194521,917.48,6587.55,2901.67,1.528547945,5.9,29.8,304.066,August,Sudurpashchim
2018,Dadeldhura,0.0,0.0,Buckwheat,16.20473973,22.14635616,11.45986301,57.42194521,917.48,6587.55,2901.67,1.528547945,5.9,29.8,0.0,September,Sudurpashchim
2018,Dadeldhura,9560.0,2025.0,Wheat,16.20473973,22.14635616,11.45986301,57.42194521,917.48,6587.55,2901.67,1.528547945,5.9,29.8,19359.0,November,Sudurpashchim
2018,Dadeldhura,175.0,1360.0,Barley,16.20473973,22.14635616,11.45986301,57.42194521,917.48,6587.55,2901.67,1.528547945,5.9,29.8,238.0,November,Sudurpashchim
2018,Dailekh,7987.0,3330.0,Rice,12.52515068,18.05257534,7.985589041,66.37147945,1247.17,6075.23,2695.49,1.565890411,5.9,250.35,26596.71,July,Karnali
2018,Dailekh,21331.0,2443.0,Maize,12.52515068,18.05257534,7.985589041,66.37147945,1247.17,6075.23,2695.49,1.565890411,5.9,250.35,52111.633,April,Karnali
2018,Dailekh,2489.0,1151.0,Millet,12.52515068,18.05257534,7.985589041,66.37147945,1247.17,6075.23,2695.49,1.565890411,5.9,250.35,2864.839,August,Karnali
2018,Dailekh,24.0,1000.0,Buckwheat,12.52515068,18.05257534,7.985589041,66.37147945,1247.17,6075.23,2695.49,1.565890411,5.9,250.35,24.0,September,Karnali
2018,Dailekh,17785.0,1740.0,Wheat,12.52515068,18.05257534,7.985589041,66.37147945,1247.17,6075.23,2695.49,1.565890411,5.9,250.35,30945.9,November,Karnali
2018,Dailekh,178.0,1163.0,Barley,12.52515068,18.05257534,7.985589041,66.37147945,1247.17,6075.23,2695.49,1.565890411,5.9,250.35,207.014,November,Karnali
2018,Dang,35728.0,4180.0,Rice,22.10356164,27.7979726,17.63090411,55.84536986,1621.92,6185.69,2685.21,1.831287671,5.8,9808.5,149343.04,July,Lumbini
2018,Dang,25691.0,2417.0,Maize,22.10356164,27.7979726,17.63090411,55.84536986,1621.92,6185.69,2685.21,1.831287671,5.8,9808.5,62095.147,April,Lumbini
2018,Dang,15.0,1067.0,Millet,22.10356164,27.7979726,17.63090411,55.84536986,1621.92,6185.69,2685.21,1.831287671,5.8,9808.5,16.005,August,Lumbini
2018,Dang,18.0,1000.0,Buckwheat,22.10356164,27.7979726,17.63090411,55.84536986,1621.92,6185.69,2685.21,1.831287671,5.8,9808.5,18.0,September,Lumbini
2018,Dang,11772.0,2552.0,Wheat,22.10356164,27.7979726,17.63090411,55.84536986,1621.92,6185.69,2685.21,1.831287671,5.8,9808.5,30042.144,November,Lumbini
2018,Dang,22.0,1227.0,Barley,22.10356164,27.7979726,17.63090411,55.84536986,1621.92,6185.69,2685.21,1.831287671,5.8,9808.5,26.994,November,Lumbini
2018,Darchula,4197.0,2750.0,Rice,6.500931507,12.41517808,1.717041096,63.02928767,591.51,6587.55,2901.67,1.806246575,6.0,23.7,11541.75,July,Sudurpashchim
2018,Darchula,5739.0,2132.0,Maize,6.500931507,12.41517808,1.717041096,63.02928767,591.51,6587.55,2901.67,1.806246575,6.0,23.7,12235.548,April,Sudurpashchim
2018,Darchula,1374.0,825.0,Millet,6.500931507,12.41517808,1.717041096,63.02928767,591.51,6587.55,2901.67,1.806246575,6.0,23.7,1133.55,August,Sudurpashchim
2018,Darchula,92.0,1033.0,Buckwheat,6.500931507,12.41517808,1.717041096,63.02928767,591.51,6587.55,2901.67,1.806246575,6.0,23.7,95.036,September,Sudurpashchim
2018,Darchula,6581.0,1472.0,Wheat,6.500931507,12.41517808,1.717041096,63.02928767,591.51,6587.55,2901.67,1.806246575,6.0,23.7,9687.232,November,Sudurpashchim
2018,Darchula,1069.0,810.0,Barley,6.500931507,12.41517808,1.717041096,63.02928767,591.51,6587.55,2901.67,1.806246575,6.0,23.7,865.89,November,Sudurpashchim
2018,Dhading,13864.0,4450.0,Rice,14.72136986,19.82410959,10.73917808,65.13827397,1129.04,6300.33,2916.22,1.533205479,5.5,8044.99,61694.8,July,Bagmati
2018,Dhading,20678.0,2834.0,Maize,14.72136986,19.82410959,10.73917808,65.13827397,1129.04,6300.33,2916.22,1.533205479,5.5,8044.99,58601.452,April,Bagmati
2018,Dhading,6933.0,924.0,Millet,14.72136986,19.82410959,10.73917808,65.13827397,1129.04,6300.33,2916.22,1.533205479,5.5,8044.99,6406.092,August,Bagmati
2018,Dhading,0.0,0.0,Buckwheat,14.72136986,19.82410959,10.73917808,65.13827397,1129.04,6300.33,2916.22,1.533205479,5.5,8044.99,0.0,September,Bagmati
2018,Dhading,4638.0,2647.0,Wheat,14.72136986,19.82410959,10.73917808,65.13827397,1129.04,6300.33,2916.22,1.533205479,5.5,8044.99,12276.786,November,Bagmati
2018,Dhading,255.0,1357.0,Barley,14.72136986,19.82410959,10.73917808,65.13827397,1129.04,6300.33,2916.22,1.533205479,5.5,8044.99,346.035,November,Bagmati
2018,Dhankuta,7021.0,3450.0,Rice,19.91208219,25.13336986,15.92857534,64.83476712,1038.41,5746.54,2581.77,1.489534247,5.8,1272.9,24222.45,July,Koshi
2018,Dhankuta,13467.0,3090.0,Maize,19.91208219,25.13336986,15.92857534,64.83476712,1038.41,5746.54,2581.77,1.489534247,5.8,1272.9,41613.03,April,Koshi
2018,Dhankuta,7934.0,1208.0,Millet,19.91208219,25.13336986,15.92857534,64.83476712,1038.41,5746.54,2581.77,1.489534247,5.8,1272.9,9584.272,August,Koshi
2018,Dhankuta,6.0,833.0,Buckwheat,19.91208219,25.13336986,15.92857534,64.83476712,1038.41,5746.54,2581.77,1.489534247,5.8,1272.9,4.998,September,Koshi
2018,Dhankuta,1302.0,2151.0,Wheat,19.91208219,25.13336986,15.92857534,64.83476712,1038.41,5746.54,2581.77,1.489534247,5.8,1272.9,2800.602,November,Koshi
2018,Dhankuta,0.0,0.0,Barley,19.91208219,25.13336986,15.92857534,64.83476712,1038.41,5746.54,2581.77,1.489534247,5.8,1272.9,0.0,November,Koshi
2018,Dhanusha,63112.0,3980.0,Rice,22.76063014,28.47980822,18.39684932,56.25909589,913.02,6034.37,2707.47,1.635178082,6.6,12692.275,251185.76,July,Madhesh
2018,Dhanusha,3284.0,2910.0,Maize,22.76063014,28.47980822,18.39684932,56.25909589,913.02,6034.37,2707.47,1.635178082,6.6,12692.275,9556.44,April,Madhesh
2018,Dhanusha,184.0,967.0,Millet,22.76063014,28.47980822,18.39684932,56.25909589,913.02,6034.37,2707.47,1.635178082,6.6,12692.275,177.928,August,Madhesh
2018,Dhanusha,0.0,0.0,Buckwheat,22.76063014,28.47980822,18.39684932,56.25909589,913.02,6034.37,2707.47,1.635178082,6.6,12692.275,0.0,September,Madhesh
2018,Dhanusha,36290.0,3216.0,Wheat,22.76063014,28.47980822,18.39684932,56.25909589,913.02,6034.37,2707.47,1.635178082,6.6,12692.275,116708.64,November,Madhesh
2018,Dhanusha,2.0,1500.0,Barley,22.76063014,28.47980822,18.39684932,56.25909589,913.02,6034.37,2707.47,1.635178082,6.6,12692.275,3.0,November,Madhesh
2018,Dolakha,2901.0,2830.0,Rice,1.788684932,7.365041096,-2.476876712,71.37093151,707.14,5763.58,2590.9,2.07660274,6.5,666.35,8209.83,July,Bagmati
2018,Dolakha,6054.0,2811.0,Maize,1.788684932,7.365041096,-2.476876712,71.37093151,707.14,5763.58,2590.9,2.07660274,6.5,666.35,17017.794,April,Bagmati
2018,Dolakha,3556.0,1338.0,Millet,1.788684932,7.365041096,-2.476876712,71.37093151,707.14,5763.58,2590.9,2.07660274,6.5,666.35,4757.928,August,Bagmati
2018,Dolakha,899.0,1160.0,Buckwheat,1.788684932,7.365041096,-2.476876712,71.37093151,707.14,5763.58,2590.9,2.07660274,6.5,666.35,1042.84,September,Bagmati
2018,Dolakha,4236.0,1950.0,Wheat,1.788684932,7.365041096,-2.476876712,71.37093151,707.14,5763.58,2590.9,2.07660274,6.5,666.35,8260.2,November,Bagmati
2018,Dolakha,145.0,1193.0,Barley,1.788684932,7.365041096,-2.476876712,71.37093151,707.14,5763.58,2590.9,2.07660274,6.5,666.35,172.985,November,Bagmati
2018,Dolpa,198.0,1682.0,Rice,-0.783808219,5.119479452,-5.558109589,67.49394521,1254.89,6185.69,2685.21,1.900767123,6.6,0.0,333.036,July,Karnali
2018,Dolpa,2308.0,1364.0,Maize,-0.783808219,5.119479452,-5.558109589,67.49394521,1254.89,6185.69,2685.21,1.900767123,6.6,0.0,3148.112,April,Karnali
2018,Dolpa,277.0,1090.0,Millet,-0.783808219,5.119479452,-5.558109589,67.49394521,1254.89,6185.69,2685.21,1.900767123,6.6,0.0,301.93,August,Karnali
2018,Dolpa,644.0,1057.0,Buckwheat,-0.783808219,5.119479452,-5.558109589,67.49394521,1254.89,6185.69,2685.21,1.900767123,6.6,0.0,680.708,September,Karnali
2018,Dolpa,2794.0,1795.0,Wheat,-0.783808219,5.119479452,-5.558109589,67.49394521,1254.89,6185.69,2685.21,1.900767123,6.6,0.0,5015.23,November,Karnali
2018,Dolpa,355.0,969.0,Barley,-0.783808219,5.119479452,-5.558109589,67.49394521,1254.89,6185.69,2685.21,1.900767123,6.6,0.0,343.995,November,Karnali
2018,Doti,9938.0,2360.0,Rice,16.20473973,22.14635616,11.45986301,57.42194521,917.48,6587.55,2901.67,1.528547945,5.9,402.1,23453.68,July,Sudurpashchim
2018,Doti,3642.0,2360.0,Maize,16.20473973,22.14635616,11.45986301,57.42194521,917.48,6587.55,2901.67,1.528547945,5.9,402.1,8595.12,April,Sudurpashchim
2018,Doti,4577.0,1078.0,Millet,16.20473973,22.14635616,11.45986301,57.42194521,917.48,6587.55,2901.67,1.528547945,5.9,402.1,4934.006,August,Sudurpashchim
2018,Doti,12.0,917.0,Buckwheat,16.20473973,22.14635616,11.45986301,57.42194521,917.48,6587.55,2901.67,1.528547945,5.9,402.1,11.004,September,Sudurpashchim
2018,Doti,12334.0,2251.0,Wheat,16.20473973,22.14635616,11.45986301,57.42194521,917.48,6587.55,2901.67,1.528547945,5.9,402.1,27763.834,November,Sudurpashchim
2018,Doti,187.0,936.0,Barley,16.20473973,22.14635616,11.45986301,57.42194521,917.48,6587.55,2901.67,1.528547945,5.9,402.1,175.032,November,Sudurpashchim
2018,Gorkha,12347.0,3440.0,Rice,14.72136986,19.82410959,10.73917808,65.13827397,1129.04,6300.33,2916.22,1.533205479,5.5,1263.25,42473.68,July,Gandaki
2018,Gorkha,17567.0,2576.0,Maize,14.72136986,19.82410959,10.73917808,65.13827397,1129.04,6300.33,2916.22,1.533205479,5.5,1263.25,45252.592,April,Gandaki
2018,Gorkha,11721.0,1271.0,Millet,14.72136986,19.82410959,10.73917808,65.13827397,1129.04,6300.33,2916.22,1.533205479,5.5,1263.25,14897.391,August,Gandaki
2018,Gorkha,358.0,1045.0,Buckwheat,14.72136986,19.82410959,10.73917808,65.13827397,1129.04,6300.33,2916.22,1.533205479,5.5,1263.25,374.11,September,Gandaki
2018,Gorkha,3653.0,2177.0,Wheat,14.72136986,19.82410959,10.73917808,65.13827397,1129.04,6300.33,2916.22,1.533205479,5.5,1263.25,7952.581,November,Gandaki
2018,Gorkha,97.0,1423.0,Barley,14.72136986,19.82410959,10.73917808,65.13827397,1129.04,6300.33,2916.22,1.533205479,5.5,1263.25,138.031,November,Gandaki
2018,Gulmi,8524.0,3210.0,Rice,19.74367123,25.09460274,15.60038356,58.91473973,1648.48,6338.94,2937.19,1.688684932,6.1,609.3,27362.04,July,Lumbini
2018,Gulmi,24086.0,2567.0,Maize,19.74367123,25.09460274,15.60038356,58.91473973,1648.48,6338.94,2937.19,1.688684932,6.1,609.3,61828.762,April,Lumbini
2018,Gulmi,2997.0,1016.0,Millet,19.74367123,25.09460274,15.60038356,58.91473973,1648.48,6338.94,2937.19,1.688684932,6.1,609.3,3044.952,August,Lumbini
2018,Gulmi,213.0,1192.0,Buckwheat,19.74367123,25.09460274,15.60038356,58.91473973,1648.48,6338.94,2937.19,1.688684932,6.1,609.3,253.896,September,Lumbini
2018,Gulmi,6601.0,2951.0,Wheat,19.74367123,25.09460274,15.60038356,58.91473973,1648.48,6338.94,2937.19,1.688684932,6.1,609.3,19479.551,November,Lumbini
2018,Gulmi,242.0,1756.0,Barley,19.74367123,25.09460274,15.60038356,58.91473973,1648.48,6338.94,2937.19,1.688684932,6.1,609.3,424.952,November,Lumbini
2018,Humla,567.0,1621.0,Rice,0.12060274,6.32369863,-4.856739726,69.00531507,529.66,7284.14,3042.35,2.068136986,6.5,0.0,919.107,July,Karnali
2018,Humla,141.0,1809.0,Maize,0.12060274,6.32369863,-4.856739726,69.00531507,529.66,7284.14,3042.35,2.068136986,6.5,0.0,255.069,April,Karnali
2018,Humla,1294.0,1157.0,Millet,0.12060274,6.32369863,-4.856739726,69.00531507,529.66,7284.14,3042.35,2.068136986,6.5,0.0,1497.158,August,Karnali
2018,Humla,632.0,1218.0,Buckwheat,0.12060274,6.32369863,-4.856739726,69.00531507,529.66,7284.14,3042.35,2.068136986,6.5,0.0,769.776,September,Karnali
2018,Humla,957.0,1320.0,Wheat,0.12060274,6.32369863,-4.856739726,69.00531507,529.66,7284.14,3042.35,2.068136986,6.5,0.0,1263.24,November,Karnali
2018,Humla,614.0,1301.0,Barley,0.12060274,6.32369863,-4.856739726,69.00531507,529.66,7284.14,3042.35,2.068136986,6.5,0.0,798.814,November,Karnali
2018,Illam,12887.0,2960.0,Rice,18.19082192,23.17073973,14.54123288,69.05778082,1565.39,5407.32,2389.79,1.211780822,5.5,1066.75,38145.52,July,Unknown
2018,Illam,32798.0,3675.0,Maize,18.19082192,23.17073973,14.54123288,69.05778082,1565.39,5407.32,2389.79,1.211780822,5.5,1066.75,120532.65,April,Unknown
2018,Illam,1692.0,1168.0,Millet,18.19082192,23.17073973,14.54123288,69.05778082,1565.39,5407.32,2389.79,1.211780822,5.5,1066.75,1976.256,August,Unknown
2018,Illam,25.0,1200.0,Buckwheat,18.19082192,23.17073973,14.54123288,69.05778082,1565.39,5407.32,2389.79,1.211780822,5.5,1066.75,30.0,September,Unknown
2018,Illam,4720.0,3273.0,Wheat,18.19082192,23.17073973,14.54123288,69.05778082,1565.39,5407.32,2389.79,1.211780822,5.5,1066.75,15448.56,November,Unknown
2018,Illam,47.0,1255.0,Barley,18.19082192,23.17073973,14.54123288,69.05778082,1565.39,5407.32,2389.79,1.211780822,5.5,1066.75,58.985,November,Unknown
2018,Jajarkot,2451.0,3710.0,Rice,22.10356164,27.7979726,17.63090411,55.84536986,1621.92,6185.69,2685.21,1.831287671,6.2,90.5,9093.21,July,Karnali
2018,Jajarkot,14693.0,2467.0,Maize,22.10356164,27.7979726,17.63090411,55.84536986,1621.92,6185.69,2685.21,1.831287671,6.2,90.5,36247.631,April,Karnali
2018,Jajarkot,1724.0,1111.0,Millet,22.10356164,27.7979726,17.63090411,55.84536986,1621.92,6185.69,2685.21,1.831287671,6.2,90.5,1915.364,August,Karnali
2018,Jajarkot,28.0,929.0,Buckwheat,22.10356164,27.7979726,17.63090411,55.84536986,1621.92,6185.69,2685.21,1.831287671,6.2,90.5,26.012,September,Karnali
2018,Jajarkot,14003.0,1545.0,Wheat,22.10356164,27.7979726,17.63090411,55.84536986,1621.92,6185.69,2685.21,1.831287671,6.2,90.5,21634.635,November,Karnali
2018,Jajarkot,618.0,1123.0,Barley,22.10356164,27.7979726,17.63090411,55.84536986,1621.92,6185.69,2685.21,1.831287671,6.2,90.5,694.014,November,Karnali
2018,Jhapa,85879.0,4260.0,Rice,24.18621918,29.52986301,20.00715068,65.0280274,1538.7,5746.54,2581.77,1.514794521,5.7,12899.85,365844.54,July,Koshi
2018,Jhapa,38913.0,3897.0,Maize,24.18621918,29.52986301,20.00715068,65.0280274,1538.7,5746.54,2581.77,1.514794521,5.7,12899.85,151643.961,April,Koshi
2018,Jhapa,1224.0,1283.0,Millet,24.18621918,29.52986301,20.00715068,65.0280274,1538.7,5746.54,2581.77,1.514794521,5.7,12899.85,1570.392,August,Koshi
2018,Jhapa,1032.0,1181.0,Buckwheat,24.18621918,29.52986301,20.00715068,65.0280274,1538.7,5746.54,2581.77,1.514794521,5.7,12899.85,1218.792,September,Koshi
2018,Jhapa,7500.0,3927.0,Wheat,24.18621918,29.52986301,20.00715068,65.0280274,1538.7,5746.54,2581.77,1.514794521,5.7,12899.85,29452.5,November,Koshi
2018,Jhapa,4.0,1750.0,Barley,24.18621918,29.52986301,20.00715068,65.0280274,1538.7,5746.54,2581.77,1.514794521,5.7,12899.85,7.0,November,Koshi
2018,Jumla,2821.0,2320.0,Rice,9.324383562,15.75758904,4.29769863,63.68572603,783.88,6805.99,2875.65,1.665643836,6.5,0.4,6544.72,July,Karnali
2018,Jumla,4327.0,1510.0,Maize,9.324383562,15.75758904,4.29769863,63.68572603,783.88,6805.99,2875.65,1.665643836,6.5,0.4,6533.77,April,Karnali
2018,Jumla,3698.0,1051.0,Millet,9.324383562,15.75758904,4.29769863,63.68572603,783.88,6805.99,2875.65,1.665643836,6.5,0.4,3886.598,August,Karnali
2018,Jumla,77.0,1026.0,Buckwheat,9.324383562,15.75758904,4.29769863,63.68572603,783.88,6805.99,2875.65,1.665643836,6.5,0.4,79.002,September,Karnali
2018,Jumla,2310.0,1820.0,Wheat,9.324383562,15.75758904,4.29769863,63.68572603,783.88,6805.99,2875.65,1.665643836,6.5,0.4,4204.2,November,Karnali
2018,Jumla,3379.0,1696.0,Barley,9.324383562,15.75758904,4.29769863,63.68572603,783.88,6805.99,2875.65,1.665643836,6.5,0.4,5730.784,November,Karnali
2018,Kailali,68347.0,4160.0,Rice,25.4319726,31.91646575,20.2210411,53.04172603,1416.82,6055.47,2712.33,1.57490411,6.6,16395.374,284323.52,July,Sudurpashchim
2018,Kailali,6386.0,2871.0,Maize,25.4319726,31.91646575,20.2210411,53.04172603,1416.82,6055.47,2712.33,1.57490411,6.6,16395.374,18334.206,April,Sudurpashchim
2018,Kailali,363.0,1017.0,Millet,25.4319726,31.91646575,20.2210411,53.04172603,1416.82,6055.47,2712.33,1.57490411,6.6,16395.374,369.171,August,Sudurpashchim
2018,Kailali,21.0,1238.0,Buckwheat,25.4319726,31.91646575,20.2210411,53.04172603,1416.82,6055.47,2712.33,1.57490411,6.6,16395.374,25.998,September,Sudurpashchim
2018,Kailali,34994.0,3122.0,Wheat,25.4319726,31.91646575,20.2210411,53.04172603,1416.82,6055.47,2712.33,1.57490411,6.6,16395.374,109251.268,November,Sudurpashchim
2018,Kailali,175.0,1971.0,Barley,25.4319726,31.91646575,20.2210411,53.04172603,1416.82,6055.47,2712.33,1.57490411,6.6,16395.374,344.925,November,Sudurpashchim
2018,Kalikot,2454.0,2360.0,Rice,12.52515068,18.05257534,7.985589041,66.37147945,1247.17,6344.9,2751.8,1.565890411,6.2,2.0,5791.44,July,Karnali
2018,Kalikot,2998.0,2191.0,Maize,12.52515068,18.05257534,7.985589041,66.37147945,1247.17,6344.9,2751.8,1.565890411,6.2,2.0,6568.618,April,Karnali
2018,Kalikot,1228.0,1050.0,Millet,12.52515068,18.05257534,7.985589041,66.37147945,1247.17,6344.9,2751.8,1.565890411,6.2,2.0,1289.4,August,Karnali
2018,Kalikot,111.0,1135.0,Buckwheat,12.52515068,18.05257534,7.985589041,66.37147945,1247.17,6344.9,2751.8,1.565890411,6.2,2.0,125.985,September,Karnali
2018,Kalikot,5039.0,1214.0,Wheat,12.52515068,18.05257534,7.985589041,66.37147945,1247.17,6344.9,2751.8,1.565890411,6.2,2.0,6117.346,November,Karnali
2018,Kalikot,829.0,1510.0,Barley,12.52515068,18.05257534,7.985589041,66.37147945,1247.17,6344.9,2751.8,1.565890411,6.2,2.0,1251.79,November,Karnali
2018,Kanchanpur,46215.0,3880.0,Rice,21.80169863,28.24224658,16.65758904,55.32265753,1244.79,6051.52,2707.08,1.041342466,6.2,5835.45,179314.2,July,Sudurpashchim
2018,Kanchanpur,3168.0,2337.0,Maize,21.80169863,28.24224658,16.65758904,55.32265753,1244.79,6051.52,2707.08,1.041342466,6.2,5835.45,7403.616,April,Sudurpashchim
2018,Kanchanpur,0.0,0.0,Millet,21.80169863,28.24224658,16.65758904,55.32265753,1244.79,6051.52,2707.08,1.041342466,6.2,5835.45,0.0,August,Sudurpashchim
2018,Kanchanpur,0.0,0.0,Buckwheat,21.80169863,28.24224658,16.65758904,55.32265753,1244.79,6051.52,2707.08,1.041342466,6.2,5835.45,0.0,September,Sudurpashchim
2018,Kanchanpur,33073.0,2556.0,Wheat,21.80169863,28.24224658,16.65758904,55.32265753,1244.79,6051.52,2707.08,1.041342466,6.2,5835.45,84534.588,November,Sudurpashchim
2018,Kanchanpur,8.0,1250.0,Barley,21.80169863,28.24224658,16.65758904,55.32265753,1244.79,6051.52,2707.08,1.041342466,6.2,5835.45,10.0,November,Sudurpashchim
2018,Kapilbastu,67216.0,3540.0,Rice,25.30652055,31.64145205,20.1949589,53.80383562,1529.33,6338.94,2937.19,1.816794521,6.9,17671.75,237944.64,July,Lumbini
2018,Kapilbastu,2688.0,3647.0,Maize,25.30652055,31.64145205,20.1949589,53.80383562,1529.33,6338.94,2937.19,1.816794521,6.9,17671.75,9803.136,April,Lumbini
2018,Kapilbastu,0.0,0.0,Millet,25.30652055,31.64145205,20.1949589,53.80383562,1529.33,6338.94,2937.19,1.816794521,6.9,17671.75,0.0,August,Lumbini
2018,Kapilbastu,0.0,0.0,Buckwheat,25.30652055,31.64145205,20.1949589,53.80383562,1529.33,6338.94,2937.19,1.816794521,6.9,17671.75,0.0,September,Lumbini
2018,Kapilbastu,25667.0,4049.0,Wheat,25.30652055,31.64145205,20.1949589,53.80383562,1529.33,6338.94,2937.19,1.816794521,6.9,17671.75,103925.683,November,Lumbini
2018,Kapilbastu,178.0,1843.0,Barley,25.30652055,31.64145205,20.1949589,53.80383562,1529.33,6338.94,2937.19,1.816794521,6.9,17671.75,328.054,November,Lumbini
2018,Kaski,20387.0,3750.0,Rice,4.961068493,9.949260274,1.021013699,74.48917808,1352.94,5900.47,2602.15,1.61109589,6.7,1892.0,76451.25,July,Gandaki
2018,Kaski,13624.0,2542.0,Maize,4.961068493,9.949260274,1.021013699,74.48917808,1352.94,5900.47,2602.15,1.61109589,6.7,1892.0,34632.208,April,Gandaki
2018,Kaski,15441.0,1229.0,Millet,4.961068493,9.949260274,1.021013699,74.48917808,1352.94,5900.47,2602.15,1.61109589,6.7,1892.0,18976.989,August,Gandaki
2018,Kaski,12.0,1250.0,Buckwheat,4.961068493,9.949260274,1.021013699,74.48917808,1352.94,5900.47,2602.15,1.61109589,6.7,1892.0,15.0,September,Gandaki
2018,Kaski,5951.0,2235.0,Wheat,4.961068493,9.949260274,1.021013699,74.48917808,1352.94,5900.47,2602.15,1.61109589,6.7,1892.0,13300.485,November,Gandaki
2018,Kaski,110.0,1555.0,Barley,4.961068493,9.949260274,1.021013699,74.48917808,1352.94,5900.47,2602.15,1.61109589,6.7,1892.0,171.05,November,Gandaki
2018,Kathmandu,6015.0,4380.0,Rice,18.96068493,24.24008219,14.94460274,60.57865753,940.48,6164.56,2752.39,1.463123288,6.5,2277.05,26345.7,July,Bagmati
2018,Kathmandu,6420.0,3840.0,Maize,18.96068493,24.24008219,14.94460274,60.57865753,940.48,6164.56,2752.39,1.463123288,6.5,2277.05,24652.8,April,Bagmati
2018,Kathmandu,608.0,1049.0,Millet,18.96068493,24.24008219,14.94460274,60.57865753,940.48,6164.56,2752.39,1.463123288,6.5,2277.05,637.792,August,Bagmati
2018,Kathmandu,4.0,1250.0,Buckwheat,18.96068493,24.24008219,14.94460274,60.57865753,940.48,6164.56,2752.39,1.463123288,6.5,2277.05,5.0,September,Bagmati
2018,Kathmandu,2141.0,4139.0,Wheat,18.96068493,24.24008219,14.94460274,60.57865753,940.48,6164.56,2752.39,1.463123288,6.5,2277.05,8861.599,November,Bagmati
2018,Kathmandu,3.0,1000.0,Barley,18.96068493,24.24008219,14.94460274,60.57865753,940.48,6164.56,2752.39,1.463123288,6.5,2277.05,3.0,November,Bagmati
2018,Kavre,11136.0,3840.0,Rice,18.96068493,24.24008219,14.94460274,60.57865753,940.48,6164.56,2752.39,1.463123288,5.7,9968.9,42762.24,July,Unknown
2018,Kavre,24643.0,3108.0,Maize,18.96068493,24.24008219,14.94460274,60.57865753,940.48,6164.56,2752.39,1.463123288,5.7,9968.9,76590.444,April,Unknown
2018,Kavre,3595.0,1162.0,Millet,18.96068493,24.24008219,14.94460274,60.57865753,940.48,6164.56,2752.39,1.463123288,5.7,9968.9,4177.39,August,Unknown
2018,Kavre,593.0,1000.0,Buckwheat,18.96068493,24.24008219,14.94460274,60.57865753,940.48,6164.56,2752.39,1.463123288,5.7,9968.9,593.0,September,Unknown
2018,Kavre,8292.0,2898.0,Wheat,18.96068493,24.24008219,14.94460274,60.57865753,940.48,6164.56,2752.39,1.463123288,5.7,9968.9,24030.216,November,Unknown
2018,Kavre,357.0,1669.0,Barley,18.96068493,24.24008219,14.94460274,60.57865753,940.48,6164.56,2752.39,1.463123288,5.7,9968.9,595.833,November,Unknown
2018,Khotang,12192.0,2810.0,Rice,13.50134247,18.692,9.620734384,65.67421918,869.89,5763.58,2590.9,1.548136986,5.5,386.85,34259.52,July,Koshi
2018,Khotang,42621.0,2211.0,Maize,13.50134247,18.692,9.620734384,65.67421918,869.89,5763.58,2590.9,1.548136986,5.5,386.85,94235.031,April,Koshi
2018,Khotang,23744.0,1114.0,Millet,13.50134247,18.692,9.620734384,65.67421918,869.89,5763.58,2590.9,1.548136986,5.5,386.85,26450.816,August,Koshi
2018,Khotang,575.0,936.0,Buckwheat,13.50134247,18.692,9.620734384,65.67421918,869.89,5763.58,2590.9,1.548136986,5.5,386.85,538.2,September,Koshi
2018,Khotang,5169.0,2435.0,Wheat,13.50134247,18.692,9.620734384,65.67421918,869.89,5763.58,2590.9,1.548136986,5.5,386.85,12586.515,November,Koshi
2018,Khotang,355.0,1366.0,Barley,13.50134247,18.692,9.620734384,65.67421918,869.89,5763.58,2590.9,1.548136986,5.5,386.85,484.93,November,Koshi
2018,Lalitpur,4211.0,4420.0,Rice,18.96068493,24.24008219,14.94460274,60.57865753,940.48,6164.56,2752.39,1.463123288,6.9,993.6,18612.62,July,Bagmati
2018,Lalitpur,9165.0,3410.0,Maize,18.96068493,24.24008219,14.94460274,60.57865753,940.48,6164.56,2752.39,1.463123288,6.9,993.6,31252.65,April,Bagmati
2018,Lalitpur,560.0,1029.0,Millet,18.96068493,24.24008219,14.94460274,60.57865753,940.48,6164.56,2752.39,1.463123288,6.9,993.6,576.24,August,Bagmati
2018,Lalitpur,44.0,1023.0,Buckwheat,18.96068493,24.24008219,14.94460274,60.57865753,940.48,6164.56,2752.39,1.463123288,6.9,993.6,45.012,September,Bagmati
2018,Lalitpur,2601.0,3410.0,Wheat,18.96068493,24.24008219,14.94460274,60.57865753,940.48,6164.56,2752.39,1.463123288,6.9,993.6,8869.41,November,Bagmati
2018,Lalitpur,40.0,1325.0,Barley,18.96068493,24.24008219,14.94460274,60.57865753,940.48,6164.56,2752.39,1.463123288,6.9,993.6,53.0,November,Bagmati
2018,Lamjung,14576.0,3410.0,Rice,4.961068493,9.949260274,1.021013699,74.48917808,1352.94,5900.47,2602.15,1.61109589,5.4,716.9,49704.16,July,Gandaki
2018,Lamjung,9935.0,2410.0,Maize,4.961068493,9.949260274,1.021013699,74.48917808,1352.94,5900.47,2602.15,1.61109589,5.4,716.9,23943.35,April,Gandaki
2018,Lamjung,7511.0,971.0,Millet,4.961068493,9.949260274,1.021013699,74.48917808,1352.94,5900.47,2602.15,1.61109589,5.4,716.9,7293.181,August,Gandaki
2018,Lamjung,13.0,1000.0,Buckwheat,4.961068493,9.949260274,1.021013699,74.48917808,1352.94,5900.47,2602.15,1.61109589,5.4,716.9,13.0,September,Gandaki
2018,Lamjung,1627.0,849.0,Wheat,4.961068493,9.949260274,1.021013699,74.48917808,1352.94,5900.47,2602.15,1.61109589,5.4,716.9,1381.323,November,Gandaki
2018,Lamjung,36.0,1472.0,Barley,4.961068493,9.949260274,1.021013699,74.48917808,1352.94,5900.47,2602.15,1.61109589,5.4,716.9,52.992,November,Gandaki
2018,Mahottari,40124.0,3460.0,Rice,26.4250137,33.16939726,20.7240274,51.6969589,768.44,6034.37,2707.47,2.015068493,6.8,11093.325,138829.04,July,Madhesh
2018,Mahottari,9714.0,2564.0,Maize,26.4250137,33.16939726,20.7240274,51.6969589,768.44,6034.37,2707.47,2.015068493,6.8,11093.325,24906.696,April,Madhesh
2018,Mahottari,0.0,0.0,Millet,26.4250137,33.16939726,20.7240274,51.6969589,768.44,6034.37,2707.47,2.015068493,6.8,11093.325,0.0,August,Madhesh
2018,Mahottari,0.0,0.0,Buckwheat,26.4250137,33.16939726,20.7240274,51.6969589,768.44,6034.37,2707.47,2.015068493,6.8,11093.325,0.0,September,Madhesh
2018,Mahottari,24292.0,2966.0,Wheat,26.4250137,33.16939726,20.7240274,51.6969589,768.44,6034.37,2707.47,2.015068493,6.8,11093.325,72050.072,November,Madhesh
2018,Mahottari,8.0,1000.0,Barley,26.4250137,33.16939726,20.7240274,51.6969589,768.44,6034.37,2707.47,2.015068493,6.8,11093.325,8.0,November,Madhesh
2018,Makwanpur,11520.0,3910.0,Rice,22.01912329,27.58863014,17.68145205,57.55005479,1116.39,6300.33,2916.22,1.454109589,5.9,5552.6,45043.2,July,Bagmati
2018,Makwanpur,25886.0,3157.0,Maize,22.01912329,27.58863014,17.68145205,57.55005479,1116.39,6300.33,2916.22,1.454109589,5.9,5552.6,81722.102,April,Bagmati
2018,Makwanpur,2774.0,1250.0,Millet,22.01912329,27.58863014,17.68145205,57.55005479,1116.39,6300.33,2916.22,1.454109589,5.9,5552.6,3467.5,August,Bagmati
2018,Makwanpur,184.0,1076.0,Buckwheat,22.01912329,27.58863014,17.68145205,57.55005479,1116.39,6300.33,2916.22,1.454109589,5.9,5552.6,197.984,September,Bagmati
2018,Makwanpur,3915.0,3372.0,Wheat,22.01912329,27.58863014,17.68145205,57.55005479,1116.39,6300.33,2916.22,1.454109589,5.9,5552.6,13201.38,November,Bagmati
2018,Makwanpur,252.0,1409.0,Barley,22.01912329,27.58863014,17.68145205,57.55005479,1116.39,6300.33,2916.22,1.454109589,5.9,5552.6,355.068,November,Bagmati
2018,Manang,0.0,0.0,Rice,4.961068493,9.949260274,1.021013699,74.48917808,1352.94,5900.47,2602.15,1.61109589,6.3,5.6,0.0,July,Gandaki
2018,Manang,68.0,1574.0,Maize,4.961068493,9.949260274,1.021013699,74.48917808,1352.94,5900.47,2602.15,1.61109589,6.3,5.6,107.032,April,Gandaki
2018,Manang,0.0,0.0,Millet,4.961068493,9.949260274,1.021013699,74.48917808,1352.94,5900.47,2602.15,1.61109589,6.3,5.6,0.0,August,Gandaki
2018,Manang,263.0,1867.0,Buckwheat,4.961068493,9.949260274,1.021013699,74.48917808,1352.94,5900.47,2602.15,1.61109589,6.3,5.6,491.021,September,Gandaki
2018,Manang,199.0,1397.0,Wheat,4.961068493,9.949260274,1.021013699,74.48917808,1352.94,5900.47,2602.15,1.61109589,6.3,5.6,278.003,November,Gandaki
2018,Manang,109.0,1752.0,Barley,4.961068493,9.949260274,1.021013699,74.48917808,1352.94,5900.47,2602.15,1.61109589,6.3,5.6,190.968,November,Gandaki
2018,Morang,87800.0,4140.0,Rice,24.63136986,30.49775342,19.9799726,59.45052055,1036.42,5746.54,2581.77,1.643315068,6.8,21332.88,363492.0,July,Koshi
2018,Morang,17290.0,3881.0,Maize,24.63136986,30.49775342,19.9799726,59.45052055,1036.42,5746.54,2581.77,1.643315068,6.8,21332.88,67102.49,April,Koshi
2018,Morang,1321.0,1216.0,Millet,24.63136986,30.49775342,19.9799726,59.45052055,1036.42,5746.54,2581.77,1.643315068,6.8,21332.88,1606.336,August,Koshi
2018,Morang,59.0,1051.0,Buckwheat,24.63136986,30.49775342,19.9799726,59.45052055,1036.42,5746.54,2581.77,1.643315068,6.8,21332.88,62.009,September,Koshi
2018,Morang,12305.0,3476.0,Wheat,24.63136986,30.49775342,19.9799726,59.45052055,1036.42,5746.54,2581.77,1.643315068,6.8,21332.88,42772.18,November,Koshi
2018,Morang,0.0,0.0,Barley,24.63136986,30.49775342,19.9799726,59.45052055,1036.42,5746.54,2581.77,1.643315068,6.8,21332.88,0.0,November,Koshi
2018,Mugu,903.0,1330.0,Rice,12.52515068,18.05257534,7.985589041,66.37147945,1247.17,6344.9,2751.8,1.565890411,5.7,0.0,1200.99,July,Karnali
2018,Mugu,588.0,1588.0,Maize,12.52515068,18.05257534,7.985589041,66.37147945,1247.17,6344.9,2751.8,1.565890411,5.7,0.0,933.744,April,Karnali
2018,Mugu,4219.0,770.0,Millet,12.52515068,18.05257534,7.985589041,66.37147945,1247.17,6344.9,2751.8,1.565890411,5.7,0.0,3248.63,August,Karnali
2018,Mugu,455.0,947.0,Buckwheat,12.52515068,18.05257534,7.985589041,66.37147945,1247.17,6344.9,2751.8,1.565890411,5.7,0.0,430.885,September,Karnali
2018,Mugu,3255.0,1008.0,Wheat,12.52515068,18.05257534,7.985589041,66.37147945,1247.17,6344.9,2751.8,1.565890411,5.7,0.0,3281.04,November,Karnali
2018,Mugu,1036.0,1109.0,Barley,12.52515068,18.05257534,7.985589041,66.37147945,1247.17,6344.9,2751.8,1.565890411,5.7,0.0,1148.924,November,Karnali
2018,Mustang,0.0,0.0,Rice,8.027315068,13.26054795,3.950356164,69.96054795,1573.5,5975.1,2585.92,1.553808219,7.3,18.05,0.0,July,Gandaki
2018,Mustang,551.0,1670.0,Maize,8.027315068,13.26054795,3.950356164,69.96054795,1573.5,5975.1,2585.92,1.553808219,7.3,18.05,920.17,April,Gandaki
2018,Mustang,0.0,0.0,Millet,8.027315068,13.26054795,3.950356164,69.96054795,1573.5,5975.1,2585.92,1.553808219,7.3,18.05,0.0,August,Gandaki
2018,Mustang,544.0,1757.0,Buckwheat,8.027315068,13.26054795,3.950356164,69.96054795,1573.5,5975.1,2585.92,1.553808219,7.3,18.05,955.808,September,Gandaki
2018,Mustang,544.0,1890.0,Wheat,8.027315068,13.26054795,3.950356164,69.96054795,1573.5,5975.1,2585.92,1.553808219,7.3,18.05,1028.16,November,Gandaki
2018,Mustang,255.0,1878.0,Barley,8.027315068,13.26054795,3.950356164,69.96054795,1573.5,5975.1,2585.92,1.553808219,7.3,18.05,478.89,November,Gandaki
2018,Myagdi,3884.0,3430.0,Rice,8.027315068,13.26054795,3.950356164,69.96054795,1573.5,5975.1,2585.92,1.553808219,5.8,177.3,13322.12,July,Gandaki
2018,Myagdi,9431.0,3467.0,Maize,8.027315068,13.26054795,3.950356164,69.96054795,1573.5,5975.1,2585.92,1.553808219,5.8,177.3,32697.277,April,Gandaki
2018,Myagdi,2531.0,1330.0,Millet,8.027315068,13.26054795,3.950356164,69.96054795,1573.5,5975.1,2585.92,1.553808219,5.8,177.3,3366.23,August,Gandaki
2018,Myagdi,141.0,979.0,Buckwheat,8.027315068,13.26054795,3.950356164,69.96054795,1573.5,5975.1,2585.92,1.553808219,5.8,177.3,138.039,September,Gandaki
2018,Myagdi,2861.0,2493.0,Wheat,8.027315068,13.26054795,3.950356164,69.96054795,1573.5,5975.1,2585.92,1.553808219,5.8,177.3,7132.473,November,Gandaki
2018,Myagdi,274.0,1350.0,Barley,8.027315068,13.26054795,3.950356164,69.96054795,1573.5,5975.1,2585.92,1.553808219,5.8,177.3,369.9,November,Gandaki
2018,Nawalparasi,42008.0,8322.0,Rice,24.82282192,31.01463014,19.71958904,55.72813699,1454.67,6338.94,2937.19,1.567342466,5.9,11424.376,349590.576,July,Unknown
2018,Nawalparasi,9302.0,5024.0,Maize,24.82282192,31.01463014,19.71958904,55.72813699,1454.67,6338.94,2937.19,1.567342466,5.9,11424.376,46733.248,April,Unknown
2018,Nawalparasi,472.0,2070.0,Millet,24.82282192,31.01463014,19.71958904,55.72813699,1454.67,6338.94,2937.19,1.567342466,5.9,11424.376,977.04,August,Unknown
2018,Nawalparasi,159.0,1962.0,Buckwheat,24.82282192,31.01463014,19.71958904,55.72813699,1454.67,6338.94,2937.19,1.567342466,5.9,11424.376,311.958,September,Unknown
2018,Nawalparasi,16818.0,5476.0,Wheat,24.82282192,31.01463014,19.71958904,55.72813699,1454.67,6338.94,2937.19,1.567342466,5.9,11424.376,92095.368,November,Unknown
2018,Nawalparasi,13.0,2472.0,Barley,24.82282192,31.01463014,19.71958904,55.72813699,1454.67,6338.94,2937.19,1.567342466,5.9,11424.376,32.136,November,Unknown
2018,Nuwakot,16678.0,4320.0,Rice,8.934273973,14.40216438,4.700109589,67.70336986,831.39,6164.56,2752.39,1.739808219,5.7,6477.05,72048.96,July,Bagmati
2018,Nuwakot,16879.0,3534.0,Maize,8.934273973,14.40216438,4.700109589,67.70336986,831.39,6164.56,2752.39,1.739808219,5.7,6477.05,59650.386,April,Bagmati
2018,Nuwakot,5158.0,1237.0,Millet,8.934273973,14.40216438,4.700109589,67.70336986,831.39,6164.56,2752.39,1.739808219,5.7,6477.05,6380.446,August,Bagmati
2018,Nuwakot,177.0,1034.0,Buckwheat,8.934273973,14.40216438,4.700109589,67.70336986,831.39,6164.56,2752.39,1.739808219,5.7,6477.05,183.018,September,Bagmati
2018,Nuwakot,4134.0,3403.0,Wheat,8.934273973,14.40216438,4.700109589,67.70336986,831.39,6164.56,2752.39,1.739808219,5.7,6477.05,14068.002,November,Bagmati
2018,Nuwakot,152.0,1289.0,Barley,8.934273973,14.40216438,4.700109589,67.70336986,831.39,6164.56,2752.39,1.739808219,5.7,6477.05,195.928,November,Bagmati
2018,Okhaldhunga,3928.0,2640.0,Rice,13.50134247,18.692,9.620734384,65.67421918,869.89,5763.58,2590.9,1.548136986,5.7,215.0,10369.92,July,Koshi
2018,Okhaldhunga,12937.0,2578.0,Maize,13.50134247,18.692,9.620734384,65.67421918,869.89,5763.58,2590.9,1.548136986,5.7,215.0,33351.586,April,Koshi
2018,Okhaldhunga,7988.0,1913.0,Millet,13.50134247,18.692,9.620734384,65.67421918,869.89,5763.58,2590.9,1.548136986,5.7,215.0,15281.044,August,Koshi
2018,Okhaldhunga,96.0,938.0,Buckwheat,13.50134247,18.692,9.620734384,65.67421918,869.89,5763.58,2590.9,1.548136986,5.7,215.0,90.048,September,Koshi
2018,Okhaldhunga,2210.0,2086.0,Wheat,13.50134247,18.692,9.620734384,65.67421918,869.89,5763.58,2590.9,1.548136986,5.7,215.0,4610.06,November,Koshi
2018,Okhaldhunga,88.0,1693.0,Barley,13.50134247,18.692,9.620734384,65.67421918,869.89,5763.58,2590.9,1.548136986,5.7,215.0,148.984,November,Koshi
2018,Palpa,7954.0,4110.0,Rice,18.95630137,23.95712329,14.99643836,62.92334247,1641.29,6338.94,2937.19,1.484712329,5.9,1614.525,32690.94,July,Lumbini
2018,Palpa,21031.0,2312.0,Maize,18.95630137,23.95712329,14.99643836,62.92334247,1641.29,6338.94,2937.19,1.484712329,5.9,1614.525,48623.672,April,Lumbini
2018,Palpa,2634.0,1060.0,Millet,18.95630137,23.95712329,14.99643836,62.92334247,1641.29,6338.94,2937.19,1.484712329,5.9,1614.525,2792.04,August,Lumbini
2018,Palpa,432.0,942.0,Buckwheat,18.95630137,23.95712329,14.99643836,62.92334247,1641.29,6338.94,2937.19,1.484712329,5.9,1614.525,406.944,September,Lumbini
2018,Palpa,5741.0,2562.0,Wheat,18.95630137,23.95712329,14.99643836,62.92334247,1641.29,6338.94,2937.19,1.484712329,5.9,1614.525,14708.442,November,Lumbini
2018,Palpa,19.0,1737.0,Barley,18.95630137,23.95712329,14.99643836,62.92334247,1641.29,6338.94,2937.19,1.484712329,5.9,1614.525,33.003,November,Lumbini
2018,Panchthar,8134.0,2610.0,Rice,10.39630137,15.75739726,6.417589041,74.64043836,949.09,5407.32,2389.79,1.806136986,5.7,193.6,21229.74,July,Koshi
2018,Panchthar,18879.0,1982.0,Maize,10.39630137,15.75739726,6.417589041,74.64043836,949.09,5407.32,2389.79,1.806136986,5.7,193.6,37418.178,April,Koshi
2018,Panchthar,4751.0,1914.0,Millet,10.39630137,15.75739726,6.417589041,74.64043836,949.09,5407.32,2389.79,1.806136986,5.7,193.6,9093.414,August,Koshi
2018,Panchthar,59.0,729.0,Buckwheat,10.39630137,15.75739726,6.417589041,74.64043836,949.09,5407.32,2389.79,1.806136986,5.7,193.6,43.011,September,Koshi
2018,Panchthar,3055.0,2428.0,Wheat,10.39630137,15.75739726,6.417589041,74.64043836,949.09,5407.32,2389.79,1.806136986,5.7,193.6,7417.54,November,Koshi
2018,Panchthar,302.0,1341.0,Barley,10.39630137,15.75739726,6.417589041,74.64043836,949.09,5407.32,2389.79,1.806136986,5.7,193.6,404.982,November,Koshi
2018,Parbat,8434.0,3140.0,Rice,8.027315068,13.26054795,3.950356164,69.96054795,1573.5,5975.1,2585.92,1.553808219,5.7,688.6,26482.76,July,Gandaki
2018,Parbat,13673.0,2320.0,Maize,8.027315068,13.26054795,3.950356164,69.96054795,1573.5,5975.1,2585.92,1.553808219,5.7,688.6,31721.36,April,Gandaki
2018,Parbat,8502.0,941.0,Millet,8.027315068,13.26054795,3.950356164,69.96054795,1573.5,5975.1,2585.92,1.553808219,5.7,688.6,8000.382,August,Gandaki
2018,Parbat,44.0,1023.0,Buckwheat,8.027315068,13.26054795,3.950356164,69.96054795,1573.5,5975.1,2585.92,1.553808219,5.7,688.6,45.012,September,Gandaki
2018,Parbat,2646.0,2560.0,Wheat,8.027315068,13.26054795,3.950356164,69.96054795,1573.5,5975.1,2585.92,1.553808219,5.7,688.6,6773.76,November,Gandaki
2018,Parbat,79.0,1316.0,Barley,8.027315068,13.26054795,3.950356164,69.96054795,1573.5,5975.1,2585.92,1.553808219,5.7,688.6,103.964,November,Gandaki
2018,Parsa,46697.0,4110.0,Rice,25.7829863,32.28457534,20.33060274,54.07463014,1065.63,6300.33,2916.22,1.785287671,6.9,22471.625,191924.67,July,Madhesh
2018,Parsa,4412.0,3847.0,Maize,25.7829863,32.28457534,20.33060274,54.07463014,1065.63,6300.33,2916.22,1.785287671,6.9,22471.625,16972.964,April,Madhesh
2018,Parsa,0.0,0.0,Millet,25.7829863,32.28457534,20.33060274,54.07463014,1065.63,6300.33,2916.22,1.785287671,6.9,22471.625,0.0,August,Madhesh
2018,Parsa,0.0,0.0,Buckwheat,25.7829863,32.28457534,20.33060274,54.07463014,1065.63,6300.33,2916.22,1.785287671,6.9,22471.625,0.0,September,Madhesh
2018,Parsa,21981.0,3574.0,Wheat,25.7829863,32.28457534,20.33060274,54.07463014,1065.63,6300.33,2916.22,1.785287671,6.9,22471.625,78560.094,November,Madhesh
2018,Parsa,30.0,1367.0,Barley,25.7829863,32.28457534,20.33060274,54.07463014,1065.63,6300.33,2916.22,1.785287671,6.9,22471.625,41.01,November,Madhesh
2018,Pyuthan,6264.0,3910.0,Rice,22.10356164,27.7979726,17.63090411,55.84536986,1621.92,6185.69,2685.21,1.831287671,6.5,580.05,24492.24,July,Lumbini
2018,Pyuthan,11354.0,2217.0,Maize,22.10356164,27.7979726,17.63090411,55.84536986,1621.92,6185.69,2685.21,1.831287671,6.5,580.05,25171.818,April,Lumbini
2018,Pyuthan,2088.0,1113.0,Millet,22.10356164,27.7979726,17.63090411,55.84536986,1621.92,6185.69,2685.21,1.831287671,6.5,580.05,2323.944,August,Lumbini
2018,Pyuthan,11.0,1091.0,Buckwheat,22.10356164,27.7979726,17.63090411,55.84536986,1621.92,6185.69,2685.21,1.831287671,6.5,580.05,12.001,September,Lumbini
2018,Pyuthan,8036.0,3097.0,Wheat,22.10356164,27.7979726,17.63090411,55.84536986,1621.92,6185.69,2685.21,1.831287671,6.5,580.05,24887.492,November,Lumbini
2018,Pyuthan,467.0,1632.0,Barley,22.10356164,27.7979726,17.63090411,55.84536986,1621.92,6185.69,2685.21,1.831287671,6.5,580.05,762.144,November,Lumbini
2018,Ramechap,8909.0,3130.0,Rice,13.50134247,18.692,9.620734384,65.67421918,869.89,5763.58,2590.9,1.548136986,5.4,959.9,27885.17,July,Unknown
2018,Ramechap,22034.0,2876.0,Maize,13.50134247,18.692,9.620734384,65.67421918,869.89,5763.58,2590.9,1.548136986,5.4,959.9,63369.784,April,Unknown
2018,Ramechap,4933.0,1156.0,Millet,13.50134247,18.692,9.620734384,65.67421918,869.89,5763.58,2590.9,1.548136986,5.4,959.9,5702.548,August,Unknown
2018,Ramechap,17.0,1000.0,Buckwheat,13.50134247,18.692,9.620734384,65.67421918,869.89,5763.58,2590.9,1.548136986,5.4,959.9,17.0,September,Unknown
2018,Ramechap,3899.0,2261.0,Wheat,13.50134247,18.692,9.620734384,65.67421918,869.89,5763.58,2590.9,1.548136986,5.4,959.9,8815.639,November,Unknown
2018,Ramechap,62.0,1290.0,Barley,13.50134247,18.692,9.620734384,65.67421918,869.89,5763.58,2590.9,1.548136986,5.4,959.9,79.98,November,Unknown
2018,Rasuwa,1256.0,3250.0,Rice,8.934273973,14.40216438,4.700109589,67.70336986,831.39,6322.88,2747.31,1.739808219,6.1,150.45,4082.0,July,Bagmati
2018,Rasuwa,2507.0,2400.0,Maize,8.934273973,14.40216438,4.700109589,67.70336986,831.39,6322.88,2747.31,1.739808219,6.1,150.45,6016.8,April,Bagmati
2018,Rasuwa,831.0,1071.0,Millet,8.934273973,14.40216438,4.700109589,67.70336986,831.39,6322.88,2747.31,1.739808219,6.1,150.45,890.001,August,Bagmati
2018,Rasuwa,0.0,0.0,Buckwheat,8.934273973,14.40216438,4.700109589,67.70336986,831.39,6322.88,2747.31,1.739808219,6.1,150.45,0.0,September,Bagmati
2018,Rasuwa,701.0,1956.0,Wheat,8.934273973,14.40216438,4.700109589,67.70336986,831.39,6322.88,2747.31,1.739808219,6.1,150.45,1371.156,November,Bagmati
2018,Rasuwa,254.0,1276.0,Barley,8.934273973,14.40216438,4.700109589,67.70336986,831.39,6322.88,2747.31,1.739808219,6.1,150.45,324.104,November,Bagmati
2018,Rautahat,39519.0,3410.0,Rice,24.85238356,31.02175342,19.9769589,52.96254795,904.3,6034.37,2707.47,1.67909589,6.8,14113.45,134759.79,July,Madhesh
2018,Rautahat,3416.0,3193.0,Maize,24.85238356,31.02175342,19.9769589,52.96254795,904.3,6034.37,2707.47,1.67909589,6.8,14113.45,10907.288,April,Madhesh
2018,Rautahat,66.0,1061.0,Millet,24.85238356,31.02175342,19.9769589,52.96254795,904.3,6034.37,2707.47,1.67909589,6.8,14113.45,70.026,August,Madhesh
2018,Rautahat,0.0,0.0,Buckwheat,24.85238356,31.02175342,19.9769589,52.96254795,904.3,6034.37,2707.47,1.67909589,6.8,14113.45,0.0,September,Madhesh
2018,Rautahat,14982.0,3586.0,Wheat,24.85238356,31.02175342,19.9769589,52.96254795,904.3,6034.37,2707.47,1.67909589,6.8,14113.45,53725.452,November,Madhesh
2018,Rautahat,3.0,1333.0,Barley,24.85238356,31.02175342,19.9769589,52.96254795,904.3,6034.37,2707.47,1.67909589,6.8,14113.45,3.999,November,Madhesh
2018,Rolpa,4407.0,3250.0,Rice,14.85641096,20.56438356,10.27509589,63.02194521,1538.45,6185.69,2685.21,1.702876712,6.1,231.4,14322.75,July,Lumbini
2018,Rolpa,13264.0,2587.0,Maize,14.85641096,20.56438356,10.27509589,63.02194521,1538.45,6185.69,2685.21,1.702876712,6.1,231.4,34313.968,April,Lumbini
2018,Rolpa,1024.0,1135.0,Millet,14.85641096,20.56438356,10.27509589,63.02194521,1538.45,6185.69,2685.21,1.702876712,6.1,231.4,1162.24,August,Lumbini
2018,Rolpa,114.0,895.0,Buckwheat,14.85641096,20.56438356,10.27509589,63.02194521,1538.45,6185.69,2685.21,1.702876712,6.1,231.4,102.03,September,Lumbini
2018,Rolpa,8417.0,2934.0,Wheat,14.85641096,20.56438356,10.27509589,63.02194521,1538.45,6185.69,2685.21,1.702876712,6.1,231.4,24695.478,November,Lumbini
2018,Rolpa,560.0,1168.0,Barley,14.85641096,20.56438356,10.27509589,63.02194521,1538.45,6185.69,2685.21,1.702876712,6.1,231.4,654.08,November,Lumbini
2018,Rukum,3510.0,5332.0,Rice,14.85641096,20.56438356,10.27509589,63.02194521,1538.45,6176.3,2679.45,1.702876712,6.8,239.575,18715.32,July,Unknown
2018,Rukum,16938.0,4684.0,Maize,14.85641096,20.56438356,10.27509589,63.02194521,1538.45,6176.3,2679.45,1.702876712,6.8,239.575,79337.592,April,Unknown
2018,Rukum,921.0,2656.0,Millet,14.85641096,20.56438356,10.27509589,63.02194521,1538.45,6176.3,2679.45,1.702876712,6.8,239.575,2446.176,August,Unknown
2018,Rukum,0.0,0.0,Buckwheat,14.85641096,20.56438356,10.27509589,63.02194521,1538.45,6176.3,2679.45,1.702876712,6.8,239.575,0.0,September,Unknown
2018,Rukum,10932.0,5213.0,Wheat,14.85641096,20.56438356,10.27509589,63.02194521,1538.45,6176.3,2679.45,1.702876712,6.8,239.575,56988.516,November,Unknown
2018,Rukum,812.0,2513.0,Barley,14.85641096,20.56438356,10.27509589,63.02194521,1538.45,6176.3,2679.45,1.702876712,6.8,239.575,2040.556,November,Unknown
2018,Rupandehi,64213.0,4150.0,Rice,24.82282192,31.01463014,19.71958904,55.72813699,1454.67,6338.94,2937.19,1.567342466,6.6,32066.225,266483.95,July,Lumbini
2018,Rupandehi,2691.0,3910.0,Maize,24.82282192,31.01463014,19.71958904,55.72813699,1454.67,6338.94,2937.19,1.567342466,6.6,32066.225,10521.81,April,Lumbini
2018,Rupandehi,41.0,1122.0,Millet,24.82282192,31.01463014,19.71958904,55.72813699,1454.67,6338.94,2937.19,1.567342466,6.6,32066.225,46.002,August,Lumbini
2018,Rupandehi,0.0,0.0,Buckwheat,24.82282192,31.01463014,19.71958904,55.72813699,1454.67,6338.94,2937.19,1.567342466,6.6,32066.225,0.0,September,Lumbini
2018,Rupandehi,26460.0,3471.0,Wheat,24.82282192,31.01463014,19.71958904,55.72813699,1454.67,6338.94,2937.19,1.567342466,6.6,32066.225,91842.66,November,Lumbini
2018,Rupandehi,75.0,2587.0,Barley,24.82282192,31.01463014,19.71958904,55.72813699,1454.67,6338.94,2937.19,1.567342466,6.6,32066.225,194.025,November,Lumbini
2018,Salyan,6712.0,4090.0,Rice,22.10356164,27.7979726,17.63090411,55.84536986,1621.92,6185.69,2685.21,1.831287671,5.9,785.7,27452.08,July,Karnali
2018,Salyan,20679.0,2289.0,Maize,22.10356164,27.7979726,17.63090411,55.84536986,1621.92,6185.69,2685.21,1.831287671,5.9,785.7,47334.231,April,Karnali
2018,Salyan,1015.0,1109.0,Millet,22.10356164,27.7979726,17.63090411,55.84536986,1621.92,6185.69,2685.21,1.831287671,5.9,785.7,1125.635,August,Karnali
2018,Salyan,58.0,1172.0,Buckwheat,22.10356164,27.7979726,17.63090411,55.84536986,1621.92,6185.69,2685.21,1.831287671,5.9,785.7,67.976,September,Karnali
2018,Salyan,13914.0,2323.0,Wheat,22.10356164,27.7979726,17.63090411,55.84536986,1621.92,6185.69,2685.21,1.831287671,5.9,785.7,32322.222,November,Karnali
2018,Salyan,952.0,1334.0,Barley,22.10356164,27.7979726,17.63090411,55.84536986,1621.92,6185.69,2685.21,1.831287671,5.9,785.7,1269.968,November,Karnali
2018,Sankhuwashava,12134.0,2680.0,Rice,10.39630137,15.75739726,6.417589041,74.64043836,949.09,5407.32,2389.79,1.806136986,5.6,807.6,32519.12,July,Unknown
2018,Sankhuwashava,12457.0,1939.0,Maize,10.39630137,15.75739726,6.417589041,74.64043836,949.09,5407.32,2389.79,1.806136986,5.6,807.6,24154.123,April,Unknown
2018,Sankhuwashava,6663.0,1269.0,Millet,10.39630137,15.75739726,6.417589041,74.64043836,949.09,5407.32,2389.79,1.806136986,5.6,807.6,8455.347,August,Unknown
2018,Sankhuwashava,18.0,1000.0,Buckwheat,10.39630137,15.75739726,6.417589041,74.64043836,949.09,5407.32,2389.79,1.806136986,5.6,807.6,18.0,September,Unknown
2018,Sankhuwashava,715.0,2249.0,Wheat,10.39630137,15.75739726,6.417589041,74.64043836,949.09,5407.32,2389.79,1.806136986,5.6,807.6,1608.035,November,Unknown
2018,Sankhuwashava,15.0,1133.0,Barley,10.39630137,15.75739726,6.417589041,74.64043836,949.09,5407.32,2389.79,1.806136986,5.6,807.6,16.995,November,Unknown
2018,Saptari,52241.0,3520.0,Rice,25.18271233,31.08005479,20.3849863,57.79624658,1015.14,5995.5,2689.97,1.74939726,6.6,13866.35,183888.32,July,Madhesh
2018,Saptari,3854.0,2854.0,Maize,25.18271233,31.08005479,20.3849863,57.79624658,1015.14,5995.5,2689.97,1.74939726,6.6,13866.35,10999.316,April,Madhesh
2018,Saptari,189.0,1275.0,Millet,25.18271233,31.08005479,20.3849863,57.79624658,1015.14,5995.5,2689.97,1.74939726,6.6,13866.35,240.975,August,Madhesh
2018,Saptari,0.0,0.0,Buckwheat,25.18271233,31.08005479,20.3849863,57.79624658,1015.14,5995.5,2689.97,1.74939726,6.6,13866.35,0.0,September,Madhesh
2018,Saptari,15273.0,3477.0,Wheat,25.18271233,31.08005479,20.3849863,57.79624658,1015.14,5995.5,2689.97,1.74939726,6.6,13866.35,53104.221,November,Madhesh
2018,Saptari,0.0,0.0,Barley,25.18271233,31.08005479,20.3849863,57.79624658,1015.14,5995.5,2689.97,1.74939726,6.6,13866.35,0.0,November,Madhesh
2018,Sarlahi,48769.0,3560.0,Rice,24.85238356,31.02175342,19.9769589,52.96254795,904.3,6034.37,2707.47,1.67909589,6.6,11474.25,173617.64,July,Madhesh
2018,Sarlahi,11123.0,3241.0,Maize,24.85238356,31.02175342,19.9769589,52.96254795,904.3,6034.37,2707.47,1.67909589,6.6,11474.25,36049.643,April,Madhesh
2018,Sarlahi,747.0,874.0,Millet,24.85238356,31.02175342,19.9769589,52.96254795,904.3,6034.37,2707.47,1.67909589,6.6,11474.25,652.878,August,Madhesh
2018,Sarlahi,0.0,0.0,Buckwheat,24.85238356,31.02175342,19.9769589,52.96254795,904.3,6034.37,2707.47,1.67909589,6.6,11474.25,0.0,September,Madhesh
2018,Sarlahi,22462.0,3301.0,Wheat,24.85238356,31.02175342,19.9769589,52.96254795,904.3,6034.37,2707.47,1.67909589,6.6,11474.25,74147.062,November,Madhesh
2018,Sarlahi,62.0,1113.0,Barley,24.85238356,31.02175342,19.9769589,52.96254795,904.3,6034.37,2707.47,1.67909589,6.6,11474.25,69.006,November,Madhesh
2018,Sindhuli,14287.0,3750.0,Rice,22.76063014,28.47980822,18.39684932,56.25909589,913.02,5763.58,2590.9,1.635178082,6.0,2854.1,53576.25,July,Bagmati
2018,Sindhuli,25136.0,3194.0,Maize,22.76063014,28.47980822,18.39684932,56.25909589,913.02,5763.58,2590.9,1.635178082,6.0,2854.1,80284.384,April,Bagmati
2018,Sindhuli,11801.0,1098.0,Millet,22.76063014,28.47980822,18.39684932,56.25909589,913.02,5763.58,2590.9,1.635178082,6.0,2854.1,12957.498,August,Bagmati
2018,Sindhuli,498.0,952.0,Buckwheat,22.76063014,28.47980822,18.39684932,56.25909589,913.02,5763.58,2590.9,1.635178082,6.0,2854.1,474.096,September,Bagmati
2018,Sindhuli,5645.0,3068.0,Wheat,22.76063014,28.47980822,18.39684932,56.25909589,913.02,5763.58,2590.9,1.635178082,6.0,2854.1,17318.86,November,Bagmati
2018,Sindhuli,42.0,1571.0,Barley,22.76063014,28.47980822,18.39684932,56.25909589,913.02,5763.58,2590.9,1.635178082,6.0,2854.1,65.982,November,Bagmati
2018,Sindhupalchok,12547.0,2870.0,Rice,8.934273973,14.40216438,4.700109589,67.70336986,831.39,6164.56,2752.39,1.739808219,5.6,2467.25,36009.89,July,Bagmati
2018,Sindhupalchok,24687.0,2813.0,Maize,8.934273973,14.40216438,4.700109589,67.70336986,831.39,6164.56,2752.39,1.739808219,5.6,2467.25,69444.531,April,Bagmati
2018,Sindhupalchok,16659.0,1312.0,Millet,8.934273973,14.40216438,4.700109589,67.70336986,831.39,6164.56,2752.39,1.739808219,5.6,2467.25,21856.608,August,Bagmati
2018,Sindhupalchok,0.0,0.0,Buckwheat,8.934273973,14.40216438,4.700109589,67.70336986,831.39,6164.56,2752.39,1.739808219,5.6,2467.25,0.0,September,Bagmati
2018,Sindhupalchok,6927.0,1163.0,Wheat,8.934273973,14.40216438,4.700109589,67.70336986,831.39,6164.56,2752.39,1.739808219,5.6,2467.25,8056.101,November,Bagmati
2018,Sindhupalchok,172.0,1157.0,Barley,8.934273973,14.40216438,4.700109589,67.70336986,831.39,6164.56,2752.39,1.739808219,5.6,2467.25,199.004,November,Bagmati
2018,Siraha,50197.0,3430.0,Rice,25.94246575,32.37260274,20.69610959,53.81284932,860.16,5995.5,2689.97,1.904684932,6.8,14124.4,172175.71,July,Madhesh
2018,Siraha,3816.0,2331.0,Maize,25.94246575,32.37260274,20.69610959,53.81284932,860.16,5995.5,2689.97,1.904684932,6.8,14124.4,8895.096,April,Madhesh
2018,Siraha,445.0,1002.0,Millet,25.94246575,32.37260274,20.69610959,53.81284932,860.16,5995.5,2689.97,1.904684932,6.8,14124.4,445.89,August,Madhesh
2018,Siraha,0.0,0.0,Buckwheat,25.94246575,32.37260274,20.69610959,53.81284932,860.16,5995.5,2689.97,1.904684932,6.8,14124.4,0.0,September,Madhesh
2018,Siraha,11777.0,3393.0,Wheat,25.94246575,32.37260274,20.69610959,53.81284932,860.16,5995.5,2689.97,1.904684932,6.8,14124.4,39959.361,November,Madhesh
2018,Siraha,0.0,0.0,Barley,25.94246575,32.37260274,20.69610959,53.81284932,860.16,5995.5,2689.97,1.904684932,6.8,14124.4,0.0,November,Madhesh
2018,Solukhumbu,1353.0,2640.0,Rice,9.082410959,14.3779726,5.047726027,71.95150685,897.55,5763.58,2590.9,1.769972603,5.8,24.1,3571.92,July,Koshi
2018,Solukhumbu,13528.0,2421.0,Maize,9.082410959,14.3779726,5.047726027,71.95150685,897.55,5763.58,2590.9,1.769972603,5.8,24.1,32751.288,April,Koshi
2018,Solukhumbu,1948.0,1372.0,Millet,9.082410959,14.3779726,5.047726027,71.95150685,897.55,5763.58,2590.9,1.769972603,5.8,24.1,2672.656,August,Koshi
2018,Solukhumbu,294.0,898.0,Buckwheat,9.082410959,14.3779726,5.047726027,71.95150685,897.55,5763.58,2590.9,1.769972603,5.8,24.1,264.012,September,Koshi
2018,Solukhumbu,2665.0,1915.0,Wheat,9.082410959,14.3779726,5.047726027,71.95150685,897.55,5763.58,2590.9,1.769972603,5.8,24.1,5103.475,November,Koshi
2018,Solukhumbu,171.0,1082.0,Barley,9.082410959,14.3779726,5.047726027,71.95150685,897.55,5763.58,2590.9,1.769972603,5.8,24.1,185.022,November,Koshi
2018,Sunsari,54214.0,3980.0,Rice,24.63136986,30.49775342,19.9799726,59.45052055,1036.42,5746.54,2581.77,1.643315068,6.6,7425.72,215771.72,July,Koshi
2018,Sunsari,8896.0,2712.0,Maize,24.63136986,30.49775342,19.9799726,59.45052055,1036.42,5746.54,2581.77,1.643315068,6.6,7425.72,24125.952,April,Koshi
2018,Sunsari,592.0,1171.0,Millet,24.63136986,30.49775342,19.9799726,59.45052055,1036.42,5746.54,2581.77,1.643315068,6.6,7425.72,693.232,August,Koshi
2018,Sunsari,285.0,1032.0,Buckwheat,24.63136986,30.49775342,19.9799726,59.45052055,1036.42,5746.54,2581.77,1.643315068,6.6,7425.72,294.12,September,Koshi
2018,Sunsari,11848.0,4047.0,Wheat,24.63136986,30.49775342,19.9799726,59.45052055,1036.42,5746.54,2581.77,1.643315068,6.6,7425.72,47948.856,November,Koshi
2018,Sunsari,10.0,2100.0,Barley,24.63136986,30.49775342,19.9799726,59.45052055,1036.42,5746.54,2581.77,1.643315068,6.6,7425.72,21.0,November,Koshi
2018,Surkhet,12679.0,4020.0,Rice,20.08528767,25.59189041,15.55032877,58.64580822,1586.93,6075.23,2695.49,1.523178082,5.9,1826.7,50969.58,July,Karnali
2018,Surkhet,15781.0,2794.0,Maize,20.08528767,25.59189041,15.55032877,58.64580822,1586.93,6075.23,2695.49,1.523178082,5.9,1826.7,44092.114,April,Karnali
2018,Surkhet,2066.0,1420.0,Millet,20.08528767,25.59189041,15.55032877,58.64580822,1586.93,6075.23,2695.49,1.523178082,5.9,1826.7,2933.72,August,Karnali
2018,Surkhet,0.0,0.0,Buckwheat,20.08528767,25.59189041,15.55032877,58.64580822,1586.93,6075.23,2695.49,1.523178082,5.9,1826.7,0.0,September,Karnali
2018,Surkhet,14179.0,2971.0,Wheat,20.08528767,25.59189041,15.55032877,58.64580822,1586.93,6075.23,2695.49,1.523178082,5.9,1826.7,42125.809,November,Karnali
2018,Surkhet,929.0,1529.0,Barley,20.08528767,25.59189041,15.55032877,58.64580822,1586.93,6075.23,2695.49,1.523178082,5.9,1826.7,1420.441,November,Karnali
2018,Syangja,15879.0,4140.0,Rice,18.95630137,23.95712329,14.99643836,62.92334247,1641.29,5975.1,2585.92,1.484712329,6.0,1291.15,65739.06,July,Gandaki
2018,Syangja,26457.0,3647.0,Maize,18.95630137,23.95712329,14.99643836,62.92334247,1641.29,5975.1,2585.92,1.484712329,6.0,1291.15,96488.679,April,Gandaki
2018,Syangja,15932.0,1164.0,Millet,18.95630137,23.95712329,14.99643836,62.92334247,1641.29,5975.1,2585.92,1.484712329,6.0,1291.15,18544.848,August,Gandaki
2018,Syangja,213.0,991.0,Buckwheat,18.95630137,23.95712329,14.99643836,62.92334247,1641.29,5975.1,2585.92,1.484712329,6.0,1291.15,211.083,September,Gandaki
2018,Syangja,5185.0,2593.0,Wheat,18.95630137,23.95712329,14.99643836,62.92334247,1641.29,5975.1,2585.92,1.484712329,6.0,1291.15,13444.705,November,Gandaki
2018,Syangja,4.0,1250.0,Barley,18.95630137,23.95712329,14.99643836,62.92334247,1641.29,5975.1,2585.92,1.484712329,6.0,1291.15,5.0,November,Gandaki
2018,Tanahu,11284.0,3970.0,Rice,18.95630137,23.95712329,14.99643836,62.92334247,1641.29,6300.33,2916.22,1.484712329,5.6,1843.1,44797.48,July,Gandaki
2018,Tanahu,22647.0,3254.0,Maize,18.95630137,23.95712329,14.99643836,62.92334247,1641.29,6300.33,2916.22,1.484712329,5.6,1843.1,73693.338,April,Gandaki
2018,Tanahu,6558.0,900.0,Millet,18.95630137,23.95712329,14.99643836,62.92334247,1641.29,6300.33,2916.22,1.484712329,5.6,1843.1,5902.2,August,Gandaki
2018,Tanahu,169.0,1006.0,Buckwheat,18.95630137,23.95712329,14.99643836,62.92334247,1641.29,6300.33,2916.22,1.484712329,5.6,1843.1,170.014,September,Gandaki
2018,Tanahu,1682.0,2272.0,Wheat,18.95630137,23.95712329,14.99643836,62.92334247,1641.29,6300.33,2916.22,1.484712329,5.6,1843.1,3821.504,November,Gandaki
2018,Tanahu,5.0,1000.0,Barley,18.95630137,23.95712329,14.99643836,62.92334247,1641.29,6300.33,2916.22,1.484712329,5.6,1843.1,5.0,November,Gandaki
2018,Taplejung,3877.0,2670.0,Rice,5.193753425,10.19512329,1.431315068,77.76227397,1362.22,5407.32,2389.79,1.572,5.4,313.1,10351.59,July,Koshi
2018,Taplejung,9968.0,3427.0,Maize,5.193753425,10.19512329,1.431315068,77.76227397,1362.22,5407.32,2389.79,1.572,5.4,313.1,34160.336,April,Koshi
2018,Taplejung,3005.0,1395.0,Millet,5.193753425,10.19512329,1.431315068,77.76227397,1362.22,5407.32,2389.79,1.572,5.4,313.1,4191.975,August,Koshi
2018,Taplejung,109.0,1404.0,Buckwheat,5.193753425,10.19512329,1.431315068,77.76227397,1362.22,5407.32,2389.79,1.572,5.4,313.1,153.036,September,Koshi
2018,Taplejung,1538.0,1870.0,Wheat,5.193753425,10.19512329,1.431315068,77.76227397,1362.22,5407.32,2389.79,1.572,5.4,313.1,2876.06,November,Koshi
2018,Taplejung,265.0,1374.0,Barley,5.193753425,10.19512329,1.431315068,77.76227397,1362.22,5407.32,2389.79,1.572,5.4,313.1,364.11,November,Koshi
2018,Terhathum,8534.0,2450.0,Rice,19.91208219,25.13336986,15.92857534,64.83476712,1038.41,5407.32,2389.79,1.489534247,5.6,558.9,20908.3,July,Unknown
2018,Terhathum,12897.0,2410.0,Maize,19.91208219,25.13336986,15.92857534,64.83476712,1038.41,5407.32,2389.79,1.489534247,5.6,558.9,31081.77,April,Unknown
2018,Terhathum,2604.0,1144.0,Millet,19.91208219,25.13336986,15.92857534,64.83476712,1038.41,5407.32,2389.79,1.489534247,5.6,558.9,2978.976,August,Unknown
2018,Terhathum,26.0,923.0,Buckwheat,19.91208219,25.13336986,15.92857534,64.83476712,1038.41,5407.32,2389.79,1.489534247,5.6,558.9,23.998,September,Unknown
2018,Terhathum,2401.0,1980.0,Wheat,19.91208219,25.13336986,15.92857534,64.83476712,1038.41,5407.32,2389.79,1.489534247,5.6,558.9,4753.98,November,Unknown
2018,Terhathum,64.0,1172.0,Barley,19.91208219,25.13336986,15.92857534,64.83476712,1038.41,5407.32,2389.79,1.489534247,5.6,558.9,75.008,November,Unknown
2018,Udayapur,14578.0,4050.0,Rice,18.19082192,23.17073973,14.54123288,69.05778082,1565.39,5746.54,2581.77,1.211780822,5.4,1876.55,59040.9,July,Koshi
2018,Udayapur,17836.0,2234.0,Maize,18.19082192,23.17073973,14.54123288,69.05778082,1565.39,5746.54,2581.77,1.211780822,5.4,1876.55,39845.624,April,Koshi
2018,Udayapur,2864.0,1966.0,Millet,18.19082192,23.17073973,14.54123288,69.05778082,1565.39,5746.54,2581.77,1.211780822,5.4,1876.55,5630.624,August,Koshi
2018,Udayapur,17.0,941.0,Buckwheat,18.19082192,23.17073973,14.54123288,69.05778082,1565.39,5746.54,2581.77,1.211780822,5.4,1876.55,15.997,September,Koshi
2018,Udayapur,5799.0,2418.0,Wheat,18.19082192,23.17073973,14.54123288,69.05778082,1565.39,5746.54,2581.77,1.211780822,5.4,1876.55,14021.982,November,Koshi
2018,Udayapur,33.0,1758.0,Barley,18.19082192,23.17073973,14.54123288,69.05778082,1565.39,5746.54,2581.77,1.211780822,5.4,1876.55,58.014,November,Koshi
2019,Achham,16580.0,2100.0,Rice,12.16150685,17.47276712,7.603041096,69.93328767,1230.83,6116.91,2667.29,1.513068493,6.1,117.7,34818.0,July,Sudurpashchim
2019,Achham,6540.0,2706.0,Maize,12.16150685,17.47276712,7.603041096,69.93328767,1230.83,6116.91,2667.29,1.513068493,6.1,117.7,17697.24,April,Sudurpashchim
2019,Achham,3538.0,1031.0,Millet,12.16150685,17.47276712,7.603041096,69.93328767,1230.83,6116.91,2667.29,1.513068493,6.1,117.7,3647.678,August,Sudurpashchim
2019,Achham,0.0,0.0,Buckwheat,12.16150685,17.47276712,7.603041096,69.93328767,1230.83,6116.91,2667.29,1.513068493,6.1,117.7,0.0,September,Sudurpashchim
2019,Achham,14419.0,2130.0,Wheat,12.16150685,17.47276712,7.603041096,69.93328767,1230.83,6116.91,2667.29,1.513068493,6.1,117.7,30712.47,November,Sudurpashchim
2019,Achham,445.0,1267.0,Barley,12.16150685,17.47276712,7.603041096,69.93328767,1230.83,6116.91,2667.29,1.513068493,6.1,117.7,563.815,November,Sudurpashchim
2019,Arghakhanchi,6819.0,3314.0,Rice,19.69958904,24.83991781,15.6620274,62.21630137,1640.4,6266.71,2928.24,1.689013699,5.9,1211.1,22598.166,July,Lumbini
2019,Arghakhanchi,16041.0,3183.0,Maize,19.69958904,24.83991781,15.6620274,62.21630137,1640.4,6266.71,2928.24,1.689013699,5.9,1211.1,51058.503,April,Lumbini
2019,Arghakhanchi,505.0,1125.0,Millet,19.69958904,24.83991781,15.6620274,62.21630137,1640.4,6266.71,2928.24,1.689013699,5.9,1211.1,568.125,August,Lumbini
2019,Arghakhanchi,236.0,915.0,Buckwheat,19.69958904,24.83991781,15.6620274,62.21630137,1640.4,6266.71,2928.24,1.689013699,5.9,1211.1,215.94,September,Lumbini
2019,Arghakhanchi,5451.0,2940.0,Wheat,19.69958904,24.83991781,15.6620274,62.21630137,1640.4,6266.71,2928.24,1.689013699,5.9,1211.1,16025.94,November,Lumbini
2019,Arghakhanchi,200.0,1930.0,Barley,19.69958904,24.83991781,15.6620274,62.21630137,1640.4,6266.71,2928.24,1.689013699,5.9,1211.1,386.0,November,Lumbini
2019,Baglung,5580.0,3429.0,Rice,18.97964384,23.83947945,15.13328767,66.23728767,1885.15,5919.13,2580.17,1.464328767,5.7,692.8,19133.82,July,Gandaki
2019,Baglung,20420.0,3543.0,Maize,18.97964384,23.83947945,15.13328767,66.23728767,1885.15,5919.13,2580.17,1.464328767,5.7,692.8,72348.06,April,Gandaki
2019,Baglung,18255.0,1252.0,Millet,18.97964384,23.83947945,15.13328767,66.23728767,1885.15,5919.13,2580.17,1.464328767,5.7,692.8,22855.26,August,Gandaki
2019,Baglung,79.0,1418.0,Buckwheat,18.97964384,23.83947945,15.13328767,66.23728767,1885.15,5919.13,2580.17,1.464328767,5.7,692.8,112.022,September,Gandaki
2019,Baglung,6384.0,2606.0,Wheat,18.97964384,23.83947945,15.13328767,66.23728767,1885.15,5919.13,2580.17,1.464328767,5.7,692.8,16636.704,November,Gandaki
2019,Baglung,774.0,1469.0,Barley,18.97964384,23.83947945,15.13328767,66.23728767,1885.15,5919.13,2580.17,1.464328767,5.7,692.8,1137.006,November,Gandaki
2019,Baitadi,8545.0,2129.0,Rice,10.77326027,16.67320548,5.664356164,66.734,878.06,6451.66,2859.23,1.624767123,6.0,134.95,18192.305,July,Sudurpashchim
2019,Baitadi,14999.0,1934.0,Maize,10.77326027,16.67320548,5.664356164,66.734,878.06,6451.66,2859.23,1.624767123,6.0,134.95,29008.066,April,Sudurpashchim
2019,Baitadi,350.0,1140.0,Millet,10.77326027,16.67320548,5.664356164,66.734,878.06,6451.66,2859.23,1.624767123,6.0,134.95,399.0,August,Sudurpashchim
2019,Baitadi,0.0,0.0,Buckwheat,10.77326027,16.67320548,5.664356164,66.734,878.06,6451.66,2859.23,1.624767123,6.0,134.95,0.0,September,Sudurpashchim
2019,Baitadi,19497.0,2120.0,Wheat,10.77326027,16.67320548,5.664356164,66.734,878.06,6451.66,2859.23,1.624767123,6.0,134.95,41333.64,November,Sudurpashchim
2019,Baitadi,885.0,701.0,Barley,10.77326027,16.67320548,5.664356164,66.734,878.06,6451.66,2859.23,1.624767123,6.0,134.95,620.385,November,Sudurpashchim
2019,Bajhang,7006.0,3406.0,Rice,10.77326027,16.67320548,5.664356164,66.734,878.06,6116.91,2667.29,1.624767123,5.6,146.4,23862.436,July,Sudurpashchim
2019,Bajhang,4186.0,1400.0,Maize,10.77326027,16.67320548,5.664356164,66.734,878.06,6116.91,2667.29,1.624767123,5.6,146.4,5860.4,April,Sudurpashchim
2019,Bajhang,2735.0,800.0,Millet,10.77326027,16.67320548,5.664356164,66.734,878.06,6116.91,2667.29,1.624767123,5.6,146.4,2188.0,August,Sudurpashchim
2019,Bajhang,6.0,1167.0,Buckwheat,10.77326027,16.67320548,5.664356164,66.734,878.06,6116.91,2667.29,1.624767123,5.6,146.4,7.002,September,Sudurpashchim
2019,Bajhang,10187.0,1529.0,Wheat,10.77326027,16.67320548,5.664356164,66.734,878.06,6116.91,2667.29,1.624767123,5.6,146.4,15575.923,November,Sudurpashchim
2019,Bajhang,3941.0,786.0,Barley,10.77326027,16.67320548,5.664356164,66.734,878.06,6116.91,2667.29,1.624767123,5.6,146.4,3097.626,November,Sudurpashchim
2019,Bajura,4200.0,2500.0,Rice,8.625972603,14.82065753,3.396054795,68.35663014,866.3,6116.91,2667.29,1.611068493,6.0,263.65,10500.0,July,Sudurpashchim
2019,Bajura,914.0,1597.0,Maize,8.625972603,14.82065753,3.396054795,68.35663014,866.3,6116.91,2667.29,1.611068493,6.0,263.65,1459.658,April,Sudurpashchim
2019,Bajura,2494.0,1015.0,Millet,8.625972603,14.82065753,3.396054795,68.35663014,866.3,6116.91,2667.29,1.611068493,6.0,263.65,2531.41,August,Sudurpashchim
2019,Bajura,7.0,1571.0,Buckwheat,8.625972603,14.82065753,3.396054795,68.35663014,866.3,6116.91,2667.29,1.611068493,6.0,263.65,10.997,September,Sudurpashchim
2019,Bajura,6660.0,1400.0,Wheat,8.625972603,14.82065753,3.396054795,68.35663014,866.3,6116.91,2667.29,1.611068493,6.0,263.65,9324.0,November,Sudurpashchim
2019,Bajura,976.0,1014.0,Barley,8.625972603,14.82065753,3.396054795,68.35663014,866.3,6116.91,2667.29,1.611068493,6.0,263.65,989.664,November,Sudurpashchim
2019,Banke,31500.0,3476.0,Rice,19.80356164,25.09391781,15.39747945,62.87572603,1507.45,6018.39,2685.62,1.488547945,6.4,6770.95,109494.0,July,Lumbini
2019,Banke,9336.0,2776.0,Maize,19.80356164,25.09391781,15.39747945,62.87572603,1507.45,6018.39,2685.62,1.488547945,6.4,6770.95,25916.736,April,Lumbini
2019,Banke,0.0,0.0,Millet,19.80356164,25.09391781,15.39747945,62.87572603,1507.45,6018.39,2685.62,1.488547945,6.4,6770.95,0.0,August,Lumbini
2019,Banke,0.0,0.0,Buckwheat,19.80356164,25.09391781,15.39747945,62.87572603,1507.45,6018.39,2685.62,1.488547945,6.4,6770.95,0.0,September,Lumbini
2019,Banke,17840.0,3836.0,Wheat,19.80356164,25.09391781,15.39747945,62.87572603,1507.45,6018.39,2685.62,1.488547945,6.4,6770.95,68434.24,November,Lumbini
2019,Banke,8.0,1375.0,Barley,19.80356164,25.09391781,15.39747945,62.87572603,1507.45,6018.39,2685.62,1.488547945,6.4,6770.95,11.0,November,Lumbini
2019,Bara,56116.0,4137.0,Rice,25.30358904,31.2989589,20.45260274,59.66520548,1308.39,6240.93,2906.09,1.757671233,6.7,17496.1,232151.892,July,Madhesh
2019,Bara,11915.0,3712.0,Maize,25.30358904,31.2989589,20.45260274,59.66520548,1308.39,6240.93,2906.09,1.757671233,6.7,17496.1,44228.48,April,Madhesh
2019,Bara,75.0,1160.0,Millet,25.30358904,31.2989589,20.45260274,59.66520548,1308.39,6240.93,2906.09,1.757671233,6.7,17496.1,87.0,August,Madhesh
2019,Bara,0.0,0.0,Buckwheat,25.30358904,31.2989589,20.45260274,59.66520548,1308.39,6240.93,2906.09,1.757671233,6.7,17496.1,0.0,September,Madhesh
2019,Bara,27137.0,3591.0,Wheat,25.30358904,31.2989589,20.45260274,59.66520548,1308.39,6240.93,2906.09,1.757671233,6.7,17496.1,97448.967,November,Madhesh
2019,Bara,38.0,2237.0,Barley,25.30358904,31.2989589,20.45260274,59.66520548,1308.39,6240.93,2906.09,1.757671233,6.7,17496.1,85.006,November,Madhesh
2019,Bardiya,49753.0,4301.0,Rice,24.55890411,30.24049315,19.83079452,59.22939726,1568.33,6018.39,2685.62,1.645506849,6.8,9703.45,213987.653,July,Unknown
2019,Bardiya,2758.0,2941.0,Maize,24.55890411,30.24049315,19.83079452,59.22939726,1568.33,6018.39,2685.62,1.645506849,6.8,9703.45,8111.278,April,Unknown
2019,Bardiya,0.0,0.0,Millet,24.55890411,30.24049315,19.83079452,59.22939726,1568.33,6018.39,2685.62,1.645506849,6.8,9703.45,0.0,August,Unknown
2019,Bardiya,0.0,0.0,Buckwheat,24.55890411,30.24049315,19.83079452,59.22939726,1568.33,6018.39,2685.62,1.645506849,6.8,9703.45,0.0,September,Unknown
2019,Bardiya,17711.0,3898.0,Wheat,24.55890411,30.24049315,19.83079452,59.22939726,1568.33,6018.39,2685.62,1.645506849,6.8,9703.45,69037.478,November,Unknown
2019,Bardiya,8.0,1500.0,Barley,24.55890411,30.24049315,19.83079452,59.22939726,1568.33,6018.39,2685.62,1.645506849,6.8,9703.45,12.0,November,Unknown
2019,Bhaktapur,3925.0,5020.0,Rice,19.10830137,24.14819178,15.26282192,63.92452055,1182.47,6158.63,2768.15,1.471945205,5.8,3053.85,19703.5,July,Bagmati
2019,Bhaktapur,1951.0,4294.0,Maize,19.10830137,24.14819178,15.26282192,63.92452055,1182.47,6158.63,2768.15,1.471945205,5.8,3053.85,8377.594,April,Bagmati
2019,Bhaktapur,115.0,1348.0,Millet,19.10830137,24.14819178,15.26282192,63.92452055,1182.47,6158.63,2768.15,1.471945205,5.8,3053.85,155.02,August,Bagmati
2019,Bhaktapur,0.0,0.0,Buckwheat,19.10830137,24.14819178,15.26282192,63.92452055,1182.47,6158.63,2768.15,1.471945205,5.8,3053.85,0.0,September,Bagmati
2019,Bhaktapur,2094.0,5009.0,Wheat,19.10830137,24.14819178,15.26282192,63.92452055,1182.47,6158.63,2768.15,1.471945205,5.8,3053.85,10488.846,November,Bagmati
2019,Bhaktapur,17.0,2059.0,Barley,19.10830137,24.14819178,15.26282192,63.92452055,1182.47,6158.63,2768.15,1.471945205,5.8,3053.85,35.003,November,Bagmati
2019,Bhojpur,14112.0,2372.0,Rice,5.100712329,10.00438356,1.344246575,79.53520548,1486.47,5405.8,2406.77,1.589424658,5.4,820.15,33473.664,July,Koshi
2019,Bhojpur,36121.0,2747.0,Maize,5.100712329,10.00438356,1.344246575,79.53520548,1486.47,5405.8,2406.77,1.589424658,5.4,820.15,99224.387,April,Koshi
2019,Bhojpur,5429.0,1286.0,Millet,5.100712329,10.00438356,1.344246575,79.53520548,1486.47,5405.8,2406.77,1.589424658,5.4,820.15,6981.694,August,Koshi
2019,Bhojpur,35.0,914.0,Buckwheat,5.100712329,10.00438356,1.344246575,79.53520548,1486.47,5405.8,2406.77,1.589424658,5.4,820.15,31.99,September,Koshi
2019,Bhojpur,400.0,2050.0,Wheat,5.100712329,10.00438356,1.344246575,79.53520548,1486.47,5405.8,2406.77,1.589424658,5.4,820.15,820.0,November,Koshi
2019,Bhojpur,12.0,1417.0,Barley,5.100712329,10.00438356,1.344246575,79.53520548,1486.47,5405.8,2406.77,1.589424658,5.4,820.15,17.004,November,Koshi
2019,Chitwan,26005.0,4002.0,Rice,24.23273973,29.82084932,19.70679452,62.2590411,1716.68,6240.93,2906.09,1.36939726,6.1,12228.9,104072.01,July,Bagmati
2019,Chitwan,5986.0,4023.0,Maize,24.23273973,29.82084932,19.70679452,62.2590411,1716.68,6240.93,2906.09,1.36939726,6.1,12228.9,24081.678,April,Bagmati
2019,Chitwan,1473.0,1117.0,Millet,24.23273973,29.82084932,19.70679452,62.2590411,1716.68,6240.93,2906.09,1.36939726,6.1,12228.9,1645.341,August,Bagmati
2019,Chitwan,70.0,1100.0,Buckwheat,24.23273973,29.82084932,19.70679452,62.2590411,1716.68,6240.93,2906.09,1.36939726,6.1,12228.9,77.0,September,Bagmati
2019,Chitwan,5088.0,3805.0,Wheat,24.23273973,29.82084932,19.70679452,62.2590411,1716.68,6240.93,2906.09,1.36939726,6.1,12228.9,19359.84,November,Bagmati
2019,Chitwan,18.0,1889.0,Barley,24.23273973,29.82084932,19.70679452,62.2590411,1716.68,6240.93,2906.09,1.36939726,6.1,12228.9,34.002,November,Bagmati
2019,Dadeldhura,5876.0,3780.0,Rice,15.58394521,21.40843836,10.66578082,61.40964384,964.52,6451.66,2859.23,1.464465753,5.9,37.2,22211.28,July,Sudurpashchim
2019,Dadeldhura,3811.0,3540.0,Maize,15.58394521,21.40843836,10.66578082,61.40964384,964.52,6451.66,2859.23,1.464465753,5.9,37.2,13490.94,April,Sudurpashchim
2019,Dadeldhura,269.0,1257.0,Millet,15.58394521,21.40843836,10.66578082,61.40964384,964.52,6451.66,2859.23,1.464465753,5.9,37.2,338.133,August,Sudurpashchim
2019,Dadeldhura,0.0,0.0,Buckwheat,15.58394521,21.40843836,10.66578082,61.40964384,964.52,6451.66,2859.23,1.464465753,5.9,37.2,0.0,September,Sudurpashchim
2019,Dadeldhura,9009.0,2450.0,Wheat,15.58394521,21.40843836,10.66578082,61.40964384,964.52,6451.66,2859.23,1.464465753,5.9,37.2,22072.05,November,Sudurpashchim
2019,Dadeldhura,174.0,1379.0,Barley,15.58394521,21.40843836,10.66578082,61.40964384,964.52,6451.66,2859.23,1.464465753,5.9,37.2,239.946,November,Sudurpashchim
2019,Dailekh,7982.0,3206.0,Rice,12.16150685,17.47276712,7.603041096,69.93328767,1230.83,6018.39,2685.62,1.513068493,5.9,339.8,25590.292,July,Karnali
2019,Dailekh,21512.0,2535.0,Maize,12.16150685,17.47276712,7.603041096,69.93328767,1230.83,6018.39,2685.62,1.513068493,5.9,339.8,54532.92,April,Karnali
2019,Dailekh,2538.0,1063.0,Millet,12.16150685,17.47276712,7.603041096,69.93328767,1230.83,6018.39,2685.62,1.513068493,5.9,339.8,2697.894,August,Karnali
2019,Dailekh,26.0,1000.0,Buckwheat,12.16150685,17.47276712,7.603041096,69.93328767,1230.83,6018.39,2685.62,1.513068493,5.9,339.8,26.0,September,Karnali
2019,Dailekh,17497.0,2450.0,Wheat,12.16150685,17.47276712,7.603041096,69.93328767,1230.83,6018.39,2685.62,1.513068493,5.9,339.8,42867.65,November,Karnali
2019,Dailekh,181.0,1304.0,Barley,12.16150685,17.47276712,7.603041096,69.93328767,1230.83,6018.39,2685.62,1.513068493,5.9,339.8,236.024,November,Karnali
2019,Dang,35556.0,4188.0,Rice,21.85268493,27.26789041,17.48493151,60.55520548,1509.66,6064.68,2652.79,1.818520548,5.8,16327.6,148908.528,July,Lumbini
2019,Dang,26250.0,2860.0,Maize,21.85268493,27.26789041,17.48493151,60.55520548,1509.66,6064.68,2652.79,1.818520548,5.8,16327.6,75075.0,April,Lumbini
2019,Dang,14.0,1071.0,Millet,21.85268493,27.26789041,17.48493151,60.55520548,1509.66,6064.68,2652.79,1.818520548,5.8,16327.6,14.994,August,Lumbini
2019,Dang,17.0,1000.0,Buckwheat,21.85268493,27.26789041,17.48493151,60.55520548,1509.66,6064.68,2652.79,1.818520548,5.8,16327.6,17.0,September,Lumbini
2019,Dang,11783.0,2800.0,Wheat,21.85268493,27.26789041,17.48493151,60.55520548,1509.66,6064.68,2652.79,1.818520548,5.8,16327.6,32992.4,November,Lumbini
2019,Dang,23.0,1217.0,Barley,21.85268493,27.26789041,17.48493151,60.55520548,1509.66,6064.68,2652.79,1.818520548,5.8,16327.6,27.991,November,Lumbini
2019,Darchula,4180.0,2758.0,Rice,5.468657534,11.52090411,0.144712329,68.5529863,705.76,6451.66,2859.23,1.801561644,6.0,19.5,11528.44,July,Sudurpashchim
2019,Darchula,5799.0,2315.0,Maize,5.468657534,11.52090411,0.144712329,68.5529863,705.76,6451.66,2859.23,1.801561644,6.0,19.5,13424.685,April,Sudurpashchim
2019,Darchula,1254.0,932.0,Millet,5.468657534,11.52090411,0.144712329,68.5529863,705.76,6451.66,2859.23,1.801561644,6.0,19.5,1168.728,August,Sudurpashchim
2019,Darchula,88.0,1034.0,Buckwheat,5.468657534,11.52090411,0.144712329,68.5529863,705.76,6451.66,2859.23,1.801561644,6.0,19.5,90.992,September,Sudurpashchim
2019,Darchula,6580.0,2160.0,Wheat,5.468657534,11.52090411,0.144712329,68.5529863,705.76,6451.66,2859.23,1.801561644,6.0,19.5,14212.8,November,Sudurpashchim
2019,Darchula,1060.0,834.0,Barley,5.468657534,11.52090411,0.144712329,68.5529863,705.76,6451.66,2859.23,1.801561644,6.0,19.5,884.04,November,Sudurpashchim
2019,Dhading,12811.0,4470.0,Rice,14.67843836,19.62753425,10.65482192,68.46589041,1476.78,6240.93,2906.09,1.496931507,5.5,8914.55,57265.17,July,Bagmati
2019,Dhading,20860.0,3017.0,Maize,14.67843836,19.62753425,10.65482192,68.46589041,1476.78,6240.93,2906.09,1.496931507,5.5,8914.55,62934.62,April,Bagmati
2019,Dhading,6940.0,1034.0,Millet,14.67843836,19.62753425,10.65482192,68.46589041,1476.78,6240.93,2906.09,1.496931507,5.5,8914.55,7175.96,August,Bagmati
2019,Dhading,0.0,0.0,Buckwheat,14.67843836,19.62753425,10.65482192,68.46589041,1476.78,6240.93,2906.09,1.496931507,5.5,8914.55,0.0,September,Bagmati
2019,Dhading,4560.0,2983.0,Wheat,14.67843836,19.62753425,10.65482192,68.46589041,1476.78,6240.93,2906.09,1.496931507,5.5,8914.55,13602.48,November,Bagmati
2019,Dhading,252.0,1389.0,Barley,14.67843836,19.62753425,10.65482192,68.46589041,1476.78,6240.93,2906.09,1.496931507,5.5,8914.55,350.028,November,Bagmati
2019,Dhankuta,6963.0,3338.0,Rice,20.09432877,25.13835616,16.17372603,66.99441096,1310.62,5808.38,2629.77,1.509232877,5.8,1310.2,23242.494,July,Koshi
2019,Dhankuta,14004.0,3260.0,Maize,20.09432877,25.13835616,16.17372603,66.99441096,1310.62,5808.38,2629.77,1.509232877,5.8,1310.2,45653.04,April,Koshi
2019,Dhankuta,7530.0,1251.0,Millet,20.09432877,25.13835616,16.17372603,66.99441096,1310.62,5808.38,2629.77,1.509232877,5.8,1310.2,9420.03,August,Koshi
2019,Dhankuta,7.0,1000.0,Buckwheat,20.09432877,25.13835616,16.17372603,66.99441096,1310.62,5808.38,2629.77,1.509232877,5.8,1310.2,7.0,September,Koshi
2019,Dhankuta,1302.0,2250.0,Wheat,20.09432877,25.13835616,16.17372603,66.99441096,1310.62,5808.38,2629.77,1.509232877,5.8,1310.2,2929.5,November,Koshi
2019,Dhankuta,0.0,0.0,Barley,20.09432877,25.13835616,16.17372603,66.99441096,1310.62,5808.38,2629.77,1.509232877,5.8,1310.2,0.0,November,Koshi
2019,Dhanusha,57401.0,3983.0,Rice,22.83273973,28.33315068,18.56117808,59.90189041,1134.85,6004.97,2711.66,1.685232877,6.6,12501.1,228628.183,July,Madhesh
2019,Dhanusha,3469.0,3168.0,Maize,22.83273973,28.33315068,18.56117808,59.90189041,1134.85,6004.97,2711.66,1.685232877,6.6,12501.1,10989.792,April,Madhesh
2019,Dhanusha,174.0,1017.0,Millet,22.83273973,28.33315068,18.56117808,59.90189041,1134.85,6004.97,2711.66,1.685232877,6.6,12501.1,176.958,August,Madhesh
2019,Dhanusha,0.0,0.0,Buckwheat,22.83273973,28.33315068,18.56117808,59.90189041,1134.85,6004.97,2711.66,1.685232877,6.6,12501.1,0.0,September,Madhesh
2019,Dhanusha,36374.0,3319.0,Wheat,22.83273973,28.33315068,18.56117808,59.90189041,1134.85,6004.97,2711.66,1.685232877,6.6,12501.1,120725.306,November,Madhesh
2019,Dhanusha,2.0,1000.0,Barley,22.83273973,28.33315068,18.56117808,59.90189041,1134.85,6004.97,2711.66,1.685232877,6.6,12501.1,2.0,November,Madhesh
2019,Dolakha,2814.0,2890.0,Rice,1.666273973,7.112027397,-2.660136986,72.83791781,722.41,5767.41,2605.18,2.130383562,6.5,744.0,8132.46,July,Bagmati
2019,Dolakha,5718.0,2918.0,Maize,1.666273973,7.112027397,-2.660136986,72.83791781,722.41,5767.41,2605.18,2.130383562,6.5,744.0,16685.124,April,Bagmati
2019,Dolakha,3635.0,1412.0,Millet,1.666273973,7.112027397,-2.660136986,72.83791781,722.41,5767.41,2605.18,2.130383562,6.5,744.0,5132.62,August,Bagmati
2019,Dolakha,901.0,1218.0,Buckwheat,1.666273973,7.112027397,-2.660136986,72.83791781,722.41,5767.41,2605.18,2.130383562,6.5,744.0,1097.418,September,Bagmati
2019,Dolakha,4248.0,1990.0,Wheat,1.666273973,7.112027397,-2.660136986,72.83791781,722.41,5767.41,2605.18,2.130383562,6.5,744.0,8453.52,November,Bagmati
2019,Dolakha,146.0,1199.0,Barley,1.666273973,7.112027397,-2.660136986,72.83791781,722.41,5767.41,2605.18,2.130383562,6.5,744.0,175.054,November,Bagmati
2019,Dolpa,201.0,1791.0,Rice,-2.052273973,3.783589041,-7.244082192,73.73139726,1333.33,6064.68,2652.79,1.85230137,6.6,0.0,359.991,July,Karnali
2019,Dolpa,2354.0,1584.0,Maize,-2.052273973,3.783589041,-7.244082192,73.73139726,1333.33,6064.68,2652.79,1.85230137,6.6,0.0,3728.736,April,Karnali
2019,Dolpa,277.0,1101.0,Millet,-2.052273973,3.783589041,-7.244082192,73.73139726,1333.33,6064.68,2652.79,1.85230137,6.6,0.0,304.977,August,Karnali
2019,Dolpa,646.0,1051.0,Buckwheat,-2.052273973,3.783589041,-7.244082192,73.73139726,1333.33,6064.68,2652.79,1.85230137,6.6,0.0,678.946,September,Karnali
2019,Dolpa,2779.0,1840.0,Wheat,-2.052273973,3.783589041,-7.244082192,73.73139726,1333.33,6064.68,2652.79,1.85230137,6.6,0.0,5113.36,November,Karnali
2019,Dolpa,354.0,1003.0,Barley,-2.052273973,3.783589041,-7.244082192,73.73139726,1333.33,6064.68,2652.79,1.85230137,6.6,0.0,355.062,November,Karnali
2019,Doti,10710.0,2800.0,Rice,15.58394521,21.40843836,10.66578082,61.40964384,964.52,6451.66,2859.23,1.464465753,5.9,388.05,29988.0,July,Sudurpashchim
2019,Doti,3474.0,2508.0,Maize,15.58394521,21.40843836,10.66578082,61.40964384,964.52,6451.66,2859.23,1.464465753,5.9,388.05,8712.792,April,Sudurpashchim
2019,Doti,4575.0,1189.0,Millet,15.58394521,21.40843836,10.66578082,61.40964384,964.52,6451.66,2859.23,1.464465753,5.9,388.05,5439.675,August,Sudurpashchim
2019,Doti,12.0,917.0,Buckwheat,15.58394521,21.40843836,10.66578082,61.40964384,964.52,6451.66,2859.23,1.464465753,5.9,388.05,11.004,September,Sudurpashchim
2019,Doti,12328.0,2229.0,Wheat,15.58394521,21.40843836,10.66578082,61.40964384,964.52,6451.66,2859.23,1.464465753,5.9,388.05,27479.112,November,Sudurpashchim
2019,Doti,191.0,990.0,Barley,15.58394521,21.40843836,10.66578082,61.40964384,964.52,6451.66,2859.23,1.464465753,5.9,388.05,189.09,November,Sudurpashchim
2019,Gorkha,11195.0,3449.0,Rice,14.67843836,19.62753425,10.65482192,68.46589041,1476.78,6240.93,2906.09,1.496931507,5.5,1033.25,38611.555,July,Gandaki
2019,Gorkha,17703.0,2692.0,Maize,14.67843836,19.62753425,10.65482192,68.46589041,1476.78,6240.93,2906.09,1.496931507,5.5,1033.25,47656.476,April,Gandaki
2019,Gorkha,11816.0,1325.0,Millet,14.67843836,19.62753425,10.65482192,68.46589041,1476.78,6240.93,2906.09,1.496931507,5.5,1033.25,15656.2,August,Gandaki
2019,Gorkha,359.0,1058.0,Buckwheat,14.67843836,19.62753425,10.65482192,68.46589041,1476.78,6240.93,2906.09,1.496931507,5.5,1033.25,379.822,September,Gandaki
2019,Gorkha,3561.0,2330.0,Wheat,14.67843836,19.62753425,10.65482192,68.46589041,1476.78,6240.93,2906.09,1.496931507,5.5,1033.25,8297.13,November,Gandaki
2019,Gorkha,100.0,1410.0,Barley,14.67843836,19.62753425,10.65482192,68.46589041,1476.78,6240.93,2906.09,1.496931507,5.5,1033.25,141.0,November,Gandaki
2019,Gulmi,8090.0,3293.0,Rice,19.69958904,24.83991781,15.6620274,62.21630137,1640.4,6266.71,2928.24,1.689013699,6.1,843.3,26640.37,July,Lumbini
2019,Gulmi,24451.0,2588.0,Maize,19.69958904,24.83991781,15.6620274,62.21630137,1640.4,6266.71,2928.24,1.689013699,6.1,843.3,63279.188,April,Lumbini
2019,Gulmi,2896.0,1126.0,Millet,19.69958904,24.83991781,15.6620274,62.21630137,1640.4,6266.71,2928.24,1.689013699,6.1,843.3,3260.896,August,Lumbini
2019,Gulmi,203.0,1207.0,Buckwheat,19.69958904,24.83991781,15.6620274,62.21630137,1640.4,6266.71,2928.24,1.689013699,6.1,843.3,245.021,September,Lumbini
2019,Gulmi,6617.0,2960.0,Wheat,19.69958904,24.83991781,15.6620274,62.21630137,1640.4,6266.71,2928.24,1.689013699,6.1,843.3,19586.32,November,Lumbini
2019,Gulmi,243.0,1745.0,Barley,19.69958904,24.83991781,15.6620274,62.21630137,1640.4,6266.71,2928.24,1.689013699,6.1,843.3,424.035,November,Lumbini
2019,Humla,555.0,1667.0,Rice,-1.356164384,4.89230137,-6.93230137,76.69460274,656.59,6868.25,2868.22,2.003041096,6.5,0.0,925.185,July,Karnali
2019,Humla,146.0,1822.0,Maize,-1.356164384,4.89230137,-6.93230137,76.69460274,656.59,6868.25,2868.22,2.003041096,6.5,0.0,266.012,April,Karnali
2019,Humla,1294.0,1069.0,Millet,-1.356164384,4.89230137,-6.93230137,76.69460274,656.59,6868.25,2868.22,2.003041096,6.5,0.0,1383.286,August,Karnali
2019,Humla,636.0,1215.0,Buckwheat,-1.356164384,4.89230137,-6.93230137,76.69460274,656.59,6868.25,2868.22,2.003041096,6.5,0.0,772.74,September,Karnali
2019,Humla,941.0,1447.0,Wheat,-1.356164384,4.89230137,-6.93230137,76.69460274,656.59,6868.25,2868.22,2.003041096,6.5,0.0,1361.627,November,Karnali
2019,Humla,622.0,1305.0,Barley,-1.356164384,4.89230137,-6.93230137,76.69460274,656.59,6868.25,2868.22,2.003041096,6.5,0.0,811.71,November,Karnali
2019,Illam,11845.0,3200.0,Rice,18.33613699,23.20578082,14.71679452,70.55191781,1813.42,5405.8,2406.77,1.227643836,5.5,908.85,37904.0,July,Unknown
2019,Illam,33815.0,3740.0,Maize,18.33613699,23.20578082,14.71679452,70.55191781,1813.42,5405.8,2406.77,1.227643836,5.5,908.85,126468.1,April,Unknown
2019,Illam,1782.0,1350.0,Millet,18.33613699,23.20578082,14.71679452,70.55191781,1813.42,5405.8,2406.77,1.227643836,5.5,908.85,2405.7,August,Unknown
2019,Illam,28.0,1179.0,Buckwheat,18.33613699,23.20578082,14.71679452,70.55191781,1813.42,5405.8,2406.77,1.227643836,5.5,908.85,33.012,September,Unknown
2019,Illam,4608.0,3000.0,Wheat,18.33613699,23.20578082,14.71679452,70.55191781,1813.42,5405.8,2406.77,1.227643836,5.5,908.85,13824.0,November,Unknown
2019,Illam,52.0,1231.0,Barley,18.33613699,23.20578082,14.71679452,70.55191781,1813.42,5405.8,2406.77,1.227643836,5.5,908.85,64.012,November,Unknown
2019,Jajarkot,2845.0,3554.0,Rice,21.85268493,27.26789041,17.48493151,60.55520548,1509.66,6064.68,2652.79,1.818520548,6.2,0.0,10111.13,July,Karnali
2019,Jajarkot,14047.0,2653.0,Maize,21.85268493,27.26789041,17.48493151,60.55520548,1509.66,6064.68,2652.79,1.818520548,6.2,0.0,37266.691,April,Karnali
2019,Jajarkot,1813.0,1023.0,Millet,21.85268493,27.26789041,17.48493151,60.55520548,1509.66,6064.68,2652.79,1.818520548,6.2,0.0,1854.699,August,Karnali
2019,Jajarkot,28.0,964.0,Buckwheat,21.85268493,27.26789041,17.48493151,60.55520548,1509.66,6064.68,2652.79,1.818520548,6.2,0.0,26.992,September,Karnali
2019,Jajarkot,13774.0,2120.0,Wheat,21.85268493,27.26789041,17.48493151,60.55520548,1509.66,6064.68,2652.79,1.818520548,6.2,0.0,29200.88,November,Karnali
2019,Jajarkot,616.0,1135.0,Barley,21.85268493,27.26789041,17.48493151,60.55520548,1509.66,6064.68,2652.79,1.818520548,6.2,0.0,699.16,November,Karnali
2019,Jhapa,84875.0,4403.0,Rice,24.35158904,29.56580822,20.23816438,67.01309589,1964.14,5808.38,2629.77,1.631479452,5.7,19026.15,373704.625,July,Koshi
2019,Jhapa,39302.0,4045.0,Maize,24.35158904,29.56580822,20.23816438,67.01309589,1964.14,5808.38,2629.77,1.631479452,5.7,19026.15,158976.59,April,Koshi
2019,Jhapa,1153.0,1297.0,Millet,24.35158904,29.56580822,20.23816438,67.01309589,1964.14,5808.38,2629.77,1.631479452,5.7,19026.15,1495.441,August,Koshi
2019,Jhapa,1110.0,1219.0,Buckwheat,24.35158904,29.56580822,20.23816438,67.01309589,1964.14,5808.38,2629.77,1.631479452,5.7,19026.15,1353.09,September,Koshi
2019,Jhapa,7125.0,3230.0,Wheat,24.35158904,29.56580822,20.23816438,67.01309589,1964.14,5808.38,2629.77,1.631479452,5.7,19026.15,23013.75,November,Koshi
2019,Jhapa,5.0,1800.0,Barley,24.35158904,29.56580822,20.23816438,67.01309589,1964.14,5808.38,2629.77,1.631479452,5.7,19026.15,9.0,November,Koshi
2019,Jumla,2800.0,2067.0,Rice,8.625972603,14.82065753,3.396054795,68.35663014,866.3,6471.73,2725.42,1.611068493,6.5,0.0,5787.6,July,Karnali
2019,Jumla,4404.0,1557.0,Maize,8.625972603,14.82065753,3.396054795,68.35663014,866.3,6471.73,2725.42,1.611068493,6.5,0.0,6857.028,April,Karnali
2019,Jumla,3696.0,1062.0,Millet,8.625972603,14.82065753,3.396054795,68.35663014,866.3,6471.73,2725.42,1.611068493,6.5,0.0,3925.152,August,Karnali
2019,Jumla,79.0,1051.0,Buckwheat,8.625972603,14.82065753,3.396054795,68.35663014,866.3,6471.73,2725.42,1.611068493,6.5,0.0,83.029,September,Karnali
2019,Jumla,2271.0,2376.0,Wheat,8.625972603,14.82065753,3.396054795,68.35663014,866.3,6471.73,2725.42,1.611068493,6.5,0.0,5395.896,November,Karnali
2019,Jumla,3405.0,1709.0,Barley,8.625972603,14.82065753,3.396054795,68.35663014,866.3,6471.73,2725.42,1.611068493,6.5,0.0,5819.145,November,Karnali
2019,Kailali,71710.0,4270.0,Rice,25.12078918,31.1529863,19.98789041,57.20830137,1253.97,6085.39,2740.8,1.511041096,6.6,21752.85,306201.7,July,Sudurpashchim
2019,Kailali,6405.0,2918.0,Maize,25.12078918,31.1529863,19.98789041,57.20830137,1253.97,6085.39,2740.8,1.511041096,6.6,21752.85,18689.79,April,Sudurpashchim
2019,Kailali,352.0,1131.0,Millet,25.12078918,31.1529863,19.98789041,57.20830137,1253.97,6085.39,2740.8,1.511041096,6.6,21752.85,398.112,August,Sudurpashchim
2019,Kailali,22.0,1227.0,Buckwheat,25.12078918,31.1529863,19.98789041,57.20830137,1253.97,6085.39,2740.8,1.511041096,6.6,21752.85,26.994,September,Sudurpashchim
2019,Kailali,35950.0,3909.0,Wheat,25.12078918,31.1529863,19.98789041,57.20830137,1253.97,6085.39,2740.8,1.511041096,6.6,21752.85,140528.55,November,Sudurpashchim
2019,Kailali,176.0,2102.0,Barley,25.12078918,31.1529863,19.98789041,57.20830137,1253.97,6085.39,2740.8,1.511041096,6.6,21752.85,369.952,November,Sudurpashchim
2019,Kalikot,2527.0,2398.0,Rice,12.16150685,17.47276712,7.603041096,69.93328767,1230.83,6116.91,2667.29,1.513068493,6.2,0.0,6059.746,July,Karnali
2019,Kalikot,3030.0,2301.0,Maize,12.16150685,17.47276712,7.603041096,69.93328767,1230.83,6116.91,2667.29,1.513068493,6.2,0.0,6972.03,April,Karnali
2019,Kalikot,1227.0,1091.0,Millet,12.16150685,17.47276712,7.603041096,69.93328767,1230.83,6116.91,2667.29,1.513068493,6.2,0.0,1338.657,August,Karnali
2019,Kalikot,112.0,1143.0,Buckwheat,12.16150685,17.47276712,7.603041096,69.93328767,1230.83,6116.91,2667.29,1.513068493,6.2,0.0,128.016,September,Karnali
2019,Kalikot,4953.0,1372.0,Wheat,12.16150685,17.47276712,7.603041096,69.93328767,1230.83,6116.91,2667.29,1.513068493,6.2,0.0,6795.516,November,Karnali
2019,Kalikot,821.0,1581.0,Barley,12.16150685,17.47276712,7.603041096,69.93328767,1230.83,6116.91,2667.29,1.513068493,6.2,0.0,1298.001,November,Karnali
2019,Kanchanpur,48475.0,3894.0,Rice,21.40860274,27.5750137,16.26967123,59.63660274,1175.09,6082.84,2736.98,0.985369863,6.2,7927.2,188761.65,July,Sudurpashchim
2019,Kanchanpur,3271.0,2739.0,Maize,21.40860274,27.5750137,16.26967123,59.63660274,1175.09,6082.84,2736.98,0.985369863,6.2,7927.2,8959.269,April,Sudurpashchim
2019,Kanchanpur,0.0,0.0,Millet,21.40860274,27.5750137,16.26967123,59.63660274,1175.09,6082.84,2736.98,0.985369863,6.2,7927.2,0.0,August,Sudurpashchim
2019,Kanchanpur,0.0,0.0,Buckwheat,21.40860274,27.5750137,16.26967123,59.63660274,1175.09,6082.84,2736.98,0.985369863,6.2,7927.2,0.0,September,Sudurpashchim
2019,Kanchanpur,34554.0,3850.0,Wheat,21.40860274,27.5750137,16.26967123,59.63660274,1175.09,6082.84,2736.98,0.985369863,6.2,7927.2,133032.9,November,Sudurpashchim
2019,Kanchanpur,8.0,1500.0,Barley,21.40860274,27.5750137,16.26967123,59.63660274,1175.09,6082.84,2736.98,0.985369863,6.2,7927.2,12.0,November,Sudurpashchim
2019,Kapilbastu,66495.0,3511.0,Rice,25.21838356,31.15758904,20.35756164,58.50038356,1533.09,6266.71,2928.24,1.819643836,6.9,13254.7,233463.945,July,Lumbini
2019,Kapilbastu,2651.0,3749.0,Maize,25.21838356,31.15758904,20.35756164,58.50038356,1533.09,6266.71,2928.24,1.819643836,6.9,13254.7,9938.599,April,Lumbini
2019,Kapilbastu,0.0,0.0,Millet,25.21838356,31.15758904,20.35756164,58.50038356,1533.09,6266.71,2928.24,1.819643836,6.9,13254.7,0.0,August,Lumbini
2019,Kapilbastu,0.0,0.0,Buckwheat,25.21838356,31.15758904,20.35756164,58.50038356,1533.09,6266.71,2928.24,1.819643836,6.9,13254.7,0.0,September,Lumbini
2019,Kapilbastu,26118.0,3950.0,Wheat,25.21838356,31.15758904,20.35756164,58.50038356,1533.09,6266.71,2928.24,1.819643836,6.9,13254.7,103166.1,November,Lumbini
2019,Kapilbastu,177.0,1864.0,Barley,25.21838356,31.15758904,20.35756164,58.50038356,1533.09,6266.71,2928.24,1.819643836,6.9,13254.7,329.928,November,Lumbini
2019,Kaski,18394.0,3838.0,Rice,4.486794521,9.394164384,0.218630137,77.22515068,1748.38,5863.09,2610.06,1.599589041,6.7,1233.95,70596.172,July,Gandaki
2019,Kaski,14111.0,2633.0,Maize,4.486794521,9.394164384,0.218630137,77.22515068,1748.38,5863.09,2610.06,1.599589041,6.7,1233.95,37154.263,April,Gandaki
2019,Kaski,15434.0,1342.0,Millet,4.486794521,9.394164384,0.218630137,77.22515068,1748.38,5863.09,2610.06,1.599589041,6.7,1233.95,20712.428,August,Gandaki
2019,Kaski,12.0,1167.0,Buckwheat,4.486794521,9.394164384,0.218630137,77.22515068,1748.38,5863.09,2610.06,1.599589041,6.7,1233.95,14.004,September,Gandaki
2019,Kaski,5650.0,2312.0,Wheat,4.486794521,9.394164384,0.218630137,77.22515068,1748.38,5863.09,2610.06,1.599589041,6.7,1233.95,13062.8,November,Gandaki
2019,Kaski,109.0,1606.0,Barley,4.486794521,9.394164384,0.218630137,77.22515068,1748.38,5863.09,2610.06,1.599589041,6.7,1233.95,175.054,November,Gandaki
2019,Kathmandu,5959.0,4450.0,Rice,19.10830137,24.14819178,15.26282192,63.92452055,1182.47,6158.63,2768.15,1.471945205,6.5,3024.95,26517.55,July,Bagmati
2019,Kathmandu,5532.0,4192.0,Maize,19.10830137,24.14819178,15.26282192,63.92452055,1182.47,6158.63,2768.15,1.471945205,6.5,3024.95,23190.144,April,Bagmati
2019,Kathmandu,613.0,1210.0,Millet,19.10830137,24.14819178,15.26282192,63.92452055,1182.47,6158.63,2768.15,1.471945205,6.5,3024.95,741.73,August,Bagmati
2019,Kathmandu,4.0,1250.0,Buckwheat,19.10830137,24.14819178,15.26282192,63.92452055,1182.47,6158.63,2768.15,1.471945205,6.5,3024.95,5.0,September,Bagmati
2019,Kathmandu,2075.0,4412.0,Wheat,19.10830137,24.14819178,15.26282192,63.92452055,1182.47,6158.63,2768.15,1.471945205,6.5,3024.95,9154.9,November,Bagmati
2019,Kathmandu,3.0,1333.0,Barley,19.10830137,24.14819178,15.26282192,63.92452055,1182.47,6158.63,2768.15,1.471945205,6.5,3024.95,3.999,November,Bagmati
2019,Kavre,10755.0,3915.0,Rice,19.10830137,24.14819178,15.26282192,63.92452055,1182.47,6158.63,2768.15,1.471945205,5.7,6598.9,42105.825,July,Unknown
2019,Kavre,24823.0,3228.0,Maize,19.10830137,24.14819178,15.26282192,63.92452055,1182.47,6158.63,2768.15,1.471945205,5.7,6598.9,80128.644,April,Unknown
2019,Kavre,3444.0,1013.0,Millet,19.10830137,24.14819178,15.26282192,63.92452055,1182.47,6158.63,2768.15,1.471945205,5.7,6598.9,3488.772,August,Unknown
2019,Kavre,563.0,1032.0,Buckwheat,19.10830137,24.14819178,15.26282192,63.92452055,1182.47,6158.63,2768.15,1.471945205,5.7,6598.9,581.016,September,Unknown
2019,Kavre,8860.0,3001.0,Wheat,19.10830137,24.14819178,15.26282192,63.92452055,1182.47,6158.63,2768.15,1.471945205,5.7,6598.9,26588.86,November,Unknown
2019,Kavre,367.0,1632.0,Barley,19.10830137,24.14819178,15.26282192,63.92452055,1182.47,6158.63,2768.15,1.471945205,5.7,6598.9,598.944,November,Unknown
2019,Khotang,12105.0,2864.0,Rice,13.75413699,18.90969863,9.79769863,66.26893151,1000.76,5767.41,2605.18,1.58090411,5.5,161.25,34668.72,July,Koshi
2019,Khotang,42945.0,2305.0,Maize,13.75413699,18.90969863,9.79769863,66.26893151,1000.76,5767.41,2605.18,1.58090411,5.5,161.25,98988.225,April,Koshi
2019,Khotang,23535.0,1126.0,Millet,13.75413699,18.90969863,9.79769863,66.26893151,1000.76,5767.41,2605.18,1.58090411,5.5,161.25,26500.41,August,Koshi
2019,Khotang,580.0,926.0,Buckwheat,13.75413699,18.90969863,9.79769863,66.26893151,1000.76,5767.41,2605.18,1.58090411,5.5,161.25,537.08,September,Koshi
2019,Khotang,5030.0,2300.0,Wheat,13.75413699,18.90969863,9.79769863,66.26893151,1000.76,5767.41,2605.18,1.58090411,5.5,161.25,11569.0,November,Koshi
2019,Khotang,350.0,1511.0,Barley,13.75413699,18.90969863,9.79769863,66.26893151,1000.76,5767.41,2605.18,1.58090411,5.5,161.25,528.85,November,Koshi
2019,Lalitpur,4175.0,4450.0,Rice,19.10830137,24.14819178,15.26282192,63.92452055,1182.47,6158.63,2768.15,1.471945205,6.9,2448.525,18578.75,July,Bagmati
2019,Lalitpur,9203.0,3766.0,Maize,19.10830137,24.14819178,15.26282192,63.92452055,1182.47,6158.63,2768.15,1.471945205,6.9,2448.525,34658.498,April,Bagmati
2019,Lalitpur,572.0,1129.0,Millet,19.10830137,24.14819178,15.26282192,63.92452055,1182.47,6158.63,2768.15,1.471945205,6.9,2448.525,645.788,August,Bagmati
2019,Lalitpur,46.0,1022.0,Buckwheat,19.10830137,24.14819178,15.26282192,63.92452055,1182.47,6158.63,2768.15,1.471945205,6.9,2448.525,47.012,September,Bagmati
2019,Lalitpur,2512.0,3452.0,Wheat,19.10830137,24.14819178,15.26282192,63.92452055,1182.47,6158.63,2768.15,1.471945205,6.9,2448.525,8671.424,November,Bagmati
2019,Lalitpur,38.0,1447.0,Barley,19.10830137,24.14819178,15.26282192,63.92452055,1182.47,6158.63,2768.15,1.471945205,6.9,2448.525,54.986,November,Bagmati
2019,Lamjung,13575.0,3462.0,Rice,4.486794521,9.394164384,0.218630137,77.22515068,1748.38,5863.09,2610.06,1.599589041,5.4,220.2,46996.65,July,Gandaki
2019,Lamjung,10098.0,2614.0,Maize,4.486794521,9.394164384,0.218630137,77.22515068,1748.38,5863.09,2610.06,1.599589041,5.4,220.2,26396.172,April,Gandaki
2019,Lamjung,7708.0,1081.0,Millet,4.486794521,9.394164384,0.218630137,77.22515068,1748.38,5863.09,2610.06,1.599589041,5.4,220.2,8332.348,August,Gandaki
2019,Lamjung,16.0,938.0,Buckwheat,4.486794521,9.394164384,0.218630137,77.22515068,1748.38,5863.09,2610.06,1.599589041,5.4,220.2,15.008,September,Gandaki
2019,Lamjung,1596.0,2450.0,Wheat,4.486794521,9.394164384,0.218630137,77.22515068,1748.38,5863.09,2610.06,1.599589041,5.4,220.2,3910.2,November,Gandaki
2019,Lamjung,39.0,1462.0,Barley,4.486794521,9.394164384,0.218630137,77.22515068,1748.38,5863.09,2610.06,1.599589041,5.4,220.2,57.018,November,Gandaki
2019,Mahottari,38200.0,3474.0,Rice,26.3060274,32.63290411,20.99128767,57.78189041,1017.0,6004.97,2711.66,2.059150685,6.8,11259.8,132706.8,July,Madhesh
2019,Mahottari,9733.0,2964.0,Maize,26.3060274,32.63290411,20.99128767,57.78189041,1017.0,6004.97,2711.66,2.059150685,6.8,11259.8,28848.612,April,Madhesh
2019,Mahottari,0.0,0.0,Millet,26.3060274,32.63290411,20.99128767,57.78189041,1017.0,6004.97,2711.66,2.059150685,6.8,11259.8,0.0,August,Madhesh
2019,Mahottari,0.0,0.0,Buckwheat,26.3060274,32.63290411,20.99128767,57.78189041,1017.0,6004.97,2711.66,2.059150685,6.8,11259.8,0.0,September,Madhesh
2019,Mahottari,24373.0,3064.0,Wheat,26.3060274,32.63290411,20.99128767,57.78189041,1017.0,6004.97,2711.66,2.059150685,6.8,11259.8,74678.872,November,Madhesh
2019,Mahottari,8.0,1125.0,Barley,26.3060274,32.63290411,20.99128767,57.78189041,1017.0,6004.97,2711.66,2.059150685,6.8,11259.8,9.0,November,Madhesh
2019,Makwanpur,11395.0,3823.0,Rice,21.90846575,27.11594521,17.85279452,63.12849315,1500.39,6240.93,2906.09,1.431890411,5.9,5849.55,43563.085,July,Bagmati
2019,Makwanpur,26169.0,3270.0,Maize,21.90846575,27.11594521,17.85279452,63.12849315,1500.39,6240.93,2906.09,1.431890411,5.9,5849.55,85572.63,April,Bagmati
2019,Makwanpur,2773.0,1193.0,Millet,21.90846575,27.11594521,17.85279452,63.12849315,1500.39,6240.93,2906.09,1.431890411,5.9,5849.55,3308.189,August,Bagmati
2019,Makwanpur,185.0,1092.0,Buckwheat,21.90846575,27.11594521,17.85279452,63.12849315,1500.39,6240.93,2906.09,1.431890411,5.9,5849.55,202.02,September,Bagmati
2019,Makwanpur,3929.0,3699.0,Wheat,21.90846575,27.11594521,17.85279452,63.12849315,1500.39,6240.93,2906.09,1.431890411,5.9,5849.55,14533.371,November,Bagmati
2019,Makwanpur,250.0,1392.0,Barley,21.90846575,27.11594521,17.85279452,63.12849315,1500.39,6240.93,2906.09,1.431890411,5.9,5849.55,348.0,November,Bagmati
2019,Manang,0.0,0.0,Rice,4.486794521,9.394164384,0.218630137,77.22515068,1748.38,5863.09,2610.06,1.599589041,6.3,12.85,0.0,July,Gandaki
2019,Manang,70.0,1586.0,Maize,4.486794521,9.394164384,0.218630137,77.22515068,1748.38,5863.09,2610.06,1.599589041,6.3,12.85,111.02,April,Gandaki
2019,Manang,0.0,0.0,Millet,4.486794521,9.394164384,0.218630137,77.22515068,1748.38,5863.09,2610.06,1.599589041,6.3,12.85,0.0,August,Gandaki
2019,Manang,262.0,1874.0,Buckwheat,4.486794521,9.394164384,0.218630137,77.22515068,1748.38,5863.09,2610.06,1.599589041,6.3,12.85,490.988,September,Gandaki
2019,Manang,202.0,1510.0,Wheat,4.486794521,9.394164384,0.218630137,77.22515068,1748.38,5863.09,2610.06,1.599589041,6.3,12.85,305.02,November,Gandaki
2019,Manang,109.0,1734.0,Barley,4.486794521,9.394164384,0.218630137,77.22515068,1748.38,5863.09,2610.06,1.599589041,6.3,12.85,189.006,November,Gandaki
2019,Morang,86634.0,4237.0,Rice,24.62473973,30.22972603,20.15873973,63.34821918,1376.31,5808.38,2629.77,1.721863014,6.8,28531.95,367068.258,July,Koshi
2019,Morang,17255.0,3957.0,Maize,24.62473973,30.22972603,20.15873973,63.34821918,1376.31,5808.38,2629.77,1.721863014,6.8,28531.95,68278.035,April,Koshi
2019,Morang,1218.0,1237.0,Millet,24.62473973,30.22972603,20.15873973,63.34821918,1376.31,5808.38,2629.77,1.721863014,6.8,28531.95,1506.666,August,Koshi
2019,Morang,62.0,1113.0,Buckwheat,24.62473973,30.22972603,20.15873973,63.34821918,1376.31,5808.38,2629.77,1.721863014,6.8,28531.95,69.006,September,Koshi
2019,Morang,12639.0,3120.0,Wheat,24.62473973,30.22972603,20.15873973,63.34821918,1376.31,5808.38,2629.77,1.721863014,6.8,28531.95,39433.68,November,Koshi
2019,Morang,0.0,0.0,Barley,24.62473973,30.22972603,20.15873973,63.34821918,1376.31,5808.38,2629.77,1.721863014,6.8,28531.95,0.0,November,Koshi
2019,Mugu,915.0,1404.0,Rice,12.16150685,17.47276712,7.603041096,69.93328767,1230.83,6116.91,2667.29,1.513068493,5.7,0.0,1284.66,July,Karnali
2019,Mugu,589.0,1598.0,Maize,12.16150685,17.47276712,7.603041096,69.93328767,1230.83,6116.91,2667.29,1.513068493,5.7,0.0,941.222,April,Karnali
2019,Mugu,4218.0,978.0,Millet,12.16150685,17.47276712,7.603041096,69.93328767,1230.83,6116.91,2667.29,1.513068493,5.7,0.0,4125.204,August,Karnali
2019,Mugu,456.0,950.0,Buckwheat,12.16150685,17.47276712,7.603041096,69.93328767,1230.83,6116.91,2667.29,1.513068493,5.7,0.0,433.2,September,Karnali
2019,Mugu,3201.0,1245.0,Wheat,12.16150685,17.47276712,7.603041096,69.93328767,1230.83,6116.91,2667.29,1.513068493,5.7,0.0,3985.245,November,Karnali
2019,Mugu,1034.0,1120.0,Barley,12.16150685,17.47276712,7.603041096,69.93328767,1230.83,6116.91,2667.29,1.513068493,5.7,0.0,1158.08,November,Karnali
2019,Mustang,0.0,0.0,Rice,7.553863014,12.6849863,3.286054795,73.16016438,1865.89,5919.13,2580.17,1.507534247,7.3,16.5,0.0,July,Gandaki
2019,Mustang,565.0,1712.0,Maize,7.553863014,12.6849863,3.286054795,73.16016438,1865.89,5919.13,2580.17,1.507534247,7.3,16.5,967.28,April,Gandaki
2019,Mustang,0.0,0.0,Millet,7.553863014,12.6849863,3.286054795,73.16016438,1865.89,5919.13,2580.17,1.507534247,7.3,16.5,0.0,August,Gandaki
2019,Mustang,541.0,1762.0,Buckwheat,7.553863014,12.6849863,3.286054795,73.16016438,1865.89,5919.13,2580.17,1.507534247,7.3,16.5,953.242,September,Gandaki
2019,Mustang,535.0,1658.0,Wheat,7.553863014,12.6849863,3.286054795,73.16016438,1865.89,5919.13,2580.17,1.507534247,7.3,16.5,887.03,November,Gandaki
2019,Mustang,254.0,1854.0,Barley,7.553863014,12.6849863,3.286054795,73.16016438,1865.89,5919.13,2580.17,1.507534247,7.3,16.5,470.916,November,Gandaki
2019,Myagdi,3850.0,3370.0,Rice,7.553863014,12.6849863,3.286054795,73.16016438,1865.89,5919.13,2580.17,1.507534247,5.8,262.2,12974.5,July,Gandaki
2019,Myagdi,9180.0,3393.0,Maize,7.553863014,12.6849863,3.286054795,73.16016438,1865.89,5919.13,2580.17,1.507534247,5.8,262.2,31147.74,April,Gandaki
2019,Myagdi,2530.0,1303.0,Millet,7.553863014,12.6849863,3.286054795,73.16016438,1865.89,5919.13,2580.17,1.507534247,5.8,262.2,3296.59,August,Gandaki
2019,Myagdi,144.0,986.0,Buckwheat,7.553863014,12.6849863,3.286054795,73.16016438,1865.89,5919.13,2580.17,1.507534247,5.8,262.2,141.984,September,Gandaki
2019,Myagdi,2812.0,2531.0,Wheat,7.553863014,12.6849863,3.286054795,73.16016438,1865.89,5919.13,2580.17,1.507534247,5.8,262.2,7117.172,November,Gandaki
2019,Myagdi,279.0,1333.0,Barley,7.553863014,12.6849863,3.286054795,73.16016438,1865.89,5919.13,2580.17,1.507534247,5.8,262.2,371.907,November,Gandaki
2019,Nawalparasi,42529.0,8262.0,Rice,24.74443836,30.54887671,19.98991781,60.81235616,1630.95,6266.71,2928.24,1.566109589,5.9,11207.95,351374.598,July,Unknown
2019,Nawalparasi,9175.0,6153.0,Maize,24.74443836,30.54887671,19.98991781,60.81235616,1630.95,6266.71,2928.24,1.566109589,5.9,11207.95,56453.775,April,Unknown
2019,Nawalparasi,482.0,2156.0,Millet,24.74443836,30.54887671,19.98991781,60.81235616,1630.95,6266.71,2928.24,1.566109589,5.9,11207.95,1039.192,August,Unknown
2019,Nawalparasi,156.0,1975.0,Buckwheat,24.74443836,30.54887671,19.98991781,60.81235616,1630.95,6266.71,2928.24,1.566109589,5.9,11207.95,308.1,September,Unknown
2019,Nawalparasi,16672.0,5852.0,Wheat,24.74443836,30.54887671,19.98991781,60.81235616,1630.95,6266.71,2928.24,1.566109589,5.9,11207.95,97564.544,November,Unknown
2019,Nawalparasi,13.0,2450.0,Barley,24.74443836,30.54887671,19.98991781,60.81235616,1630.95,6266.71,2928.24,1.566109589,5.9,11207.95,31.85,November,Unknown
2019,Nuwakot,16129.0,4373.0,Rice,8.866,14.15123288,4.604958904,70.31731507,992.91,6158.63,2768.15,1.72090411,5.7,7924.6,70532.117,July,Bagmati
2019,Nuwakot,16218.0,3837.0,Maize,8.866,14.15123288,4.604958904,70.31731507,992.91,6158.63,2768.15,1.72090411,5.7,7924.6,62228.466,April,Bagmati
2019,Nuwakot,5245.0,1320.0,Millet,8.866,14.15123288,4.604958904,70.31731507,992.91,6158.63,2768.15,1.72090411,5.7,7924.6,6923.4,August,Bagmati
2019,Nuwakot,178.0,1051.0,Buckwheat,8.866,14.15123288,4.604958904,70.31731507,992.91,6158.63,2768.15,1.72090411,5.7,7924.6,187.078,September,Bagmati
2019,Nuwakot,4165.0,3300.0,Wheat,8.866,14.15123288,4.604958904,70.31731507,992.91,6158.63,2768.15,1.72090411,5.7,7924.6,13744.5,November,Bagmati
2019,Nuwakot,152.0,1303.0,Barley,8.866,14.15123288,4.604958904,70.31731507,992.91,6158.63,2768.15,1.72090411,5.7,7924.6,198.056,November,Bagmati
2019,Okhaldhunga,3222.0,2766.0,Rice,13.75413699,18.90969863,9.79769863,66.26893151,1000.76,5767.41,2605.18,1.58090411,5.7,169.0,8912.052,July,Koshi
2019,Okhaldhunga,12400.0,2891.0,Maize,13.75413699,18.90969863,9.79769863,66.26893151,1000.76,5767.41,2605.18,1.58090411,5.7,169.0,35848.4,April,Koshi
2019,Okhaldhunga,7585.0,1893.0,Millet,13.75413699,18.90969863,9.79769863,66.26893151,1000.76,5767.41,2605.18,1.58090411,5.7,169.0,14358.405,August,Koshi
2019,Okhaldhunga,91.0,989.0,Buckwheat,13.75413699,18.90969863,9.79769863,66.26893151,1000.76,5767.41,2605.18,1.58090411,5.7,169.0,89.999,September,Koshi
2019,Okhaldhunga,2145.0,2130.0,Wheat,13.75413699,18.90969863,9.79769863,66.26893151,1000.76,5767.41,2605.18,1.58090411,5.7,169.0,4568.85,November,Koshi
2019,Okhaldhunga,80.0,1325.0,Barley,13.75413699,18.90969863,9.79769863,66.26893151,1000.76,5767.41,2605.18,1.58090411,5.7,169.0,106.0,November,Koshi
2019,Palpa,7601.0,4221.0,Rice,18.97964384,23.83947945,15.13328767,66.23728767,1885.15,6266.71,2928.24,1.464328767,5.9,1604.15,32083.821,July,Lumbini
2019,Palpa,21185.0,2632.0,Maize,18.97964384,23.83947945,15.13328767,66.23728767,1885.15,6266.71,2928.24,1.464328767,5.9,1604.15,55758.92,April,Lumbini
2019,Palpa,2655.0,1171.0,Millet,18.97964384,23.83947945,15.13328767,66.23728767,1885.15,6266.71,2928.24,1.464328767,5.9,1604.15,3109.005,August,Lumbini
2019,Palpa,410.0,993.0,Buckwheat,18.97964384,23.83947945,15.13328767,66.23728767,1885.15,6266.71,2928.24,1.464328767,5.9,1604.15,407.13,September,Lumbini
2019,Palpa,5744.0,2729.0,Wheat,18.97964384,23.83947945,15.13328767,66.23728767,1885.15,6266.71,2928.24,1.464328767,5.9,1604.15,15675.376,November,Lumbini
2019,Palpa,19.0,1842.0,Barley,18.97964384,23.83947945,15.13328767,66.23728767,1885.15,6266.71,2928.24,1.464328767,5.9,1604.15,34.998,November,Lumbini
2019,Panchthar,8243.0,2752.0,Rice,10.56589041,15.88747945,6.442246575,75.05241096,1083.59,5405.8,2406.77,1.823479452,5.7,146.55,22684.736,July,Koshi
2019,Panchthar,18983.0,2165.0,Maize,10.56589041,15.88747945,6.442246575,75.05241096,1083.59,5405.8,2406.77,1.823479452,5.7,146.55,41098.195,April,Koshi
2019,Panchthar,4550.0,1853.0,Millet,10.56589041,15.88747945,6.442246575,75.05241096,1083.59,5405.8,2406.77,1.823479452,5.7,146.55,8431.15,August,Koshi
2019,Panchthar,62.0,790.0,Buckwheat,10.56589041,15.88747945,6.442246575,75.05241096,1083.59,5405.8,2406.77,1.823479452,5.7,146.55,48.98,September,Koshi
2019,Panchthar,3904.0,2160.0,Wheat,10.56589041,15.88747945,6.442246575,75.05241096,1083.59,5405.8,2406.77,1.823479452,5.7,146.55,8432.64,November,Koshi
2019,Panchthar,305.0,1462.0,Barley,10.56589041,15.88747945,6.442246575,75.05241096,1083.59,5405.8,2406.77,1.823479452,5.7,146.55,445.91,November,Koshi
2019,Parbat,7849.0,3242.0,Rice,7.553863014,12.6849863,3.286054795,73.16016438,1865.89,5919.13,2580.17,1.507534247,5.7,1716.95,25446.458,July,Gandaki
2019,Parbat,13958.0,2496.0,Maize,7.553863014,12.6849863,3.286054795,73.16016438,1865.89,5919.13,2580.17,1.507534247,5.7,1716.95,34839.168,April,Gandaki
2019,Parbat,8499.0,990.0,Millet,7.553863014,12.6849863,3.286054795,73.16016438,1865.89,5919.13,2580.17,1.507534247,5.7,1716.95,8414.01,August,Gandaki
2019,Parbat,50.0,1020.0,Buckwheat,7.553863014,12.6849863,3.286054795,73.16016438,1865.89,5919.13,2580.17,1.507534247,5.7,1716.95,51.0,September,Gandaki
2019,Parbat,2656.0,2550.0,Wheat,7.553863014,12.6849863,3.286054795,73.16016438,1865.89,5919.13,2580.17,1.507534247,5.7,1716.95,6772.8,November,Gandaki
2019,Parbat,81.0,1296.0,Barley,7.553863014,12.6849863,3.286054795,73.16016438,1865.89,5919.13,2580.17,1.507534247,5.7,1716.95,104.976,November,Gandaki
2019,Parsa,45450.0,4135.0,Rice,25.48413699,31.55520548,20.422,61.21515068,1396.14,6240.93,2906.09,1.796383562,6.9,21133.875,187935.75,July,Madhesh
2019,Parsa,4580.0,3716.0,Maize,25.48413699,31.55520548,20.422,61.21515068,1396.14,6240.93,2906.09,1.796383562,6.9,21133.875,17019.28,April,Madhesh
2019,Parsa,0.0,0.0,Millet,25.48413699,31.55520548,20.422,61.21515068,1396.14,6240.93,2906.09,1.796383562,6.9,21133.875,0.0,August,Madhesh
2019,Parsa,0.0,0.0,Buckwheat,25.48413699,31.55520548,20.422,61.21515068,1396.14,6240.93,2906.09,1.796383562,6.9,21133.875,0.0,September,Madhesh
2019,Parsa,21992.0,3675.0,Wheat,25.48413699,31.55520548,20.422,61.21515068,1396.14,6240.93,2906.09,1.796383562,6.9,21133.875,80820.6,November,Madhesh
2019,Parsa,29.0,1448.0,Barley,25.48413699,31.55520548,20.422,61.21515068,1396.14,6240.93,2906.09,1.796383562,6.9,21133.875,41.992,November,Madhesh
2019,Pyuthan,6250.0,3845.0,Rice,21.85268493,27.26789041,17.48493151,60.55520548,1509.66,6064.68,2652.79,1.818520548,6.5,790.8,24031.25,July,Lumbini
2019,Pyuthan,11306.0,2475.0,Maize,21.85268493,27.26789041,17.48493151,60.55520548,1509.66,6064.68,2652.79,1.818520548,6.5,790.8,27982.35,April,Lumbini
2019,Pyuthan,2182.0,1225.0,Millet,21.85268493,27.26789041,17.48493151,60.55520548,1509.66,6064.68,2652.79,1.818520548,6.5,790.8,2672.95,August,Lumbini
2019,Pyuthan,11.0,1000.0,Buckwheat,21.85268493,27.26789041,17.48493151,60.55520548,1509.66,6064.68,2652.79,1.818520548,6.5,790.8,11.0,September,Lumbini
2019,Pyuthan,7951.0,2980.0,Wheat,21.85268493,27.26789041,17.48493151,60.55520548,1509.66,6064.68,2652.79,1.818520548,6.5,790.8,23693.98,November,Lumbini
2019,Pyuthan,468.0,1632.0,Barley,21.85268493,27.26789041,17.48493151,60.55520548,1509.66,6064.68,2652.79,1.818520548,6.5,790.8,763.776,November,Lumbini
2019,Ramechap,8762.0,3133.0,Rice,13.75413699,18.90969863,9.79769863,66.26893151,1000.76,5767.41,2605.18,1.58090411,5.4,922.1,27451.346,July,Unknown
2019,Ramechap,21686.0,2865.0,Maize,13.75413699,18.90969863,9.79769863,66.26893151,1000.76,5767.41,2605.18,1.58090411,5.4,922.1,62130.39,April,Unknown
2019,Ramechap,4831.0,1118.0,Millet,13.75413699,18.90969863,9.79769863,66.26893151,1000.76,5767.41,2605.18,1.58090411,5.4,922.1,5401.058,August,Unknown
2019,Ramechap,16.0,1063.0,Buckwheat,13.75413699,18.90969863,9.79769863,66.26893151,1000.76,5767.41,2605.18,1.58090411,5.4,922.1,17.008,September,Unknown
2019,Ramechap,3875.0,2350.0,Wheat,13.75413699,18.90969863,9.79769863,66.26893151,1000.76,5767.41,2605.18,1.58090411,5.4,922.1,9106.25,November,Unknown
2019,Ramechap,63.0,1349.0,Barley,13.75413699,18.90969863,9.79769863,66.26893151,1000.76,5767.41,2605.18,1.58090411,5.4,922.1,84.987,November,Unknown
2019,Rasuwa,1172.0,3412.0,Rice,8.866,14.15123288,4.604958904,70.31731507,992.91,6279.95,2774.82,1.72090411,6.1,189.75,3998.864,July,Bagmati
2019,Rasuwa,2298.0,2649.0,Maize,8.866,14.15123288,4.604958904,70.31731507,992.91,6279.95,2774.82,1.72090411,6.1,189.75,6087.402,April,Bagmati
2019,Rasuwa,828.0,983.0,Millet,8.866,14.15123288,4.604958904,70.31731507,992.91,6279.95,2774.82,1.72090411,6.1,189.75,813.924,August,Bagmati
2019,Rasuwa,0.0,0.0,Buckwheat,8.866,14.15123288,4.604958904,70.31731507,992.91,6279.95,2774.82,1.72090411,6.1,189.75,0.0,September,Bagmati
2019,Rasuwa,689.0,2010.0,Wheat,8.866,14.15123288,4.604958904,70.31731507,992.91,6279.95,2774.82,1.72090411,6.1,189.75,1384.89,November,Bagmati
2019,Rasuwa,253.0,1328.0,Barley,8.866,14.15123288,4.604958904,70.31731507,992.91,6279.95,2774.82,1.72090411,6.1,189.75,335.984,November,Bagmati
2019,Rautahat,36750.0,3444.0,Rice,24.75786301,30.56761644,20.13238356,58.68136986,1180.48,6004.97,2711.66,1.724273973,6.8,14848.85,126567.0,July,Madhesh
2019,Rautahat,3506.0,3543.0,Maize,24.75786301,30.56761644,20.13238356,58.68136986,1180.48,6004.97,2711.66,1.724273973,6.8,14848.85,12421.758,April,Madhesh
2019,Rautahat,70.0,1043.0,Millet,24.75786301,30.56761644,20.13238356,58.68136986,1180.48,6004.97,2711.66,1.724273973,6.8,14848.85,73.01,August,Madhesh
2019,Rautahat,0.0,0.0,Buckwheat,24.75786301,30.56761644,20.13238356,58.68136986,1180.48,6004.97,2711.66,1.724273973,6.8,14848.85,0.0,September,Madhesh
2019,Rautahat,14987.0,3725.0,Wheat,24.75786301,30.56761644,20.13238356,58.68136986,1180.48,6004.97,2711.66,1.724273973,6.8,14848.85,55826.575,November,Madhesh
2019,Rautahat,3.0,1667.0,Barley,24.75786301,30.56761644,20.13238356,58.68136986,1180.48,6004.97,2711.66,1.724273973,6.8,14848.85,5.001,November,Madhesh
2019,Rolpa,4490.0,3209.0,Rice,14.74668493,20.28520548,10.11849315,65.93917808,1408.73,6064.68,2652.79,1.657068493,6.1,205.7,14408.41,July,Lumbini
2019,Rolpa,13438.0,2566.0,Maize,14.74668493,20.28520548,10.11849315,65.93917808,1408.73,6064.68,2652.79,1.657068493,6.1,205.7,34481.908,April,Lumbini
2019,Rolpa,1113.0,1146.0,Millet,14.74668493,20.28520548,10.11849315,65.93917808,1408.73,6064.68,2652.79,1.657068493,6.1,205.7,1275.498,August,Lumbini
2019,Rolpa,108.0,907.0,Buckwheat,14.74668493,20.28520548,10.11849315,65.93917808,1408.73,6064.68,2652.79,1.657068493,6.1,205.7,97.956,September,Lumbini
2019,Rolpa,8407.0,2960.0,Wheat,14.74668493,20.28520548,10.11849315,65.93917808,1408.73,6064.68,2652.79,1.657068493,6.1,205.7,24884.72,November,Lumbini
2019,Rolpa,556.0,1189.0,Barley,14.74668493,20.28520548,10.11849315,65.93917808,1408.73,6064.68,2652.79,1.657068493,6.1,205.7,661.084,November,Lumbini
2019,Rukum,3554.0,5333.0,Rice,14.74668493,20.28520548,10.11849315,65.93917808,1408.73,6060.66,2649.0,1.657068493,6.8,74.6,18953.482,July,Unknown
2019,Rukum,18745.0,4619.0,Maize,14.74668493,20.28520548,10.11849315,65.93917808,1408.73,6060.66,2649.0,1.657068493,6.8,74.6,86583.155,April,Unknown
2019,Rukum,929.0,2627.0,Millet,14.74668493,20.28520548,10.11849315,65.93917808,1408.73,6060.66,2649.0,1.657068493,6.8,74.6,2440.483,August,Unknown
2019,Rukum,0.0,0.0,Buckwheat,14.74668493,20.28520548,10.11849315,65.93917808,1408.73,6060.66,2649.0,1.657068493,6.8,74.6,0.0,September,Unknown
2019,Rukum,10846.0,5580.0,Wheat,14.74668493,20.28520548,10.11849315,65.93917808,1408.73,6060.66,2649.0,1.657068493,6.8,74.6,60520.68,November,Unknown
2019,Rukum,826.0,2532.0,Barley,14.74668493,20.28520548,10.11849315,65.93917808,1408.73,6060.66,2649.0,1.657068493,6.8,74.6,2091.432,November,Unknown
2019,Rupandehi,63882.0,4146.0,Rice,24.74443836,30.54887671,19.98991781,60.81235616,1630.95,6266.71,2928.24,1.566109589,6.6,34431.675,264854.772,July,Lumbini
2019,Rupandehi,2639.0,3925.0,Maize,24.74443836,30.54887671,19.98991781,60.81235616,1630.95,6266.71,2928.24,1.566109589,6.6,34431.675,10358.075,April,Lumbini
2019,Rupandehi,46.0,1130.0,Millet,24.74443836,30.54887671,19.98991781,60.81235616,1630.95,6266.71,2928.24,1.566109589,6.6,34431.675,51.98,August,Lumbini
2019,Rupandehi,0.0,0.0,Buckwheat,24.74443836,30.54887671,19.98991781,60.81235616,1630.95,6266.71,2928.24,1.566109589,6.6,34431.675,0.0,September,Lumbini
2019,Rupandehi,26819.0,3561.0,Wheat,24.74443836,30.54887671,19.98991781,60.81235616,1630.95,6266.71,2928.24,1.566109589,6.6,34431.675,95502.459,November,Lumbini
2019,Rupandehi,74.0,2541.0,Barley,24.74443836,30.54887671,19.98991781,60.81235616,1630.95,6266.71,2928.24,1.566109589,6.6,34431.675,188.034,November,Lumbini
2019,Salyan,7012.0,4064.0,Rice,21.85268493,27.26789041,17.48493151,60.55520548,1509.66,6064.68,2652.79,1.818520548,5.9,839.25,28496.768,July,Karnali
2019,Salyan,20005.0,2469.0,Maize,21.85268493,27.26789041,17.48493151,60.55520548,1509.66,6064.68,2652.79,1.818520548,5.9,839.25,49392.345,April,Karnali
2019,Salyan,1020.0,1171.0,Millet,21.85268493,27.26789041,17.48493151,60.55520548,1509.66,6064.68,2652.79,1.818520548,5.9,839.25,1194.42,August,Karnali
2019,Salyan,60.0,1183.0,Buckwheat,21.85268493,27.26789041,17.48493151,60.55520548,1509.66,6064.68,2652.79,1.818520548,5.9,839.25,70.98,September,Karnali
2019,Salyan,13992.0,3100.0,Wheat,21.85268493,27.26789041,17.48493151,60.55520548,1509.66,6064.68,2652.79,1.818520548,5.9,839.25,43375.2,November,Karnali
2019,Salyan,950.0,1343.0,Barley,21.85268493,27.26789041,17.48493151,60.55520548,1509.66,6064.68,2652.79,1.818520548,5.9,839.25,1275.85,November,Karnali
2019,Sankhuwashava,12054.0,2845.0,Rice,10.56589041,15.88747945,6.442246575,75.05241096,1083.59,5405.8,2406.77,1.823479452,5.6,859.65,34293.63,July,Unknown
2019,Sankhuwashava,12858.0,2189.0,Maize,10.56589041,15.88747945,6.442246575,75.05241096,1083.59,5405.8,2406.77,1.823479452,5.6,859.65,28146.162,April,Unknown
2019,Sankhuwashava,6361.0,1262.0,Millet,10.56589041,15.88747945,6.442246575,75.05241096,1083.59,5405.8,2406.77,1.823479452,5.6,859.65,8027.582,August,Unknown
2019,Sankhuwashava,18.0,1000.0,Buckwheat,10.56589041,15.88747945,6.442246575,75.05241096,1083.59,5405.8,2406.77,1.823479452,5.6,859.65,18.0,September,Unknown
2019,Sankhuwashava,715.0,2351.0,Wheat,10.56589041,15.88747945,6.442246575,75.05241096,1083.59,5405.8,2406.77,1.823479452,5.6,859.65,1680.965,November,Unknown
2019,Sankhuwashava,13.0,1308.0,Barley,10.56589041,15.88747945,6.442246575,75.05241096,1083.59,5405.8,2406.77,1.823479452,5.6,859.65,17.004,November,Unknown
2019,Saptari,49519.0,3564.0,Rice,25.10775342,30.68158904,20.55641096,62.5200274,1339.84,5987.11,2705.11,1.829945205,6.6,13558.35,176485.716,July,Madhesh
2019,Saptari,3922.0,3191.0,Maize,25.10775342,30.68158904,20.55641096,62.5200274,1339.84,5987.11,2705.11,1.829945205,6.6,13558.35,12515.102,April,Madhesh
2019,Saptari,181.0,1254.0,Millet,25.10775342,30.68158904,20.55641096,62.5200274,1339.84,5987.11,2705.11,1.829945205,6.6,13558.35,226.974,August,Madhesh
2019,Saptari,0.0,0.0,Buckwheat,25.10775342,30.68158904,20.55641096,62.5200274,1339.84,5987.11,2705.11,1.829945205,6.6,13558.35,0.0,September,Madhesh
2019,Saptari,15314.0,3549.0,Wheat,25.10775342,30.68158904,20.55641096,62.5200274,1339.84,5987.11,2705.11,1.829945205,6.6,13558.35,54349.386,November,Madhesh
2019,Saptari,0.0,0.0,Barley,25.10775342,30.68158904,20.55641096,62.5200274,1339.84,5987.11,2705.11,1.829945205,6.6,13558.35,0.0,November,Madhesh
2019,Sarlahi,46468.0,3620.0,Rice,24.75786301,30.56761644,20.13238356,58.68136986,1180.48,6004.97,2711.66,1.724273973,6.6,13701.95,168214.16,July,Madhesh
2019,Sarlahi,11276.0,3336.0,Maize,24.75786301,30.56761644,20.13238356,58.68136986,1180.48,6004.97,2711.66,1.724273973,6.6,13701.95,37616.736,April,Madhesh
2019,Sarlahi,702.0,893.0,Millet,24.75786301,30.56761644,20.13238356,58.68136986,1180.48,6004.97,2711.66,1.724273973,6.6,13701.95,626.886,August,Madhesh
2019,Sarlahi,0.0,0.0,Buckwheat,24.75786301,30.56761644,20.13238356,58.68136986,1180.48,6004.97,2711.66,1.724273973,6.6,13701.95,0.0,September,Madhesh
2019,Sarlahi,22479.0,3407.0,Wheat,24.75786301,30.56761644,20.13238356,58.68136986,1180.48,6004.97,2711.66,1.724273973,6.6,13701.95,76585.953,November,Madhesh
2019,Sarlahi,62.0,1145.0,Barley,24.75786301,30.56761644,20.13238356,58.68136986,1180.48,6004.97,2711.66,1.724273973,6.6,13701.95,70.99,November,Madhesh
2019,Sindhuli,13947.0,3781.0,Rice,22.83273973,28.33315068,18.56117808,59.90189041,1134.85,5767.41,2605.18,1.685232877,6.0,2873.75,52733.607,July,Bagmati
2019,Sindhuli,25657.0,3165.0,Maize,22.83273973,28.33315068,18.56117808,59.90189041,1134.85,5767.41,2605.18,1.685232877,6.0,2873.75,81204.405,April,Bagmati
2019,Sindhuli,11934.0,1019.0,Millet,22.83273973,28.33315068,18.56117808,59.90189041,1134.85,5767.41,2605.18,1.685232877,6.0,2873.75,12160.746,August,Bagmati
2019,Sindhuli,505.0,962.0,Buckwheat,22.83273973,28.33315068,18.56117808,59.90189041,1134.85,5767.41,2605.18,1.685232877,6.0,2873.75,485.81,September,Bagmati
2019,Sindhuli,6875.0,2820.0,Wheat,22.83273973,28.33315068,18.56117808,59.90189041,1134.85,5767.41,2605.18,1.685232877,6.0,2873.75,19387.5,November,Bagmati
2019,Sindhuli,41.0,1585.0,Barley,22.83273973,28.33315068,18.56117808,59.90189041,1134.85,5767.41,2605.18,1.685232877,6.0,2873.75,64.985,November,Bagmati
2019,Sindhupalchok,11981.0,2967.0,Rice,8.866,14.15123288,4.604958904,70.31731507,992.91,6158.63,2768.15,1.72090411,5.6,10022.35,35547.627,July,Bagmati
2019,Sindhupalchok,25168.0,2800.0,Maize,8.866,14.15123288,4.604958904,70.31731507,992.91,6158.63,2768.15,1.72090411,5.6,10022.35,70470.4,April,Bagmati
2019,Sindhupalchok,16952.0,1302.0,Millet,8.866,14.15123288,4.604958904,70.31731507,992.91,6158.63,2768.15,1.72090411,5.6,10022.35,22071.504,August,Bagmati
2019,Sindhupalchok,0.0,0.0,Buckwheat,8.866,14.15123288,4.604958904,70.31731507,992.91,6158.63,2768.15,1.72090411,5.6,10022.35,0.0,September,Bagmati
2019,Sindhupalchok,6908.0,2020.0,Wheat,8.866,14.15123288,4.604958904,70.31731507,992.91,6158.63,2768.15,1.72090411,5.6,10022.35,13954.16,November,Bagmati
2019,Sindhupalchok,172.0,1192.0,Barley,8.866,14.15123288,4.604958904,70.31731507,992.91,6158.63,2768.15,1.72090411,5.6,10022.35,205.024,November,Bagmati
2019,Siraha,47707.0,3516.0,Rice,25.85054795,31.91690411,20.85939726,58.98717808,1103.31,5987.11,2705.11,1.973972603,6.8,14147.75,167737.812,July,Madhesh
2019,Siraha,3991.0,3005.0,Maize,25.85054795,31.91690411,20.85939726,58.98717808,1103.31,5987.11,2705.11,1.973972603,6.8,14147.75,11992.955,April,Madhesh
2019,Siraha,435.0,1034.0,Millet,25.85054795,31.91690411,20.85939726,58.98717808,1103.31,5987.11,2705.11,1.973972603,6.8,14147.75,449.79,August,Madhesh
2019,Siraha,0.0,0.0,Buckwheat,25.85054795,31.91690411,20.85939726,58.98717808,1103.31,5987.11,2705.11,1.973972603,6.8,14147.75,0.0,September,Madhesh
2019,Siraha,11781.0,3505.0,Wheat,25.85054795,31.91690411,20.85939726,58.98717808,1103.31,5987.11,2705.11,1.973972603,6.8,14147.75,41292.405,November,Madhesh
2019,Siraha,0.0,0.0,Barley,25.85054795,31.91690411,20.85939726,58.98717808,1103.31,5987.11,2705.11,1.973972603,6.8,14147.75,0.0,November,Madhesh
2019,Solukhumbu,1325.0,2783.0,Rice,9.195479452,14.42063014,5.143205479,72.51060274,1028.9,5767.41,2605.18,1.791479452,5.8,20.9,3687.475,July,Koshi
2019,Solukhumbu,14050.0,2513.0,Maize,9.195479452,14.42063014,5.143205479,72.51060274,1028.9,5767.41,2605.18,1.791479452,5.8,20.9,35307.65,April,Koshi
2019,Solukhumbu,1827.0,1346.0,Millet,9.195479452,14.42063014,5.143205479,72.51060274,1028.9,5767.41,2605.18,1.791479452,5.8,20.9,2459.142,August,Koshi
2019,Solukhumbu,297.0,970.0,Buckwheat,9.195479452,14.42063014,5.143205479,72.51060274,1028.9,5767.41,2605.18,1.791479452,5.8,20.9,288.09,September,Koshi
2019,Solukhumbu,2669.0,2099.0,Wheat,9.195479452,14.42063014,5.143205479,72.51060274,1028.9,5767.41,2605.18,1.791479452,5.8,20.9,5602.231,November,Koshi
2019,Solukhumbu,165.0,1170.0,Barley,9.195479452,14.42063014,5.143205479,72.51060274,1028.9,5767.41,2605.18,1.791479452,5.8,20.9,193.05,November,Koshi
2019,Sunsari,53350.0,3988.0,Rice,24.62473973,30.22972603,20.15873973,63.34821918,1376.31,5808.38,2629.77,1.721863014,6.6,16182.9,212759.8,July,Koshi
2019,Sunsari,8949.0,3118.0,Maize,24.62473973,30.22972603,20.15873973,63.34821918,1376.31,5808.38,2629.77,1.721863014,6.6,16182.9,27902.982,April,Koshi
2019,Sunsari,499.0,1152.0,Millet,24.62473973,30.22972603,20.15873973,63.34821918,1376.31,5808.38,2629.77,1.721863014,6.6,16182.9,574.848,August,Koshi
2019,Sunsari,291.0,1052.0,Buckwheat,24.62473973,30.22972603,20.15873973,63.34821918,1376.31,5808.38,2629.77,1.721863014,6.6,16182.9,306.132,September,Koshi
2019,Sunsari,12959.0,3250.0,Wheat,24.62473973,30.22972603,20.15873973,63.34821918,1376.31,5808.38,2629.77,1.721863014,6.6,16182.9,42116.75,November,Koshi
2019,Sunsari,11.0,2182.0,Barley,24.62473973,30.22972603,20.15873973,63.34821918,1376.31,5808.38,2629.77,1.721863014,6.6,16182.9,24.002,November,Koshi
2019,Surkhet,12276.0,4154.0,Rice,19.80356164,25.09391781,15.39747945,62.87572603,1507.45,6018.39,2685.62,1.488547945,5.9,2780.55,50994.504,July,Karnali
2019,Surkhet,15011.0,2921.0,Maize,19.80356164,25.09391781,15.39747945,62.87572603,1507.45,6018.39,2685.62,1.488547945,5.9,2780.55,43847.131,April,Karnali
2019,Surkhet,2215.0,1335.0,Millet,19.80356164,25.09391781,15.39747945,62.87572603,1507.45,6018.39,2685.62,1.488547945,5.9,2780.55,2957.025,August,Karnali
2019,Surkhet,0.0,0.0,Buckwheat,19.80356164,25.09391781,15.39747945,62.87572603,1507.45,6018.39,2685.62,1.488547945,5.9,2780.55,0.0,September,Karnali
2019,Surkhet,13941.0,3043.0,Wheat,19.80356164,25.09391781,15.39747945,62.87572603,1507.45,6018.39,2685.62,1.488547945,5.9,2780.55,42422.463,November,Karnali
2019,Surkhet,931.0,1530.0,Barley,19.80356164,25.09391781,15.39747945,62.87572603,1507.45,6018.39,2685.62,1.488547945,5.9,2780.55,1424.43,November,Karnali
2019,Syangja,16093.0,4154.0,Rice,18.97964384,23.83947945,15.13328767,66.23728767,1885.15,5919.13,2580.17,1.464328767,6.0,1219.8,66850.322,July,Gandaki
2019,Syangja,26275.0,3671.0,Maize,18.97964384,23.83947945,15.13328767,66.23728767,1885.15,5919.13,2580.17,1.464328767,6.0,1219.8,96455.525,April,Gandaki
2019,Syangja,15926.0,1256.0,Millet,18.97964384,23.83947945,15.13328767,66.23728767,1885.15,5919.13,2580.17,1.464328767,6.0,1219.8,20003.056,August,Gandaki
2019,Syangja,221.0,995.0,Buckwheat,18.97964384,23.83947945,15.13328767,66.23728767,1885.15,5919.13,2580.17,1.464328767,6.0,1219.8,219.895,September,Gandaki
2019,Syangja,5098.0,2846.0,Wheat,18.97964384,23.83947945,15.13328767,66.23728767,1885.15,5919.13,2580.17,1.464328767,6.0,1219.8,14508.908,November,Gandaki
2019,Syangja,4.0,1500.0,Barley,18.97964384,23.83947945,15.13328767,66.23728767,1885.15,5919.13,2580.17,1.464328767,6.0,1219.8,6.0,November,Gandaki
2019,Tanahu,10807.0,3963.0,Rice,18.97964384,23.83947945,15.13328767,66.23728767,1885.15,6240.93,2906.09,1.464328767,5.6,2341.55,42828.141,July,Gandaki
2019,Tanahu,22835.0,3223.0,Maize,18.97964384,23.83947945,15.13328767,66.23728767,1885.15,6240.93,2906.09,1.464328767,5.6,2341.55,73597.205,April,Gandaki
2019,Tanahu,6656.0,990.0,Millet,18.97964384,23.83947945,15.13328767,66.23728767,1885.15,6240.93,2906.09,1.464328767,5.6,2341.55,6589.44,August,Gandaki
2019,Tanahu,176.0,1000.0,Buckwheat,18.97964384,23.83947945,15.13328767,66.23728767,1885.15,6240.93,2906.09,1.464328767,5.6,2341.55,176.0,September,Gandaki
2019,Tanahu,1643.0,2507.0,Wheat,18.97964384,23.83947945,15.13328767,66.23728767,1885.15,6240.93,2906.09,1.464328767,5.6,2341.55,4119.001,November,Gandaki
2019,Tanahu,6.0,1000.0,Barley,18.97964384,23.83947945,15.13328767,66.23728767,1885.15,6240.93,2906.09,1.464328767,5.6,2341.55,6.0,November,Gandaki
2019,Taplejung,7538.0,2556.0,Rice,5.100712329,10.00438356,1.344246575,79.53520548,1486.47,5405.8,2406.77,1.589424658,5.4,305.05,19267.128,July,Koshi
2019,Taplejung,9598.0,2800.0,Maize,5.100712329,10.00438356,1.344246575,79.53520548,1486.47,5405.8,2406.77,1.589424658,5.4,305.05,26874.4,April,Koshi
2019,Taplejung,3008.0,1390.0,Millet,5.100712329,10.00438356,1.344246575,79.53520548,1486.47,5405.8,2406.77,1.589424658,5.4,305.05,4181.12,August,Koshi
2019,Taplejung,103.0,1359.0,Buckwheat,5.100712329,10.00438356,1.344246575,79.53520548,1486.47,5405.8,2406.77,1.589424658,5.4,305.05,139.977,September,Koshi
2019,Taplejung,1535.0,2310.0,Wheat,5.100712329,10.00438356,1.344246575,79.53520548,1486.47,5405.8,2406.77,1.589424658,5.4,305.05,3545.85,November,Koshi
2019,Taplejung,270.0,1489.0,Barley,5.100712329,10.00438356,1.344246575,79.53520548,1486.47,5405.8,2406.77,1.589424658,5.4,305.05,402.03,November,Koshi
2019,Terhathum,7140.0,2756.0,Rice,20.09432877,25.13835616,16.17372603,66.99441096,1310.62,5405.8,2406.77,1.509232877,5.6,362.4,19677.84,July,Unknown
2019,Terhathum,12117.0,2692.0,Maize,20.09432877,25.13835616,16.17372603,66.99441096,1310.62,5405.8,2406.77,1.509232877,5.6,362.4,32618.964,April,Unknown
2019,Terhathum,2603.0,1256.0,Millet,20.09432877,25.13835616,16.17372603,66.99441096,1310.62,5405.8,2406.77,1.509232877,5.6,362.4,3269.368,August,Unknown
2019,Terhathum,23.0,957.0,Buckwheat,20.09432877,25.13835616,16.17372603,66.99441096,1310.62,5405.8,2406.77,1.509232877,5.6,362.4,22.011,September,Unknown
2019,Terhathum,2400.0,2110.0,Wheat,20.09432877,25.13835616,16.17372603,66.99441096,1310.62,5405.8,2406.77,1.509232877,5.6,362.4,5064.0,November,Unknown
2019,Terhathum,64.0,1328.0,Barley,20.09432877,25.13835616,16.17372603,66.99441096,1310.62,5405.8,2406.77,1.509232877,5.6,362.4,84.992,November,Unknown
2019,Udayapur,13811.0,3924.0,Rice,18.33613699,23.20578082,14.71679452,70.55191781,1813.42,5808.38,2629.77,1.227643836,5.4,2423.05,54194.364,July,Koshi
2019,Udayapur,17907.0,2365.0,Maize,18.33613699,23.20578082,14.71679452,70.55191781,1813.42,5808.38,2629.77,1.227643836,5.4,2423.05,42350.055,April,Koshi
2019,Udayapur,2963.0,1886.0,Millet,18.33613699,23.20578082,14.71679452,70.55191781,1813.42,5808.38,2629.77,1.227643836,5.4,2423.05,5588.218,August,Koshi
2019,Udayapur,16.0,1063.0,Buckwheat,18.33613699,23.20578082,14.71679452,70.55191781,1813.42,5808.38,2629.77,1.227643836,5.4,2423.05,17.008,September,Koshi
2019,Udayapur,5130.0,2750.0,Wheat,18.33613699,23.20578082,14.71679452,70.55191781,1813.42,5808.38,2629.77,1.227643836,5.4,2423.05,14107.5,November,Koshi
2019,Udayapur,25.0,1560.0,Barley,18.33613699,23.20578082,14.71679452,70.55191781,1813.42,5808.38,2629.77,1.227643836,5.4,2423.05,39.0,November,Koshi
2020,Achham,16590.0,2670.0,Rice,11.79530055,16.8960929,7.581775956,73.78494536,1358.08,6215.45,2700.79,1.459071038,6.1,203.7,44295.3,July,Sudurpashchim
2020,Achham,6554.0,2940.0,Maize,11.79530055,16.8960929,7.581775956,73.78494536,1358.08,6215.45,2700.79,1.459071038,6.1,203.7,19268.76,April,Sudurpashchim
2020,Achham,3557.0,1044.0,Millet,11.79530055,16.8960929,7.581775956,73.78494536,1358.08,6215.45,2700.79,1.459071038,6.1,203.7,3713.508,August,Sudurpashchim
2020,Achham,77.0,1052.0,Buckwheat,11.79530055,16.8960929,7.581775956,73.78494536,1358.08,6215.45,2700.79,1.459071038,6.1,203.7,81.004,September,Sudurpashchim
2020,Achham,14453.0,1570.0,Wheat,11.79530055,16.8960929,7.581775956,73.78494536,1358.08,6215.45,2700.79,1.459071038,6.1,203.7,22691.21,November,Sudurpashchim
2020,Achham,444.0,1268.0,Barley,11.79530055,16.8960929,7.581775956,73.78494536,1358.08,6215.45,2700.79,1.459071038,6.1,203.7,562.992,November,Sudurpashchim
2020,Arghakhanchi,6385.0,3323.0,Rice,19.17087432,24.02784153,15.48445355,65.44849727,1624.18,6056.11,2843.2,1.639153005,5.9,1545.8,21217.355,July,Lumbini
2020,Arghakhanchi,16075.0,3217.0,Maize,19.17087432,24.02784153,15.48445355,65.44849727,1624.18,6056.11,2843.2,1.639153005,5.9,1545.8,51713.275,April,Lumbini
2020,Arghakhanchi,511.0,1129.0,Millet,19.17087432,24.02784153,15.48445355,65.44849727,1624.18,6056.11,2843.2,1.639153005,5.9,1545.8,576.919,August,Lumbini
2020,Arghakhanchi,310.0,1200.0,Buckwheat,19.17087432,24.02784153,15.48445355,65.44849727,1624.18,6056.11,2843.2,1.639153005,5.9,1545.8,372.0,September,Lumbini
2020,Arghakhanchi,5782.0,2769.0,Wheat,19.17087432,24.02784153,15.48445355,65.44849727,1624.18,6056.11,2843.2,1.639153005,5.9,1545.8,16010.358,November,Lumbini
2020,Arghakhanchi,196.0,1918.0,Barley,19.17087432,24.02784153,15.48445355,65.44849727,1624.18,6056.11,2843.2,1.639153005,5.9,1545.8,375.928,November,Lumbini
2020,Baglung,5707.0,3200.0,Rice,18.45918033,22.94540984,14.93754098,69.90494536,1893.35,5823.25,2539.99,1.45726776,5.7,961.5,18262.4,July,Gandaki
2020,Baglung,19863.0,3307.0,Maize,18.45918033,22.94540984,14.93754098,69.90494536,1893.35,5823.25,2539.99,1.45726776,5.7,961.5,65686.941,April,Gandaki
2020,Baglung,18456.0,1260.0,Millet,18.45918033,22.94540984,14.93754098,69.90494536,1893.35,5823.25,2539.99,1.45726776,5.7,961.5,23254.56,August,Gandaki
2020,Baglung,87.0,1322.0,Buckwheat,18.45918033,22.94540984,14.93754098,69.90494536,1893.35,5823.25,2539.99,1.45726776,5.7,961.5,115.014,September,Gandaki
2020,Baglung,6900.0,2510.0,Wheat,18.45918033,22.94540984,14.93754098,69.90494536,1893.35,5823.25,2539.99,1.45726776,5.7,961.5,17319.0,November,Gandaki
2020,Baglung,644.0,1759.0,Barley,18.45918033,22.94540984,14.93754098,69.90494536,1893.35,5823.25,2539.99,1.45726776,5.7,961.5,1132.796,November,Gandaki
2020,Baitadi,8447.0,2450.0,Rice,10.15915301,15.59478142,5.464562842,71.80710383,1638.17,6534.78,2888.66,1.503005464,6.0,169.4,20695.15,July,Sudurpashchim
2020,Baitadi,11031.0,2442.0,Maize,10.15915301,15.59478142,5.464562842,71.80710383,1638.17,6534.78,2888.66,1.503005464,6.0,169.4,26937.702,April,Sudurpashchim
2020,Baitadi,354.0,1153.0,Millet,10.15915301,15.59478142,5.464562842,71.80710383,1638.17,6534.78,2888.66,1.503005464,6.0,169.4,408.162,August,Sudurpashchim
2020,Baitadi,45.0,1889.0,Buckwheat,10.15915301,15.59478142,5.464562842,71.80710383,1638.17,6534.78,2888.66,1.503005464,6.0,169.4,85.005,September,Sudurpashchim
2020,Baitadi,15901.0,1623.0,Wheat,10.15915301,15.59478142,5.464562842,71.80710383,1638.17,6534.78,2888.66,1.503005464,6.0,169.4,25807.323,November,Sudurpashchim
2020,Baitadi,885.0,905.0,Barley,10.15915301,15.59478142,5.464562842,71.80710383,1638.17,6534.78,2888.66,1.503005464,6.0,169.4,800.925,November,Sudurpashchim
2020,Bajhang,6491.0,2660.0,Rice,10.15915301,15.59478142,5.464562842,71.80710383,1638.17,6215.45,2700.79,1.503005464,5.6,133.2,17266.06,July,Sudurpashchim
2020,Bajhang,4185.0,1433.0,Maize,10.15915301,15.59478142,5.464562842,71.80710383,1638.17,6215.45,2700.79,1.503005464,5.6,133.2,5997.105,April,Sudurpashchim
2020,Bajhang,2761.0,806.0,Millet,10.15915301,15.59478142,5.464562842,71.80710383,1638.17,6215.45,2700.79,1.503005464,5.6,133.2,2225.366,August,Sudurpashchim
2020,Bajhang,51.0,1275.0,Buckwheat,10.15915301,15.59478142,5.464562842,71.80710383,1638.17,6215.45,2700.79,1.503005464,5.6,133.2,65.025,September,Sudurpashchim
2020,Bajhang,10300.0,2093.0,Wheat,10.15915301,15.59478142,5.464562842,71.80710383,1638.17,6215.45,2700.79,1.503005464,5.6,133.2,21557.9,November,Sudurpashchim
2020,Bajhang,2391.0,1063.0,Barley,10.15915301,15.59478142,5.464562842,71.80710383,1638.17,6215.45,2700.79,1.503005464,5.6,133.2,2541.633,November,Sudurpashchim
2020,Bajura,4251.0,2650.0,Rice,8.348060109,14.31822404,3.322513661,71.42636612,1042.27,6215.45,2700.79,1.516092896,6.0,201.25,11265.15,July,Sudurpashchim
2020,Bajura,918.0,1642.0,Maize,8.348060109,14.31822404,3.322513661,71.42636612,1042.27,6215.45,2700.79,1.516092896,6.0,201.25,1507.356,April,Sudurpashchim
2020,Bajura,2521.0,1021.0,Millet,8.348060109,14.31822404,3.322513661,71.42636612,1042.27,6215.45,2700.79,1.516092896,6.0,201.25,2573.941,August,Sudurpashchim
2020,Bajura,45.0,1267.0,Buckwheat,8.348060109,14.31822404,3.322513661,71.42636612,1042.27,6215.45,2700.79,1.516092896,6.0,201.25,57.015,September,Sudurpashchim
2020,Bajura,9831.0,1594.0,Wheat,8.348060109,14.31822404,3.322513661,71.42636612,1042.27,6215.45,2700.79,1.516092896,6.0,201.25,15670.614,November,Sudurpashchim
2020,Bajura,973.0,1262.0,Barley,8.348060109,14.31822404,3.322513661,71.42636612,1042.27,6215.45,2700.79,1.516092896,6.0,201.25,1227.926,November,Sudurpashchim
2020,Banke,31250.0,3509.0,Rice,19.18065574,24.17256831,15.14915301,66.58147541,1506.09,5925.95,2632.8,1.430382514,6.4,10102.85,109656.25,July,Lumbini
2020,Banke,19356.0,2880.0,Maize,19.18065574,24.17256831,15.14915301,66.58147541,1506.09,5925.95,2632.8,1.430382514,6.4,10102.85,55745.28,April,Lumbini
2020,Banke,0.0,0.0,Millet,19.18065574,24.17256831,15.14915301,66.58147541,1506.09,5925.95,2632.8,1.430382514,6.4,10102.85,0.0,August,Lumbini
2020,Banke,8.0,1375.0,Buckwheat,19.18065574,24.17256831,15.14915301,66.58147541,1506.09,5925.95,2632.8,1.430382514,6.4,10102.85,11.0,September,Lumbini
2020,Banke,21944.0,3344.0,Wheat,19.18065574,24.17256831,15.14915301,66.58147541,1506.09,5925.95,2632.8,1.430382514,6.4,10102.85,73380.736,November,Lumbini
2020,Banke,8.0,1375.0,Barley,19.18065574,24.17256831,15.14915301,66.58147541,1506.09,5925.95,2632.8,1.430382514,6.4,10102.85,11.0,November,Lumbini
2020,Bara,58625.0,3759.0,Rice,24.16642077,29.64704918,19.69409836,66.7173224,1820.91,5979.33,2804.39,1.603579235,6.7,15275.55,220371.375,July,Madhesh
2020,Bara,11940.0,3907.0,Maize,24.16642077,29.64704918,19.69409836,66.7173224,1820.91,5979.33,2804.39,1.603579235,6.7,15275.55,46649.58,April,Madhesh
2020,Bara,76.0,1158.0,Millet,24.16642077,29.64704918,19.69409836,66.7173224,1820.91,5979.33,2804.39,1.603579235,6.7,15275.55,88.008,August,Madhesh
2020,Bara,0.0,0.0,Buckwheat,24.16642077,29.64704918,19.69409836,66.7173224,1820.91,5979.33,2804.39,1.603579235,6.7,15275.55,0.0,September,Madhesh
2020,Bara,27143.0,3587.0,Wheat,24.16642077,29.64704918,19.69409836,66.7173224,1820.91,5979.33,2804.39,1.603579235,6.7,15275.55,97361.941,November,Madhesh
2020,Bara,38.0,2237.0,Barley,24.16642077,29.64704918,19.69409836,66.7173224,1820.91,5979.33,2804.39,1.603579235,6.7,15275.55,85.006,November,Madhesh
2020,Bardiya,50638.0,4670.0,Rice,23.9734153,29.61871585,19.41398907,60.8779235,1450.12,5925.95,2632.8,1.583114754,6.8,11261.55,236479.46,July,Unknown
2020,Bardiya,2764.0,3029.0,Maize,23.9734153,29.61871585,19.41398907,60.8779235,1450.12,5925.95,2632.8,1.583114754,6.8,11261.55,8372.156,April,Unknown
2020,Bardiya,0.0,0.0,Millet,23.9734153,29.61871585,19.41398907,60.8779235,1450.12,5925.95,2632.8,1.583114754,6.8,11261.55,0.0,August,Unknown
2020,Bardiya,8.0,1500.0,Buckwheat,23.9734153,29.61871585,19.41398907,60.8779235,1450.12,5925.95,2632.8,1.583114754,6.8,11261.55,12.0,September,Unknown
2020,Bardiya,19775.0,3792.0,Wheat,23.9734153,29.61871585,19.41398907,60.8779235,1450.12,5925.95,2632.8,1.583114754,6.8,11261.55,74986.8,November,Unknown
2020,Bardiya,8.0,1500.0,Barley,23.9734153,29.61871585,19.41398907,60.8779235,1450.12,5925.95,2632.8,1.583114754,6.8,11261.55,12.0,November,Unknown
2020,Bhaktapur,3979.0,5050.0,Rice,18.37199454,22.86101093,14.96669399,69.78677596,1400.22,5900.58,2668.03,1.402868852,5.8,4853.75,20093.95,July,Bagmati
2020,Bhaktapur,1955.0,4423.0,Maize,18.37199454,22.86101093,14.96669399,69.78677596,1400.22,5900.58,2668.03,1.402868852,5.8,4853.75,8646.965,April,Bagmati
2020,Bhaktapur,116.0,1362.0,Millet,18.37199454,22.86101093,14.96669399,69.78677596,1400.22,5900.58,2668.03,1.402868852,5.8,4853.75,157.992,August,Bagmati
2020,Bhaktapur,0.0,0.0,Buckwheat,18.37199454,22.86101093,14.96669399,69.78677596,1400.22,5900.58,2668.03,1.402868852,5.8,4853.75,0.0,September,Bagmati
2020,Bhaktapur,3450.0,4177.0,Wheat,18.37199454,22.86101093,14.96669399,69.78677596,1400.22,5900.58,2668.03,1.402868852,5.8,4853.75,14410.65,November,Bagmati
2020,Bhaktapur,17.0,2059.0,Barley,18.37199454,22.86101093,14.96669399,69.78677596,1400.22,5900.58,2668.03,1.402868852,5.8,4853.75,35.003,November,Bagmati
2020,Bhojpur,14043.0,2272.0,Rice,4.965519126,9.668688525,1.341420765,82.39002732,2097.28,5290.09,2363.83,1.575300546,5.4,1461.1,31905.696,July,Koshi
2020,Bhojpur,36197.0,2719.0,Maize,4.965519126,9.668688525,1.341420765,82.39002732,2097.28,5290.09,2363.83,1.575300546,5.4,1461.1,98419.643,April,Koshi
2020,Bhojpur,5489.0,1293.0,Millet,4.965519126,9.668688525,1.341420765,82.39002732,2097.28,5290.09,2363.83,1.575300546,5.4,1461.1,7097.277,August,Koshi
2020,Bhojpur,39.0,821.0,Buckwheat,4.965519126,9.668688525,1.341420765,82.39002732,2097.28,5290.09,2363.83,1.575300546,5.4,1461.1,32.019,September,Koshi
2020,Bhojpur,395.0,1149.0,Wheat,4.965519126,9.668688525,1.341420765,82.39002732,2097.28,5290.09,2363.83,1.575300546,5.4,1461.1,453.855,November,Koshi
2020,Bhojpur,10.0,1500.0,Barley,4.965519126,9.668688525,1.341420765,82.39002732,2097.28,5290.09,2363.83,1.575300546,5.4,1461.1,15.0,November,Koshi
2020,Chitwan,28457.0,3984.0,Rice,23.41357923,28.63603825,19.13579235,66.81803279,1925.75,5979.33,2804.39,1.330027322,6.1,12742.6,113372.688,July,Bagmati
2020,Chitwan,26019.0,3791.0,Maize,23.41357923,28.63603825,19.13579235,66.81803279,1925.75,5979.33,2804.39,1.330027322,6.1,12742.6,98638.029,April,Bagmati
2020,Chitwan,1489.0,1124.0,Millet,23.41357923,28.63603825,19.13579235,66.81803279,1925.75,5979.33,2804.39,1.330027322,6.1,12742.6,1673.636,August,Bagmati
2020,Chitwan,1150.0,800.0,Buckwheat,23.41357923,28.63603825,19.13579235,66.81803279,1925.75,5979.33,2804.39,1.330027322,6.1,12742.6,920.0,September,Bagmati
2020,Chitwan,5151.0,4513.0,Wheat,23.41357923,28.63603825,19.13579235,66.81803279,1925.75,5979.33,2804.39,1.330027322,6.1,12742.6,23246.463,November,Bagmati
2020,Chitwan,15.0,2200.0,Barley,23.41357923,28.63603825,19.13579235,66.81803279,1925.75,5979.33,2804.39,1.330027322,6.1,12742.6,33.0,November,Bagmati
2020,Dadeldhura,5961.0,3458.0,Rice,14.82715847,20.16071038,10.36838798,66.06054645,2375.96,6534.78,2888.66,1.342322404,5.9,68.6,20613.138,July,Sudurpashchim
2020,Dadeldhura,3819.0,3231.0,Maize,14.82715847,20.16071038,10.36838798,66.06054645,2375.96,6534.78,2888.66,1.342322404,5.9,68.6,12339.189,April,Sudurpashchim
2020,Dadeldhura,272.0,1261.0,Millet,14.82715847,20.16071038,10.36838798,66.06054645,2375.96,6534.78,2888.66,1.342322404,5.9,68.6,342.992,August,Sudurpashchim
2020,Dadeldhura,35.0,1371.0,Buckwheat,14.82715847,20.16071038,10.36838798,66.06054645,2375.96,6534.78,2888.66,1.342322404,5.9,68.6,47.985,September,Sudurpashchim
2020,Dadeldhura,9013.0,2447.0,Wheat,14.82715847,20.16071038,10.36838798,66.06054645,2375.96,6534.78,2888.66,1.342322404,5.9,68.6,22054.811,November,Sudurpashchim
2020,Dadeldhura,174.0,1379.0,Barley,14.82715847,20.16071038,10.36838798,66.06054645,2375.96,6534.78,2888.66,1.342322404,5.9,68.6,239.946,November,Sudurpashchim
2020,Dailekh,7907.0,3295.0,Rice,11.79530055,16.8960929,7.581775956,73.78494536,1358.08,5925.95,2632.8,1.459071038,5.9,569.8,26053.565,July,Karnali
2020,Dailekh,21057.0,2435.0,Maize,11.79530055,16.8960929,7.581775956,73.78494536,1358.08,5925.95,2632.8,1.459071038,5.9,569.8,51273.795,April,Karnali
2020,Dailekh,2566.0,1069.0,Millet,11.79530055,16.8960929,7.581775956,73.78494536,1358.08,5925.95,2632.8,1.459071038,5.9,569.8,2743.054,August,Karnali
2020,Dailekh,28.0,929.0,Buckwheat,11.79530055,16.8960929,7.581775956,73.78494536,1358.08,5925.95,2632.8,1.459071038,5.9,569.8,26.012,September,Karnali
2020,Dailekh,13710.0,2335.0,Wheat,11.79530055,16.8960929,7.581775956,73.78494536,1358.08,5925.95,2632.8,1.459071038,5.9,569.8,32012.85,November,Karnali
2020,Dailekh,181.0,1249.0,Barley,11.79530055,16.8960929,7.581775956,73.78494536,1358.08,5925.95,2632.8,1.459071038,5.9,569.8,226.069,November,Karnali
2020,Dang,37986.0,4051.0,Rice,21.26221311,26.58491803,17.09363388,63.02505464,1346.76,5977.51,2601.67,1.759125683,5.8,17001.7,153881.286,July,Lumbini
2020,Dang,24305.0,3209.0,Maize,21.26221311,26.58491803,17.09363388,63.02505464,1346.76,5977.51,2601.67,1.759125683,5.8,17001.7,77994.745,April,Lumbini
2020,Dang,14.0,1071.0,Millet,21.26221311,26.58491803,17.09363388,63.02505464,1346.76,5977.51,2601.67,1.759125683,5.8,17001.7,14.994,August,Lumbini
2020,Dang,50.0,1040.0,Buckwheat,21.26221311,26.58491803,17.09363388,63.02505464,1346.76,5977.51,2601.67,1.759125683,5.8,17001.7,52.0,September,Lumbini
2020,Dang,11876.0,3197.0,Wheat,21.26221311,26.58491803,17.09363388,63.02505464,1346.76,5977.51,2601.67,1.759125683,5.8,17001.7,37967.572,November,Lumbini
2020,Dang,23.0,1217.0,Barley,21.26221311,26.58491803,17.09363388,63.02505464,1346.76,5977.51,2601.67,1.759125683,5.8,17001.7,27.991,November,Lumbini
2020,Darchula,3494.0,2650.0,Rice,5.047513661,10.53043716,0.026256831,70.74456284,1875.7,6534.78,2888.66,1.586721311,6.0,72.55,9259.1,July,Sudurpashchim
2020,Darchula,5311.0,3174.0,Maize,5.047513661,10.53043716,0.026256831,70.74456284,1875.7,6534.78,2888.66,1.586721311,6.0,72.55,16857.114,April,Sudurpashchim
2020,Darchula,1263.0,941.0,Millet,5.047513661,10.53043716,0.026256831,70.74456284,1875.7,6534.78,2888.66,1.586721311,6.0,72.55,1188.483,August,Sudurpashchim
2020,Darchula,96.0,969.0,Buckwheat,5.047513661,10.53043716,0.026256831,70.74456284,1875.7,6534.78,2888.66,1.586721311,6.0,72.55,93.024,September,Sudurpashchim
2020,Darchula,5882.0,1564.0,Wheat,5.047513661,10.53043716,0.026256831,70.74456284,1875.7,6534.78,2888.66,1.586721311,6.0,72.55,9199.448,November,Sudurpashchim
2020,Darchula,1045.0,840.0,Barley,5.047513661,10.53043716,0.026256831,70.74456284,1875.7,6534.78,2888.66,1.586721311,6.0,72.55,877.8,November,Sudurpashchim
2020,Dhading,13664.0,4199.0,Rice,14.30885246,18.94396175,10.70071038,72.74204918,1386.81,5979.33,2804.39,1.477213115,5.5,10230.5,57375.136,July,Bagmati
2020,Dhading,19904.0,3113.0,Maize,14.30885246,18.94396175,10.70071038,72.74204918,1386.81,5979.33,2804.39,1.477213115,5.5,10230.5,61961.152,April,Bagmati
2020,Dhading,7017.0,1040.0,Millet,14.30885246,18.94396175,10.70071038,72.74204918,1386.81,5979.33,2804.39,1.477213115,5.5,10230.5,7297.68,August,Bagmati
2020,Dhading,12.0,1000.0,Buckwheat,14.30885246,18.94396175,10.70071038,72.74204918,1386.81,5979.33,2804.39,1.477213115,5.5,10230.5,12.0,September,Bagmati
2020,Dhading,4748.0,2960.0,Wheat,14.30885246,18.94396175,10.70071038,72.74204918,1386.81,5979.33,2804.39,1.477213115,5.5,10230.5,14054.08,November,Bagmati
2020,Dhading,252.0,1389.0,Barley,14.30885246,18.94396175,10.70071038,72.74204918,1386.81,5979.33,2804.39,1.477213115,5.5,10230.5,350.028,November,Bagmati
2020,Dhankuta,6196.0,3577.0,Rice,19.40120789,23.87857923,15.99510929,73.56393443,2027.87,5421.28,2450.87,1.422349727,5.8,1910.35,22163.092,July,Koshi
2020,Dhankuta,14033.0,3358.0,Maize,19.40120789,23.87857923,15.99510929,73.56393443,2027.87,5421.28,2450.87,1.422349727,5.8,1910.35,47122.814,April,Koshi
2020,Dhankuta,7613.0,1259.0,Millet,19.40120789,23.87857923,15.99510929,73.56393443,2027.87,5421.28,2450.87,1.422349727,5.8,1910.35,9584.767,August,Koshi
2020,Dhankuta,8.0,875.0,Buckwheat,19.40120789,23.87857923,15.99510929,73.56393443,2027.87,5421.28,2450.87,1.422349727,5.8,1910.35,7.0,September,Koshi
2020,Dhankuta,1302.0,2100.0,Wheat,19.40120789,23.87857923,15.99510929,73.56393443,2027.87,5421.28,2450.87,1.422349727,5.8,1910.35,2734.2,November,Koshi
2020,Dhankuta,39.0,821.0,Barley,19.40120789,23.87857923,15.99510929,73.56393443,2027.87,5421.28,2450.87,1.422349727,5.8,1910.35,32.019,November,Koshi
2020,Dhanusha,58353.0,4002.0,Rice,21.85699454,26.70032787,18.1445082,67.3060929,1646.96,5732.43,2589.53,1.554644809,6.6,7111.45,233528.706,July,Madhesh
2020,Dhanusha,3476.0,3263.0,Maize,21.85699454,26.70032787,18.1445082,67.3060929,1646.96,5732.43,2589.53,1.554644809,6.6,7111.45,11342.188,April,Madhesh
2020,Dhanusha,176.0,1023.0,Millet,21.85699454,26.70032787,18.1445082,67.3060929,1646.96,5732.43,2589.53,1.554644809,6.6,7111.45,180.048,August,Madhesh
2020,Dhanusha,0.0,0.0,Buckwheat,21.85699454,26.70032787,18.1445082,67.3060929,1646.96,5732.43,2589.53,1.554644809,6.6,7111.45,0.0,September,Madhesh
2020,Dhanusha,36383.0,3261.0,Wheat,21.85699454,26.70032787,18.1445082,67.3060929,1646.96,5732.43,2589.53,1.554644809,6.6,7111.45,118644.963,November,Madhesh
2020,Dhanusha,7.0,1286.0,Barley,21.85699454,26.70032787,18.1445082,67.3060929,1646.96,5732.43,2589.53,1.554644809,6.6,7111.45,9.002,November,Madhesh
2020,Dolakha,2814.0,2650.0,Rice,1.590655738,6.96442623,-2.598060109,74.87142077,705.15,5564.45,2533.38,2.112240437,6.5,1938.75,7457.1,July,Bagmati
2020,Dolakha,5730.0,3005.0,Maize,1.590655738,6.96442623,-2.598060109,74.87142077,705.15,5564.45,2533.38,2.112240437,6.5,1938.75,17218.65,April,Bagmati
2020,Dolakha,3675.0,1421.0,Millet,1.590655738,6.96442623,-2.598060109,74.87142077,705.15,5564.45,2533.38,2.112240437,6.5,1938.75,5222.175,August,Bagmati
2020,Dolakha,935.0,937.0,Buckwheat,1.590655738,6.96442623,-2.598060109,74.87142077,705.15,5564.45,2533.38,2.112240437,6.5,1938.75,876.095,September,Bagmati
2020,Dolakha,4246.0,1770.0,Wheat,1.590655738,6.96442623,-2.598060109,74.87142077,705.15,5564.45,2533.38,2.112240437,6.5,1938.75,7515.42,November,Bagmati
2020,Dolakha,136.0,1213.0,Barley,1.590655738,6.96442623,-2.598060109,74.87142077,705.15,5564.45,2533.38,2.112240437,6.5,1938.75,164.968,November,Bagmati
2020,Dolpa,198.0,1995.0,Rice,-1.650874317,4.187978142,-6.576147541,71.62193989,1337.83,5977.51,2601.67,1.828961749,6.6,0.0,395.01,July,Karnali
2020,Dolpa,2359.0,1589.0,Maize,-1.650874317,4.187978142,-6.576147541,71.62193989,1337.83,5977.51,2601.67,1.828961749,6.6,0.0,3748.451,April,Karnali
2020,Dolpa,280.0,1107.0,Millet,-1.650874317,4.187978142,-6.576147541,71.62193989,1337.83,5977.51,2601.67,1.828961749,6.6,0.0,309.96,August,Karnali
2020,Dolpa,807.0,1235.0,Buckwheat,-1.650874317,4.187978142,-6.576147541,71.62193989,1337.83,5977.51,2601.67,1.828961749,6.6,0.0,996.645,September,Karnali
2020,Dolpa,3000.0,1337.0,Wheat,-1.650874317,4.187978142,-6.576147541,71.62193989,1337.83,5977.51,2601.67,1.828961749,6.6,0.0,4011.0,November,Karnali
2020,Dolpa,334.0,1033.0,Barley,-1.650874317,4.187978142,-6.576147541,71.62193989,1337.83,5977.51,2601.67,1.828961749,6.6,0.0,345.022,November,Karnali
2020,Doti,10715.0,2560.0,Rice,14.82715847,20.16071038,10.36838798,66.06054645,2375.96,6534.78,2888.66,1.342322404,5.9,255.1,27430.4,July,Sudurpashchim
2020,Doti,3481.0,2583.0,Maize,14.82715847,20.16071038,10.36838798,66.06054645,2375.96,6534.78,2888.66,1.342322404,5.9,255.1,8991.423,April,Sudurpashchim
2020,Doti,4625.0,1196.0,Millet,14.82715847,20.16071038,10.36838798,66.06054645,2375.96,6534.78,2888.66,1.342322404,5.9,255.1,5531.5,August,Sudurpashchim
2020,Doti,13.0,769.0,Buckwheat,14.82715847,20.16071038,10.36838798,66.06054645,2375.96,6534.78,2888.66,1.342322404,5.9,255.1,9.997,September,Sudurpashchim
2020,Doti,12631.0,2016.0,Wheat,14.82715847,20.16071038,10.36838798,66.06054645,2375.96,6534.78,2888.66,1.342322404,5.9,255.1,25464.096,November,Sudurpashchim
2020,Doti,191.0,1513.0,Barley,14.82715847,20.16071038,10.36838798,66.06054645,2375.96,6534.78,2888.66,1.342322404,5.9,255.1,288.983,November,Sudurpashchim
2020,Gorkha,11287.0,3461.0,Rice,14.30885246,18.94396175,10.70071038,72.74204918,1386.81,5979.33,2804.39,1.477213115,5.5,2941.15,39064.307,July,Gandaki
2020,Gorkha,17740.0,2773.0,Maize,14.30885246,18.94396175,10.70071038,72.74204918,1386.81,5979.33,2804.39,1.477213115,5.5,2941.15,49193.02,April,Gandaki
2020,Gorkha,11946.0,1333.0,Millet,14.30885246,18.94396175,10.70071038,72.74204918,1386.81,5979.33,2804.39,1.477213115,5.5,2941.15,15924.018,August,Gandaki
2020,Gorkha,293.0,1331.0,Buckwheat,14.30885246,18.94396175,10.70071038,72.74204918,1386.81,5979.33,2804.39,1.477213115,5.5,2941.15,389.983,September,Gandaki
2020,Gorkha,3562.0,2328.0,Wheat,14.30885246,18.94396175,10.70071038,72.74204918,1386.81,5979.33,2804.39,1.477213115,5.5,2941.15,8292.336,November,Gandaki
2020,Gorkha,100.0,1410.0,Barley,14.30885246,18.94396175,10.70071038,72.74204918,1386.81,5979.33,2804.39,1.477213115,5.5,2941.15,141.0,November,Gandaki
2020,Gulmi,8411.0,3097.0,Rice,19.17087432,24.02784153,15.48445355,65.44849727,1624.18,6056.11,2843.2,1.639153005,6.1,927.05,26048.867,July,Lumbini
2020,Gulmi,24502.0,2747.0,Maize,19.17087432,24.02784153,15.48445355,65.44849727,1624.18,6056.11,2843.2,1.639153005,6.1,927.05,67306.994,April,Lumbini
2020,Gulmi,2927.0,1133.0,Millet,19.17087432,24.02784153,15.48445355,65.44849727,1624.18,6056.11,2843.2,1.639153005,6.1,927.05,3316.291,August,Lumbini
2020,Gulmi,243.0,1745.0,Buckwheat,19.17087432,24.02784153,15.48445355,65.44849727,1624.18,6056.11,2843.2,1.639153005,6.1,927.05,424.035,September,Lumbini
2020,Gulmi,6699.0,2921.0,Wheat,19.17087432,24.02784153,15.48445355,65.44849727,1624.18,6056.11,2843.2,1.639153005,6.1,927.05,19567.779,November,Lumbini
2020,Gulmi,243.0,1745.0,Barley,19.17087432,24.02784153,15.48445355,65.44849727,1624.18,6056.11,2843.2,1.639153005,6.1,927.05,424.035,November,Lumbini
2020,Humla,567.0,1667.0,Rice,-1.611830601,4.292786885,-7.184180328,77.20038251,1384.04,7168.74,2993.39,1.792923497,6.5,0.0,945.189,July,Karnali
2020,Humla,149.0,1839.0,Maize,-1.611830601,4.292786885,-7.184180328,77.20038251,1384.04,7168.74,2993.39,1.792923497,6.5,0.0,274.011,April,Karnali
2020,Humla,1308.0,1076.0,Millet,-1.611830601,4.292786885,-7.184180328,77.20038251,1384.04,7168.74,2993.39,1.792923497,6.5,0.0,1407.408,August,Karnali
2020,Humla,806.0,1108.0,Buckwheat,-1.611830601,4.292786885,-7.184180328,77.20038251,1384.04,7168.74,2993.39,1.792923497,6.5,0.0,893.048,September,Karnali
2020,Humla,1072.0,1424.0,Wheat,-1.611830601,4.292786885,-7.184180328,77.20038251,1384.04,7168.74,2993.39,1.792923497,6.5,0.0,1526.528,November,Karnali
2020,Humla,642.0,1263.0,Barley,-1.611830601,4.292786885,-7.184180328,77.20038251,1384.04,7168.74,2993.39,1.792923497,6.5,0.0,810.846,November,Karnali
2020,Illam,11279.0,3268.0,Rice,17.89010929,22.31983607,14.61418033,75.37530055,2996.89,5290.09,2363.83,1.198060109,5.5,1155.35,36859.772,July,Unknown
2020,Illam,33886.0,3852.0,Maize,17.89010929,22.31983607,14.61418033,75.37530055,2996.89,5290.09,2363.83,1.198060109,5.5,1155.35,130528.872,April,Unknown
2020,Illam,1801.0,1359.0,Millet,17.89010929,22.31983607,14.61418033,75.37530055,2996.89,5290.09,2363.83,1.198060109,5.5,1155.35,2447.559,August,Unknown
2020,Illam,30.0,1133.0,Buckwheat,17.89010929,22.31983607,14.61418033,75.37530055,2996.89,5290.09,2363.83,1.198060109,5.5,1155.35,33.99,September,Unknown
2020,Illam,4585.0,3154.0,Wheat,17.89010929,22.31983607,14.61418033,75.37530055,2996.89,5290.09,2363.83,1.198060109,5.5,1155.35,14461.09,November,Unknown
2020,Illam,49.0,1204.0,Barley,17.89010929,22.31983607,14.61418033,75.37530055,2996.89,5290.09,2363.83,1.198060109,5.5,1155.35,58.996,November,Unknown
2020,Jajarkot,2965.0,3524.0,Rice,21.26221311,26.58491803,17.09363388,63.02505464,1346.76,5977.51,2601.67,1.759125683,6.2,220.9,10448.66,July,Karnali
2020,Jajarkot,10206.0,3181.0,Maize,21.26221311,26.58491803,17.09363388,63.02505464,1346.76,5977.51,2601.67,1.759125683,6.2,220.9,32465.286,April,Karnali
2020,Jajarkot,1833.0,1029.0,Millet,21.26221311,26.58491803,17.09363388,63.02505464,1346.76,5977.51,2601.67,1.759125683,6.2,220.9,1886.157,August,Karnali
2020,Jajarkot,31.0,1516.0,Buckwheat,21.26221311,26.58491803,17.09363388,63.02505464,1346.76,5977.51,2601.67,1.759125683,6.2,220.9,46.996,September,Karnali
2020,Jajarkot,10432.0,2500.0,Wheat,21.26221311,26.58491803,17.09363388,63.02505464,1346.76,5977.51,2601.67,1.759125683,6.2,220.9,26080.0,November,Karnali
2020,Jajarkot,615.0,1135.0,Barley,21.26221311,26.58491803,17.09363388,63.02505464,1346.76,5977.51,2601.67,1.759125683,6.2,220.9,698.025,November,Karnali
2020,Jhapa,93364.0,4329.0,Rice,23.5492623,28.1297541,19.90674863,73.04964481,3252.97,5421.28,2450.87,1.48636612,5.7,17230.65,404172.756,July,Koshi
2020,Jhapa,39385.0,4040.0,Maize,23.5492623,28.1297541,19.90674863,73.04964481,3252.97,5421.28,2450.87,1.48636612,5.7,17230.65,159115.4,April,Koshi
2020,Jhapa,1166.0,1304.0,Millet,23.5492623,28.1297541,19.90674863,73.04964481,3252.97,5421.28,2450.87,1.48636612,5.7,17230.65,1520.464,August,Koshi
2020,Jhapa,1016.0,1367.0,Buckwheat,23.5492623,28.1297541,19.90674863,73.04964481,3252.97,5421.28,2450.87,1.48636612,5.7,17230.65,1388.872,September,Koshi
2020,Jhapa,7000.0,3371.0,Wheat,23.5492623,28.1297541,19.90674863,73.04964481,3252.97,5421.28,2450.87,1.48636612,5.7,17230.65,23597.0,November,Koshi
2020,Jhapa,4.0,2000.0,Barley,23.5492623,28.1297541,19.90674863,73.04964481,3252.97,5421.28,2450.87,1.48636612,5.7,17230.65,8.0,November,Koshi
2020,Jumla,2821.0,2145.0,Rice,8.348060109,14.31822404,3.322513661,71.42636612,1042.27,6569.4,2770.18,1.516092896,6.5,0.0,6051.045,July,Karnali
2020,Jumla,4413.0,1604.0,Maize,8.348060109,14.31822404,3.322513661,71.42636612,1042.27,6569.4,2770.18,1.516092896,6.5,0.0,7078.452,April,Karnali
2020,Jumla,3737.0,1068.0,Millet,8.348060109,14.31822404,3.322513661,71.42636612,1042.27,6569.4,2770.18,1.516092896,6.5,0.0,3991.116,August,Karnali
2020,Jumla,87.0,1092.0,Buckwheat,8.348060109,14.31822404,3.322513661,71.42636612,1042.27,6569.4,2770.18,1.516092896,6.5,0.0,95.004,September,Karnali
2020,Jumla,2300.0,2300.0,Wheat,8.348060109,14.31822404,3.322513661,71.42636612,1042.27,6569.4,2770.18,1.516092896,6.5,0.0,5290.0,November,Karnali
2020,Jumla,3003.0,1537.0,Barley,8.348060109,14.31822404,3.322513661,71.42636612,1042.27,6569.4,2770.18,1.516092896,6.5,0.0,4615.611,November,Karnali
2020,Kailali,70520.0,4352.0,Rice,24.15508197,30.13751366,19.20513661,60.8945082,1701.39,6010.08,2693.56,1.41852459,6.6,26379.6,306903.04,July,Sudurpashchim
2020,Kailali,6519.0,3266.0,Maize,24.15508197,30.13751366,19.20513661,60.8945082,1701.39,6010.08,2693.56,1.41852459,6.6,26379.6,21291.054,April,Sudurpashchim
2020,Kailali,356.0,1135.0,Millet,24.15508197,30.13751366,19.20513661,60.8945082,1701.39,6010.08,2693.56,1.41852459,6.6,26379.6,404.06,August,Sudurpashchim
2020,Kailali,24.0,1167.0,Buckwheat,24.15508197,30.13751366,19.20513661,60.8945082,1701.39,6010.08,2693.56,1.41852459,6.6,26379.6,28.008,September,Sudurpashchim
2020,Kailali,34565.0,3571.0,Wheat,24.15508197,30.13751366,19.20513661,60.8945082,1701.39,6010.08,2693.56,1.41852459,6.6,26379.6,123431.615,November,Sudurpashchim
2020,Kailali,176.0,1563.0,Barley,24.15508197,30.13751366,19.20513661,60.8945082,1701.39,6010.08,2693.56,1.41852459,6.6,26379.6,275.088,November,Sudurpashchim
2020,Kalikot,2429.0,2510.0,Rice,11.79530055,16.8960929,7.581775956,73.78494536,1358.08,6215.45,2700.79,1.459071038,6.2,8.3,6096.79,July,Karnali
2020,Kalikot,3036.0,2371.0,Maize,11.79530055,16.8960929,7.581775956,73.78494536,1358.08,6215.45,2700.79,1.459071038,6.2,8.3,7198.356,April,Karnali
2020,Kalikot,1241.0,1098.0,Millet,11.79530055,16.8960929,7.581775956,73.78494536,1358.08,6215.45,2700.79,1.459071038,6.2,8.3,1362.618,August,Karnali
2020,Kalikot,123.0,1154.0,Buckwheat,11.79530055,16.8960929,7.581775956,73.78494536,1358.08,6215.45,2700.79,1.459071038,6.2,8.3,141.942,September,Karnali
2020,Kalikot,5606.0,1522.0,Wheat,11.79530055,16.8960929,7.581775956,73.78494536,1358.08,6215.45,2700.79,1.459071038,6.2,8.3,8532.332,November,Karnali
2020,Kalikot,821.0,1580.0,Barley,11.79530055,16.8960929,7.581775956,73.78494536,1358.08,6215.45,2700.79,1.459071038,6.2,8.3,1297.18,November,Karnali
2020,Kanchanpur,48749.0,3842.0,Rice,20.65013661,26.54155738,15.93420765,63.36076503,2293.31,6015.45,2695.52,0.931010929,6.2,7501.2,187293.658,July,Sudurpashchim
2020,Kanchanpur,3378.0,2738.0,Maize,20.65013661,26.54155738,15.93420765,63.36076503,2293.31,6015.45,2695.52,0.931010929,6.2,7501.2,9248.964,April,Sudurpashchim
2020,Kanchanpur,0.0,0.0,Millet,20.65013661,26.54155738,15.93420765,63.36076503,2293.31,6015.45,2695.52,0.931010929,6.2,7501.2,0.0,August,Sudurpashchim
2020,Kanchanpur,12.0,1250.0,Buckwheat,20.65013661,26.54155738,15.93420765,63.36076503,2293.31,6015.45,2695.52,0.931010929,6.2,7501.2,15.0,September,Sudurpashchim
2020,Kanchanpur,31210.0,3204.0,Wheat,20.65013661,26.54155738,15.93420765,63.36076503,2293.31,6015.45,2695.52,0.931010929,6.2,7501.2,99996.84,November,Sudurpashchim
2020,Kanchanpur,8.0,1500.0,Barley,20.65013661,26.54155738,15.93420765,63.36076503,2293.31,6015.45,2695.52,0.931010929,6.2,7501.2,12.0,November,Sudurpashchim
2020,Kapilbastu,64362.0,3649.0,Rice,24.38959016,30.25800546,19.67754098,62.0245082,1563.33,6056.11,2843.2,1.739453552,6.9,9855.65,234856.938,July,Lumbini
2020,Kapilbastu,2657.0,3861.0,Maize,24.38959016,30.25800546,19.67754098,62.0245082,1563.33,6056.11,2843.2,1.739453552,6.9,9855.65,10258.677,April,Lumbini
2020,Kapilbastu,0.0,0.0,Millet,24.38959016,30.25800546,19.67754098,62.0245082,1563.33,6056.11,2843.2,1.739453552,6.9,9855.65,0.0,August,Lumbini
2020,Kapilbastu,75.0,1040.0,Buckwheat,24.38959016,30.25800546,19.67754098,62.0245082,1563.33,6056.11,2843.2,1.739453552,6.9,9855.65,78.0,September,Lumbini
2020,Kapilbastu,26725.0,3708.0,Wheat,24.38959016,30.25800546,19.67754098,62.0245082,1563.33,6056.11,2843.2,1.739453552,6.9,9855.65,99096.3,November,Lumbini
2020,Kapilbastu,177.0,1864.0,Barley,24.38959016,30.25800546,19.67754098,62.0245082,1563.33,6056.11,2843.2,1.739453552,6.9,9855.65,329.928,November,Lumbini
2020,Kaski,18577.0,3825.0,Rice,4.49852459,9.332377049,0.506693989,79.5836612,1517.44,5796.85,2590.69,1.586530055,6.7,2180.45,71057.025,July,Gandaki
2020,Kaski,14140.0,2712.0,Maize,4.49852459,9.332377049,0.506693989,79.5836612,1517.44,5796.85,2590.69,1.586530055,6.7,2180.45,38347.68,April,Gandaki
2020,Kaski,15604.0,1350.0,Millet,4.49852459,9.332377049,0.506693989,79.5836612,1517.44,5796.85,2590.69,1.586530055,6.7,2180.45,21065.4,August,Gandaki
2020,Kaski,13.0,1077.0,Buckwheat,4.49852459,9.332377049,0.506693989,79.5836612,1517.44,5796.85,2590.69,1.586530055,6.7,2180.45,14.001,September,Gandaki
2020,Kaski,6820.0,2522.0,Wheat,4.49852459,9.332377049,0.506693989,79.5836612,1517.44,5796.85,2590.69,1.586530055,6.7,2180.45,17200.04,November,Gandaki
2020,Kaski,109.0,1606.0,Barley,4.49852459,9.332377049,0.506693989,79.5836612,1517.44,5796.85,2590.69,1.586530055,6.7,2180.45,175.054,November,Gandaki
2020,Kathmandu,6015.0,4470.0,Rice,18.37199454,22.86101093,14.96669399,69.78677596,1400.22,5900.58,2668.03,1.402868852,6.5,4105.35,26887.05,July,Bagmati
2020,Kathmandu,5544.0,4138.0,Maize,18.37199454,22.86101093,14.96669399,69.78677596,1400.22,5900.58,2668.03,1.402868852,6.5,4105.35,22941.072,April,Bagmati
2020,Kathmandu,620.0,1216.0,Millet,18.37199454,22.86101093,14.96669399,69.78677596,1400.22,5900.58,2668.03,1.402868852,6.5,4105.35,753.92,August,Bagmati
2020,Kathmandu,6.0,1000.0,Buckwheat,18.37199454,22.86101093,14.96669399,69.78677596,1400.22,5900.58,2668.03,1.402868852,6.5,4105.35,6.0,September,Bagmati
2020,Kathmandu,2565.0,3566.0,Wheat,18.37199454,22.86101093,14.96669399,69.78677596,1400.22,5900.58,2668.03,1.402868852,6.5,4105.35,9146.79,November,Bagmati
2020,Kathmandu,2.0,2000.0,Barley,18.37199454,22.86101093,14.96669399,69.78677596,1400.22,5900.58,2668.03,1.402868852,6.5,4105.35,4.0,November,Bagmati
2020,Kavre,11058.0,3922.0,Rice,18.37199454,22.86101093,14.96669399,69.78677596,1400.22,5900.58,2668.03,1.402868852,5.7,13383.805,43369.476,July,Unknown
2020,Kavre,24875.0,3325.0,Maize,18.37199454,22.86101093,14.96669399,69.78677596,1400.22,5900.58,2668.03,1.402868852,5.7,13383.805,82709.375,April,Unknown
2020,Kavre,3482.0,1020.0,Millet,18.37199454,22.86101093,14.96669399,69.78677596,1400.22,5900.58,2668.03,1.402868852,5.7,13383.805,3551.64,August,Unknown
2020,Kavre,750.0,933.0,Buckwheat,18.37199454,22.86101093,14.96669399,69.78677596,1400.22,5900.58,2668.03,1.402868852,5.7,13383.805,699.75,September,Unknown
2020,Kavre,8860.0,2989.0,Wheat,18.37199454,22.86101093,14.96669399,69.78677596,1400.22,5900.58,2668.03,1.402868852,5.7,13383.805,26482.54,November,Unknown
2020,Kavre,360.0,1633.0,Barley,18.37199454,22.86101093,14.96669399,69.78677596,1400.22,5900.58,2668.03,1.402868852,5.7,13383.805,587.88,November,Unknown
2020,Khotang,11749.0,2636.0,Rice,13.19161202,17.86653005,9.661721311,72.1797541,1221.08,5564.45,2533.38,1.50557377,5.5,127.7,30970.364,July,Koshi
2020,Khotang,43035.0,2304.0,Maize,13.19161202,17.86653005,9.661721311,72.1797541,1221.08,5564.45,2533.38,1.50557377,5.5,127.7,99152.64,April,Koshi
2020,Khotang,23794.0,1133.0,Millet,13.19161202,17.86653005,9.661721311,72.1797541,1221.08,5564.45,2533.38,1.50557377,5.5,127.7,26958.602,August,Koshi
2020,Khotang,435.0,1267.0,Buckwheat,13.19161202,17.86653005,9.661721311,72.1797541,1221.08,5564.45,2533.38,1.50557377,5.5,127.7,551.145,September,Koshi
2020,Khotang,5030.0,2191.0,Wheat,13.19161202,17.86653005,9.661721311,72.1797541,1221.08,5564.45,2533.38,1.50557377,5.5,127.7,11020.73,November,Koshi
2020,Khotang,341.0,1531.0,Barley,13.19161202,17.86653005,9.661721311,72.1797541,1221.08,5564.45,2533.38,1.50557377,5.5,127.7,522.071,November,Koshi
2020,Lalitpur,4211.0,4300.0,Rice,18.37199454,22.86101093,14.96669399,69.78677596,1400.22,5900.58,2668.03,1.402868852,6.9,1935.3,18107.3,July,Bagmati
2020,Lalitpur,8223.0,4107.0,Maize,18.37199454,22.86101093,14.96669399,69.78677596,1400.22,5900.58,2668.03,1.402868852,6.9,1935.3,33771.861,April,Bagmati
2020,Lalitpur,578.0,1137.0,Millet,18.37199454,22.86101093,14.96669399,69.78677596,1400.22,5900.58,2668.03,1.402868852,6.9,1935.3,657.186,August,Bagmati
2020,Lalitpur,50.0,960.0,Buckwheat,18.37199454,22.86101093,14.96669399,69.78677596,1400.22,5900.58,2668.03,1.402868852,6.9,1935.3,48.0,September,Bagmati
2020,Lalitpur,3485.0,3403.0,Wheat,18.37199454,22.86101093,14.96669399,69.78677596,1400.22,5900.58,2668.03,1.402868852,6.9,1935.3,11859.455,November,Bagmati
2020,Lalitpur,38.0,1447.0,Barley,18.37199454,22.86101093,14.96669399,69.78677596,1400.22,5900.58,2668.03,1.402868852,6.9,1935.3,54.986,November,Bagmati
2020,Lamjung,14332.0,3367.0,Rice,4.49852459,9.332377049,0.506693989,79.5836612,1517.44,5796.85,2590.69,1.586530055,5.4,1121.9,48255.844,July,Gandaki
2020,Lamjung,20119.0,2100.0,Maize,4.49852459,9.332377049,0.506693989,79.5836612,1517.44,5796.85,2590.69,1.586530055,5.4,1121.9,42249.9,April,Gandaki
2020,Lamjung,7793.0,1087.0,Millet,4.49852459,9.332377049,0.506693989,79.5836612,1517.44,5796.85,2590.69,1.586530055,5.4,1121.9,8470.991,August,Gandaki
2020,Lamjung,17.0,882.0,Buckwheat,4.49852459,9.332377049,0.506693989,79.5836612,1517.44,5796.85,2590.69,1.586530055,5.4,1121.9,14.994,September,Gandaki
2020,Lamjung,1596.0,2448.0,Wheat,4.49852459,9.332377049,0.506693989,79.5836612,1517.44,5796.85,2590.69,1.586530055,5.4,1121.9,3907.008,November,Gandaki
2020,Lamjung,39.0,1462.0,Barley,4.49852459,9.332377049,0.506693989,79.5836612,1517.44,5796.85,2590.69,1.586530055,5.4,1121.9,57.018,November,Gandaki
2020,Mahottari,39436.0,3815.0,Rice,24.72153005,30.40704918,19.91489071,67.69959016,1758.28,5732.43,2589.53,1.815846995,6.8,10531.64,150448.34,July,Madhesh
2020,Mahottari,9754.0,3053.0,Maize,24.72153005,30.40704918,19.91489071,67.69959016,1758.28,5732.43,2589.53,1.815846995,6.8,10531.64,29778.962,April,Madhesh
2020,Mahottari,0.0,0.0,Millet,24.72153005,30.40704918,19.91489071,67.69959016,1758.28,5732.43,2589.53,1.815846995,6.8,10531.64,0.0,August,Madhesh
2020,Mahottari,0.0,0.0,Buckwheat,24.72153005,30.40704918,19.91489071,67.69959016,1758.28,5732.43,2589.53,1.815846995,6.8,10531.64,0.0,September,Madhesh
2020,Mahottari,28379.0,3263.0,Wheat,24.72153005,30.40704918,19.91489071,67.69959016,1758.28,5732.43,2589.53,1.815846995,6.8,10531.64,92600.677,November,Madhesh
2020,Mahottari,8.0,1125.0,Barley,24.72153005,30.40704918,19.91489071,67.69959016,1758.28,5732.43,2589.53,1.815846995,6.8,10531.64,9.0,November,Madhesh
2020,Makwanpur,11470.0,3698.0,Rice,21.18797814,25.91478142,17.53071038,68.01680328,1715.71,5979.33,2804.39,1.372896175,5.9,6401.75,42416.06,July,Bagmati
2020,Makwanpur,24224.0,3234.0,Maize,21.18797814,25.91478142,17.53071038,68.01680328,1715.71,5979.33,2804.39,1.372896175,5.9,6401.75,78340.416,April,Bagmati
2020,Makwanpur,2803.0,1200.0,Millet,21.18797814,25.91478142,17.53071038,68.01680328,1715.71,5979.33,2804.39,1.372896175,5.9,6401.75,3363.6,August,Bagmati
2020,Makwanpur,172.0,1093.0,Buckwheat,21.18797814,25.91478142,17.53071038,68.01680328,1715.71,5979.33,2804.39,1.372896175,5.9,6401.75,187.996,September,Bagmati
2020,Makwanpur,4128.0,3300.0,Wheat,21.18797814,25.91478142,17.53071038,68.01680328,1715.71,5979.33,2804.39,1.372896175,5.9,6401.75,13622.4,November,Bagmati
2020,Makwanpur,245.0,1404.0,Barley,21.18797814,25.91478142,17.53071038,68.01680328,1715.71,5979.33,2804.39,1.372896175,5.9,6401.75,343.98,November,Bagmati
2020,Manang,0.0,0.0,Rice,4.49852459,9.332377049,0.506693989,79.5836612,1517.44,5796.85,2590.69,1.586530055,6.3,11.75,0.0,July,Gandaki
2020,Manang,70.0,1643.0,Maize,4.49852459,9.332377049,0.506693989,79.5836612,1517.44,5796.85,2590.69,1.586530055,6.3,11.75,115.01,April,Gandaki
2020,Manang,0.0,0.0,Millet,4.49852459,9.332377049,0.506693989,79.5836612,1517.44,5796.85,2590.69,1.586530055,6.3,11.75,0.0,August,Gandaki
2020,Manang,286.0,1762.0,Buckwheat,4.49852459,9.332377049,0.506693989,79.5836612,1517.44,5796.85,2590.69,1.586530055,6.3,11.75,503.932,September,Gandaki
2020,Manang,202.0,1510.0,Wheat,4.49852459,9.332377049,0.506693989,79.5836612,1517.44,5796.85,2590.69,1.586530055,6.3,11.75,305.02,November,Gandaki
2020,Manang,111.0,1577.0,Barley,4.49852459,9.332377049,0.506693989,79.5836612,1517.44,5796.85,2590.69,1.586530055,6.3,11.75,175.047,November,Gandaki
2020,Morang,86853.0,4251.0,Rice,23.65830601,28.59672131,19.72530055,70.54387978,2219.05,5421.28,2450.87,1.51226776,6.8,24914.45,369212.103,July,Koshi
2020,Morang,17991.0,3862.0,Maize,23.65830601,28.59672131,19.72530055,70.54387978,2219.05,5421.28,2450.87,1.51226776,6.8,24914.45,69481.242,April,Koshi
2020,Morang,1231.0,1245.0,Millet,23.65830601,28.59672131,19.72530055,70.54387978,2219.05,5421.28,2450.87,1.51226776,6.8,24914.45,1532.595,August,Koshi
2020,Morang,68.0,1044.0,Buckwheat,23.65830601,28.59672131,19.72530055,70.54387978,2219.05,5421.28,2450.87,1.51226776,6.8,24914.45,70.992,September,Koshi
2020,Morang,12640.0,3041.0,Wheat,23.65830601,28.59672131,19.72530055,70.54387978,2219.05,5421.28,2450.87,1.51226776,6.8,24914.45,38438.24,November,Koshi
2020,Morang,68.0,1044.0,Barley,23.65830601,28.59672131,19.72530055,70.54387978,2219.05,5421.28,2450.87,1.51226776,6.8,24914.45,70.992,November,Koshi
2020,Mugu,894.0,1714.0,Rice,11.79530055,16.8960929,7.581775956,73.78494536,1358.08,6215.45,2700.79,1.459071038,5.7,0.0,1532.316,July,Karnali
2020,Mugu,560.0,1734.0,Maize,11.79530055,16.8960929,7.581775956,73.78494536,1358.08,6215.45,2700.79,1.459071038,5.7,0.0,971.04,April,Karnali
2020,Mugu,4264.0,984.0,Millet,11.79530055,16.8960929,7.581775956,73.78494536,1358.08,6215.45,2700.79,1.459071038,5.7,0.0,4195.776,August,Karnali
2020,Mugu,609.0,1123.0,Buckwheat,11.79530055,16.8960929,7.581775956,73.78494536,1358.08,6215.45,2700.79,1.459071038,5.7,0.0,683.907,September,Karnali
2020,Mugu,1780.0,1612.0,Wheat,11.79530055,16.8960929,7.581775956,73.78494536,1358.08,6215.45,2700.79,1.459071038,5.7,0.0,2869.36,November,Karnali
2020,Mugu,1034.0,1103.0,Barley,11.79530055,16.8960929,7.581775956,73.78494536,1358.08,6215.45,2700.79,1.459071038,5.7,0.0,1140.502,November,Karnali
2020,Mustang,0.0,0.0,Rice,7.457650273,12.4139071,3.443879781,76.18934426,1715.96,5823.25,2539.99,1.491994536,7.3,32.5,0.0,July,Gandaki
2020,Mustang,566.0,1763.0,Maize,7.457650273,12.4139071,3.443879781,76.18934426,1715.96,5823.25,2539.99,1.491994536,7.3,32.5,997.858,April,Gandaki
2020,Mustang,0.0,0.0,Millet,7.457650273,12.4139071,3.443879781,76.18934426,1715.96,5823.25,2539.99,1.491994536,7.3,32.5,0.0,August,Gandaki
2020,Mustang,503.0,1944.0,Buckwheat,7.457650273,12.4139071,3.443879781,76.18934426,1715.96,5823.25,2539.99,1.491994536,7.3,32.5,977.832,September,Gandaki
2020,Mustang,535.0,1658.0,Wheat,7.457650273,12.4139071,3.443879781,76.18934426,1715.96,5823.25,2539.99,1.491994536,7.3,32.5,887.03,November,Gandaki
2020,Mustang,244.0,1906.0,Barley,7.457650273,12.4139071,3.443879781,76.18934426,1715.96,5823.25,2539.99,1.491994536,7.3,32.5,465.064,November,Gandaki
2020,Myagdi,3842.0,3280.0,Rice,7.457650273,12.4139071,3.443879781,76.18934426,1715.96,5823.25,2539.99,1.491994536,5.8,321.1,12601.76,July,Gandaki
2020,Myagdi,9199.0,3495.0,Maize,7.457650273,12.4139071,3.443879781,76.18934426,1715.96,5823.25,2539.99,1.491994536,5.8,321.1,32150.505,April,Gandaki
2020,Myagdi,2558.0,1310.0,Millet,7.457650273,12.4139071,3.443879781,76.18934426,1715.96,5823.25,2539.99,1.491994536,5.8,321.1,3350.98,August,Gandaki
2020,Myagdi,157.0,930.0,Buckwheat,7.457650273,12.4139071,3.443879781,76.18934426,1715.96,5823.25,2539.99,1.491994536,5.8,321.1,146.01,September,Gandaki
2020,Myagdi,2113.0,3365.0,Wheat,7.457650273,12.4139071,3.443879781,76.18934426,1715.96,5823.25,2539.99,1.491994536,5.8,321.1,7110.245,November,Gandaki
2020,Myagdi,279.0,1333.0,Barley,7.457650273,12.4139071,3.443879781,76.18934426,1715.96,5823.25,2539.99,1.491994536,5.8,321.1,371.907,November,Gandaki
2020,Nawalparasi,42332.0,8545.0,Rice,23.9034153,29.4460929,19.37248634,65.10215847,1852.51,6056.11,2843.2,1.50295082,5.9,11875.15,361726.94,July,Unknown
2020,Nawalparasi,9494.0,5147.0,Maize,23.9034153,29.4460929,19.37248634,65.10215847,1852.51,6056.11,2843.2,1.50295082,5.9,11875.15,48865.618,April,Unknown
2020,Nawalparasi,487.0,2171.0,Millet,23.9034153,29.4460929,19.37248634,65.10215847,1852.51,6056.11,2843.2,1.50295082,5.9,11875.15,1057.277,August,Unknown
2020,Nawalparasi,92.0,2131.0,Buckwheat,23.9034153,29.4460929,19.37248634,65.10215847,1852.51,6056.11,2843.2,1.50295082,5.9,11875.15,196.052,September,Unknown
2020,Nawalparasi,16303.0,5885.0,Wheat,23.9034153,29.4460929,19.37248634,65.10215847,1852.51,6056.11,2843.2,1.50295082,5.9,11875.15,95943.155,November,Unknown
2020,Nawalparasi,13.0,2450.0,Barley,23.9034153,29.4460929,19.37248634,65.10215847,1852.51,6056.11,2843.2,1.50295082,5.9,11875.15,31.85,November,Unknown
2020,Nuwakot,17098.0,4060.0,Rice,8.612595628,13.69453552,4.66852459,74.48918033,910.52,5900.58,2668.03,1.695519126,5.7,9333.79,69417.88,July,Bagmati
2020,Nuwakot,15952.0,3776.0,Maize,8.612595628,13.69453552,4.66852459,74.48918033,910.52,5900.58,2668.03,1.695519126,5.7,9333.79,60234.752,April,Bagmati
2020,Nuwakot,5303.0,1328.0,Millet,8.612595628,13.69453552,4.66852459,74.48918033,910.52,5900.58,2668.03,1.695519126,5.7,9333.79,7042.384,August,Bagmati
2020,Nuwakot,194.0,985.0,Buckwheat,8.612595628,13.69453552,4.66852459,74.48918033,910.52,5900.58,2668.03,1.695519126,5.7,9333.79,191.09,September,Bagmati
2020,Nuwakot,4495.0,3792.0,Wheat,8.612595628,13.69453552,4.66852459,74.48918033,910.52,5900.58,2668.03,1.695519126,5.7,9333.79,17045.04,November,Bagmati
2020,Nuwakot,152.0,1303.0,Barley,8.612595628,13.69453552,4.66852459,74.48918033,910.52,5900.58,2668.03,1.695519126,5.7,9333.79,198.056,November,Bagmati
2020,Okhaldhunga,3921.0,2648.0,Rice,13.19161202,17.86653005,9.661721311,72.1797541,1221.08,5564.45,2533.38,1.50557377,5.7,394.9,10382.808,July,Koshi
2020,Okhaldhunga,11426.0,3151.0,Maize,13.19161202,17.86653005,9.661721311,72.1797541,1221.08,5564.45,2533.38,1.50557377,5.7,394.9,36003.326,April,Koshi
2020,Okhaldhunga,7668.0,1905.0,Millet,13.19161202,17.86653005,9.661721311,72.1797541,1221.08,5564.45,2533.38,1.50557377,5.7,394.9,14607.54,August,Koshi
2020,Okhaldhunga,100.0,920.0,Buckwheat,13.19161202,17.86653005,9.661721311,72.1797541,1221.08,5564.45,2533.38,1.50557377,5.7,394.9,92.0,September,Koshi
2020,Okhaldhunga,2145.0,2483.0,Wheat,13.19161202,17.86653005,9.661721311,72.1797541,1221.08,5564.45,2533.38,1.50557377,5.7,394.9,5326.035,November,Koshi
2020,Okhaldhunga,75.0,1427.0,Barley,13.19161202,17.86653005,9.661721311,72.1797541,1221.08,5564.45,2533.38,1.50557377,5.7,394.9,107.025,November,Koshi
2020,Palpa,7850.0,3549.0,Rice,18.45918033,22.94540984,14.93754098,69.90494536,1893.35,6056.11,2843.2,1.45726776,5.9,2142.35,27859.65,July,Lumbini
2020,Palpa,21230.0,2617.0,Maize,18.45918033,22.94540984,14.93754098,69.90494536,1893.35,6056.11,2843.2,1.45726776,5.9,2142.35,55558.91,April,Lumbini
2020,Palpa,2684.0,1178.0,Millet,18.45918033,22.94540984,14.93754098,69.90494536,1893.35,6056.11,2843.2,1.45726776,5.9,2142.35,3161.752,August,Lumbini
2020,Palpa,409.0,1169.0,Buckwheat,18.45918033,22.94540984,14.93754098,69.90494536,1893.35,6056.11,2843.2,1.45726776,5.9,2142.35,478.121,September,Lumbini
2020,Palpa,5795.0,2530.0,Wheat,18.45918033,22.94540984,14.93754098,69.90494536,1893.35,6056.11,2843.2,1.45726776,5.9,2142.35,14661.35,November,Lumbini
2020,Palpa,15.0,1667.0,Barley,18.45918033,22.94540984,14.93754098,69.90494536,1893.35,6056.11,2843.2,1.45726776,5.9,2142.35,25.005,November,Lumbini
2020,Panchthar,7590.0,2786.0,Rice,10.22953552,15.14153005,6.49136612,80.18568306,1466.51,5290.09,2363.83,1.780355191,5.7,383.4,21145.74,July,Koshi
2020,Panchthar,19023.0,2230.0,Maize,10.22953552,15.14153005,6.49136612,80.18568306,1466.51,5290.09,2363.83,1.780355191,5.7,383.4,42421.29,April,Koshi
2020,Panchthar,4600.0,1864.0,Millet,10.22953552,15.14153005,6.49136612,80.18568306,1466.51,5290.09,2363.83,1.780355191,5.7,383.4,8574.4,August,Koshi
2020,Panchthar,67.0,746.0,Buckwheat,10.22953552,15.14153005,6.49136612,80.18568306,1466.51,5290.09,2363.83,1.780355191,5.7,383.4,49.982,September,Koshi
2020,Panchthar,3903.0,1660.0,Wheat,10.22953552,15.14153005,6.49136612,80.18568306,1466.51,5290.09,2363.83,1.780355191,5.7,383.4,6478.98,November,Koshi
2020,Panchthar,299.0,1441.0,Barley,10.22953552,15.14153005,6.49136612,80.18568306,1466.51,5290.09,2363.83,1.780355191,5.7,383.4,430.859,November,Koshi
2020,Parbat,7325.0,3267.0,Rice,7.457650273,12.4139071,3.443879781,76.18934426,1715.96,5823.25,2539.99,1.491994536,5.7,734.35,23930.775,July,Gandaki
2020,Parbat,13987.0,2500.0,Maize,7.457650273,12.4139071,3.443879781,76.18934426,1715.96,5823.25,2539.99,1.491994536,5.7,734.35,34967.5,April,Gandaki
2020,Parbat,8592.0,996.0,Millet,7.457650273,12.4139071,3.443879781,76.18934426,1715.96,5823.25,2539.99,1.491994536,5.7,734.35,8557.632,August,Gandaki
2020,Parbat,55.0,945.0,Buckwheat,7.457650273,12.4139071,3.443879781,76.18934426,1715.96,5823.25,2539.99,1.491994536,5.7,734.35,51.975,September,Gandaki
2020,Parbat,2646.0,2557.0,Wheat,7.457650273,12.4139071,3.443879781,76.18934426,1715.96,5823.25,2539.99,1.491994536,5.7,734.35,6765.822,November,Gandaki
2020,Parbat,81.0,1296.0,Barley,7.457650273,12.4139071,3.443879781,76.18934426,1715.96,5823.25,2539.99,1.491994536,5.7,734.35,104.976,November,Gandaki
2020,Parsa,43013.0,4094.0,Rice,24.3360929,30.01614754,19.53172131,67.67456284,1793.57,5979.33,2804.39,1.684125683,6.9,14594.35,176095.222,July,Madhesh
2020,Parsa,4589.0,4046.0,Maize,24.3360929,30.01614754,19.53172131,67.67456284,1793.57,5979.33,2804.39,1.684125683,6.9,14594.35,18567.094,April,Madhesh
2020,Parsa,0.0,0.0,Millet,24.3360929,30.01614754,19.53172131,67.67456284,1793.57,5979.33,2804.39,1.684125683,6.9,14594.35,0.0,August,Madhesh
2020,Parsa,0.0,0.0,Buckwheat,24.3360929,30.01614754,19.53172131,67.67456284,1793.57,5979.33,2804.39,1.684125683,6.9,14594.35,0.0,September,Madhesh
2020,Parsa,21998.0,3717.0,Wheat,24.3360929,30.01614754,19.53172131,67.67456284,1793.57,5979.33,2804.39,1.684125683,6.9,14594.35,81766.566,November,Madhesh
2020,Parsa,29.0,1448.0,Barley,24.3360929,30.01614754,19.53172131,67.67456284,1793.57,5979.33,2804.39,1.684125683,6.9,14594.35,41.992,November,Madhesh
2020,Pyuthan,6064.0,3084.0,Rice,21.26221311,26.58491803,17.09363388,63.02505464,1346.76,5977.51,2601.67,1.759125683,6.5,891.75,18701.376,July,Lumbini
2020,Pyuthan,11330.0,2550.0,Maize,21.26221311,26.58491803,17.09363388,63.02505464,1346.76,5977.51,2601.67,1.759125683,6.5,891.75,28891.5,April,Lumbini
2020,Pyuthan,2205.0,1233.0,Millet,21.26221311,26.58491803,17.09363388,63.02505464,1346.76,5977.51,2601.67,1.759125683,6.5,891.75,2718.765,August,Lumbini
2020,Pyuthan,510.0,1633.0,Buckwheat,21.26221311,26.58491803,17.09363388,63.02505464,1346.76,5977.51,2601.67,1.759125683,6.5,891.75,832.83,September,Lumbini
2020,Pyuthan,7960.0,3136.0,Wheat,21.26221311,26.58491803,17.09363388,63.02505464,1346.76,5977.51,2601.67,1.759125683,6.5,891.75,24962.56,November,Lumbini
2020,Pyuthan,468.0,1632.0,Barley,21.26221311,26.58491803,17.09363388,63.02505464,1346.76,5977.51,2601.67,1.759125683,6.5,891.75,763.776,November,Lumbini
2020,Ramechap,7954.0,3090.0,Rice,13.19161202,17.86653005,9.661721311,72.1797541,1221.08,5564.45,2533.38,1.50557377,5.4,1755.05,24577.86,July,Unknown
2020,Ramechap,21731.0,2951.0,Maize,13.19161202,17.86653005,9.661721311,72.1797541,1221.08,5564.45,2533.38,1.50557377,5.4,1755.05,64128.181,April,Unknown
2020,Ramechap,4884.0,1124.0,Millet,13.19161202,17.86653005,9.661721311,72.1797541,1221.08,5564.45,2533.38,1.50557377,5.4,1755.05,5489.616,August,Unknown
2020,Ramechap,18.0,889.0,Buckwheat,13.19161202,17.86653005,9.661721311,72.1797541,1221.08,5564.45,2533.38,1.50557377,5.4,1755.05,16.002,September,Unknown
2020,Ramechap,3674.0,2330.0,Wheat,13.19161202,17.86653005,9.661721311,72.1797541,1221.08,5564.45,2533.38,1.50557377,5.4,1755.05,8560.42,November,Unknown
2020,Ramechap,63.0,1349.0,Barley,13.19161202,17.86653005,9.661721311,72.1797541,1221.08,5564.45,2533.38,1.50557377,5.4,1755.05,84.987,November,Unknown
2020,Rasuwa,1233.0,2230.0,Rice,8.612595628,13.69453552,4.66852459,74.48918033,910.52,6302.18,2789.33,1.695519126,6.1,495.9,2749.59,July,Bagmati
2020,Rasuwa,2302.0,2730.0,Maize,8.612595628,13.69453552,4.66852459,74.48918033,910.52,6302.18,2789.33,1.695519126,6.1,495.9,6284.46,April,Bagmati
2020,Rasuwa,838.0,988.0,Millet,8.612595628,13.69453552,4.66852459,74.48918033,910.52,6302.18,2789.33,1.695519126,6.1,495.9,827.944,August,Bagmati
2020,Rasuwa,19.0,842.0,Buckwheat,8.612595628,13.69453552,4.66852459,74.48918033,910.52,6302.18,2789.33,1.695519126,6.1,495.9,15.998,September,Bagmati
2020,Rasuwa,761.0,1619.0,Wheat,8.612595628,13.69453552,4.66852459,74.48918033,910.52,6302.18,2789.33,1.695519126,6.1,495.9,1232.059,November,Bagmati
2020,Rasuwa,243.0,1379.0,Barley,8.612595628,13.69453552,4.66852459,74.48918033,910.52,6302.18,2789.33,1.695519126,6.1,495.9,335.097,November,Bagmati
2020,Rautahat,36998.0,3512.0,Rice,23.58806011,28.81808743,19.43308743,66.51456284,1732.94,5732.43,2589.53,1.574480874,6.8,8251.6,129936.976,July,Madhesh
2020,Rautahat,3513.0,3650.0,Maize,23.58806011,28.81808743,19.43308743,66.51456284,1732.94,5732.43,2589.53,1.574480874,6.8,8251.6,12822.45,April,Madhesh
2020,Rautahat,71.0,1042.0,Millet,23.58806011,28.81808743,19.43308743,66.51456284,1732.94,5732.43,2589.53,1.574480874,6.8,8251.6,73.982,August,Madhesh
2020,Rautahat,0.0,0.0,Buckwheat,23.58806011,28.81808743,19.43308743,66.51456284,1732.94,5732.43,2589.53,1.574480874,6.8,8251.6,0.0,September,Madhesh
2020,Rautahat,14991.0,3521.0,Wheat,23.58806011,28.81808743,19.43308743,66.51456284,1732.94,5732.43,2589.53,1.574480874,6.8,8251.6,52783.311,November,Madhesh
2020,Rautahat,3.0,1667.0,Barley,23.58806011,28.81808743,19.43308743,66.51456284,1732.94,5732.43,2589.53,1.574480874,6.8,8251.6,5.001,November,Madhesh
2020,Rolpa,4610.0,2890.0,Rice,14.20344262,19.45838798,9.946939891,70.22740437,1457.3,5977.51,2601.67,1.589344262,6.1,622.6,13322.9,July,Lumbini
2020,Rolpa,13966.0,2692.0,Maize,14.20344262,19.45838798,9.946939891,70.22740437,1457.3,5977.51,2601.67,1.589344262,6.1,622.6,37596.472,April,Lumbini
2020,Rolpa,1126.0,1153.0,Millet,14.20344262,19.45838798,9.946939891,70.22740437,1457.3,5977.51,2601.67,1.589344262,6.1,622.6,1298.278,August,Lumbini
2020,Rolpa,548.0,1141.0,Buckwheat,14.20344262,19.45838798,9.946939891,70.22740437,1457.3,5977.51,2601.67,1.589344262,6.1,622.6,625.268,September,Lumbini
2020,Rolpa,8429.0,2950.0,Wheat,14.20344262,19.45838798,9.946939891,70.22740437,1457.3,5977.51,2601.67,1.589344262,6.1,622.6,24865.55,November,Lumbini
2020,Rolpa,551.0,1187.0,Barley,14.20344262,19.45838798,9.946939891,70.22740437,1457.3,5977.51,2601.67,1.589344262,6.1,622.6,654.037,November,Lumbini
2020,Rukum,3795.0,5829.0,Rice,14.20344262,19.45838798,9.946939891,70.22740437,1457.3,5972.31,2600.52,1.589344262,6.8,286.9,22121.055,July,Unknown
2020,Rukum,15784.0,5396.0,Maize,14.20344262,19.45838798,9.946939891,70.22740437,1457.3,5972.31,2600.52,1.589344262,6.8,286.9,85170.464,April,Unknown
2020,Rukum,939.0,2641.0,Millet,14.20344262,19.45838798,9.946939891,70.22740437,1457.3,5972.31,2600.52,1.589344262,6.8,286.9,2479.899,August,Unknown
2020,Rukum,60.0,2446.0,Buckwheat,14.20344262,19.45838798,9.946939891,70.22740437,1457.3,5972.31,2600.52,1.589344262,6.8,286.9,146.76,September,Unknown
2020,Rukum,14834.0,4490.0,Wheat,14.20344262,19.45838798,9.946939891,70.22740437,1457.3,5972.31,2600.52,1.589344262,6.8,286.9,66604.66,November,Unknown
2020,Rukum,826.0,2532.0,Barley,14.20344262,19.45838798,9.946939891,70.22740437,1457.3,5972.31,2600.52,1.589344262,6.8,286.9,2091.432,November,Unknown
2020,Rupandehi,64158.0,4236.0,Rice,23.9034153,29.4460929,19.37248634,65.10215847,1852.51,6056.11,2843.2,1.50295082,6.6,31322.7,271773.288,July,Lumbini
2020,Rupandehi,3145.0,3400.0,Maize,23.9034153,29.4460929,19.37248634,65.10215847,1852.51,6056.11,2843.2,1.50295082,6.6,31322.7,10693.0,April,Lumbini
2020,Rupandehi,46.0,1152.0,Millet,23.9034153,29.4460929,19.37248634,65.10215847,1852.51,6056.11,2843.2,1.50295082,6.6,31322.7,52.992,August,Lumbini
2020,Rupandehi,74.0,1203.0,Buckwheat,23.9034153,29.4460929,19.37248634,65.10215847,1852.51,6056.11,2843.2,1.50295082,6.6,31322.7,89.022,September,Lumbini
2020,Rupandehi,26118.0,3950.0,Wheat,23.9034153,29.4460929,19.37248634,65.10215847,1852.51,6056.11,2843.2,1.50295082,6.6,31322.7,103166.1,November,Lumbini
2020,Rupandehi,74.0,1959.0,Barley,23.9034153,29.4460929,19.37248634,65.10215847,1852.51,6056.11,2843.2,1.50295082,6.6,31322.7,144.966,November,Lumbini
2020,Salyan,7059.0,4058.0,Rice,21.26221311,26.58491803,17.09363388,63.02505464,1346.76,5977.51,2601.67,1.759125683,5.9,1331.15,28645.422,July,Karnali
2020,Salyan,19047.0,2834.0,Maize,21.26221311,26.58491803,17.09363388,63.02505464,1346.76,5977.51,2601.67,1.759125683,5.9,1331.15,53979.198,April,Karnali
2020,Salyan,1031.0,1177.0,Millet,21.26221311,26.58491803,17.09363388,63.02505464,1346.76,5977.51,2601.67,1.759125683,5.9,1331.15,1213.487,August,Karnali
2020,Salyan,66.0,1106.0,Buckwheat,21.26221311,26.58491803,17.09363388,63.02505464,1346.76,5977.51,2601.67,1.759125683,5.9,1331.15,72.996,September,Karnali
2020,Salyan,14217.0,2716.0,Wheat,21.26221311,26.58491803,17.09363388,63.02505464,1346.76,5977.51,2601.67,1.759125683,5.9,1331.15,38613.372,November,Karnali
2020,Salyan,749.0,1702.0,Barley,21.26221311,26.58491803,17.09363388,63.02505464,1346.76,5977.51,2601.67,1.759125683,5.9,1331.15,1274.798,November,Karnali
2020,Sankhuwashava,11769.0,2741.0,Rice,10.22953552,15.14153005,6.49136612,80.18568306,1466.51,5290.09,2363.83,1.780355191,5.6,1246.55,32258.829,July,Unknown
2020,Sankhuwashava,11885.0,2445.0,Maize,10.22953552,15.14153005,6.49136612,80.18568306,1466.51,5290.09,2363.83,1.780355191,5.6,1246.55,29058.825,April,Unknown
2020,Sankhuwashava,6431.0,1270.0,Millet,10.22953552,15.14153005,6.49136612,80.18568306,1466.51,5290.09,2363.83,1.780355191,5.6,1246.55,8167.37,August,Unknown
2020,Sankhuwashava,20.0,950.0,Buckwheat,10.22953552,15.14153005,6.49136612,80.18568306,1466.51,5290.09,2363.83,1.780355191,5.6,1246.55,19.0,September,Unknown
2020,Sankhuwashava,715.0,2260.0,Wheat,10.22953552,15.14153005,6.49136612,80.18568306,1466.51,5290.09,2363.83,1.780355191,5.6,1246.55,1615.9,November,Unknown
2020,Sankhuwashava,12.0,1333.0,Barley,10.22953552,15.14153005,6.49136612,80.18568306,1466.51,5290.09,2363.83,1.780355191,5.6,1246.55,15.996,November,Unknown
2020,Saptari,50325.0,3538.0,Rice,23.96418033,28.86349727,19.93467213,70.44953552,2213.73,5680.78,2562.33,1.599808743,6.6,11354.45,178049.85,July,Madhesh
2020,Saptari,3930.0,3288.0,Maize,23.96418033,28.86349727,19.93467213,70.44953552,2213.73,5680.78,2562.33,1.599808743,6.6,11354.45,12921.84,April,Madhesh
2020,Saptari,183.0,1262.0,Millet,23.96418033,28.86349727,19.93467213,70.44953552,2213.73,5680.78,2562.33,1.599808743,6.6,11354.45,230.946,August,Madhesh
2020,Saptari,0.0,0.0,Buckwheat,23.96418033,28.86349727,19.93467213,70.44953552,2213.73,5680.78,2562.33,1.599808743,6.6,11354.45,0.0,September,Madhesh
2020,Saptari,15317.0,3480.0,Wheat,23.96418033,28.86349727,19.93467213,70.44953552,2213.73,5680.78,2562.33,1.599808743,6.6,11354.45,53303.16,November,Madhesh
2020,Saptari,12.0,1583.0,Barley,23.96418033,28.86349727,19.93467213,70.44953552,2213.73,5680.78,2562.33,1.599808743,6.6,11354.45,18.996,November,Madhesh
2020,Sarlahi,46600.0,3654.0,Rice,23.58806011,28.81808743,19.43308743,66.51456284,1732.94,5732.43,2589.53,1.574480874,6.6,10457.6,170276.4,July,Madhesh
2020,Sarlahi,12299.0,3320.0,Maize,23.58806011,28.81808743,19.43308743,66.51456284,1732.94,5732.43,2589.53,1.574480874,6.6,10457.6,40832.68,April,Madhesh
2020,Sarlahi,709.0,900.0,Millet,23.58806011,28.81808743,19.43308743,66.51456284,1732.94,5732.43,2589.53,1.574480874,6.6,10457.6,638.1,August,Madhesh
2020,Sarlahi,0.0,0.0,Buckwheat,23.58806011,28.81808743,19.43308743,66.51456284,1732.94,5732.43,2589.53,1.574480874,6.6,10457.6,0.0,September,Madhesh
2020,Sarlahi,22484.0,3181.0,Wheat,23.58806011,28.81808743,19.43308743,66.51456284,1732.94,5732.43,2589.53,1.574480874,6.6,10457.6,71521.604,November,Madhesh
2020,Sarlahi,62.0,1145.0,Barley,23.58806011,28.81808743,19.43308743,66.51456284,1732.94,5732.43,2589.53,1.574480874,6.6,10457.6,70.99,November,Madhesh
2020,Sindhuli,12878.0,3687.0,Rice,21.85699454,26.70032787,18.1445082,67.3060929,1646.96,5564.45,2533.38,1.554644809,6.0,3724.35,47481.186,July,Bagmati
2020,Sindhuli,24711.0,3392.0,Maize,21.85699454,26.70032787,18.1445082,67.3060929,1646.96,5564.45,2533.38,1.554644809,6.0,3724.35,83819.712,April,Bagmati
2020,Sindhuli,12065.0,1025.0,Millet,21.85699454,26.70032787,18.1445082,67.3060929,1646.96,5564.45,2533.38,1.554644809,6.0,3724.35,12366.625,August,Bagmati
2020,Sindhuli,570.0,798.0,Buckwheat,21.85699454,26.70032787,18.1445082,67.3060929,1646.96,5564.45,2533.38,1.554644809,6.0,3724.35,454.86,September,Bagmati
2020,Sindhuli,6354.0,2658.0,Wheat,21.85699454,26.70032787,18.1445082,67.3060929,1646.96,5564.45,2533.38,1.554644809,6.0,3724.35,16888.932,November,Bagmati
2020,Sindhuli,41.0,1585.0,Barley,21.85699454,26.70032787,18.1445082,67.3060929,1646.96,5564.45,2533.38,1.554644809,6.0,3724.35,64.985,November,Bagmati
2020,Sindhupalchok,11982.0,3028.0,Rice,8.612595628,13.69453552,4.66852459,74.48918033,910.52,5900.58,2668.03,1.695519126,5.6,4152.05,36281.496,July,Bagmati
2020,Sindhupalchok,25221.0,2884.0,Maize,8.612595628,13.69453552,4.66852459,74.48918033,910.52,5900.58,2668.03,1.695519126,5.6,4152.05,72737.364,April,Bagmati
2020,Sindhupalchok,17139.0,1310.0,Millet,8.612595628,13.69453552,4.66852459,74.48918033,910.52,5900.58,2668.03,1.695519126,5.6,4152.05,22452.09,August,Bagmati
2020,Sindhupalchok,200.0,850.0,Buckwheat,8.612595628,13.69453552,4.66852459,74.48918033,910.52,5900.58,2668.03,1.695519126,5.6,4152.05,170.0,September,Bagmati
2020,Sindhupalchok,6904.0,1263.0,Wheat,8.612595628,13.69453552,4.66852459,74.48918033,910.52,5900.58,2668.03,1.695519126,5.6,4152.05,8719.752,November,Bagmati
2020,Sindhupalchok,172.0,1192.0,Barley,8.612595628,13.69453552,4.66852459,74.48918033,910.52,5900.58,2668.03,1.695519126,5.6,4152.05,205.024,November,Bagmati
2020,Siraha,48925.0,3558.0,Rice,24.4984153,29.86409836,20.07931694,67.87521858,1774.43,5680.78,2562.33,1.732704918,6.8,10361.35,174075.15,July,Madhesh
2020,Siraha,3699.0,3347.0,Maize,24.4984153,29.86409836,20.07931694,67.87521858,1774.43,5680.78,2562.33,1.732704918,6.8,10361.35,12380.553,April,Madhesh
2020,Siraha,440.0,1041.0,Millet,24.4984153,29.86409836,20.07931694,67.87521858,1774.43,5680.78,2562.33,1.732704918,6.8,10361.35,458.04,August,Madhesh
2020,Siraha,0.0,0.0,Buckwheat,24.4984153,29.86409836,20.07931694,67.87521858,1774.43,5680.78,2562.33,1.732704918,6.8,10361.35,0.0,September,Madhesh
2020,Siraha,11784.0,3416.0,Wheat,24.4984153,29.86409836,20.07931694,67.87521858,1774.43,5680.78,2562.33,1.732704918,6.8,10361.35,40254.144,November,Madhesh
2020,Siraha,19.0,1316.0,Barley,24.4984153,29.86409836,20.07931694,67.87521858,1774.43,5680.78,2562.33,1.732704918,6.8,10361.35,25.004,November,Madhesh
2020,Solukhumbu,1410.0,2774.0,Rice,8.836885246,13.69136612,5.117431694,77.78243169,1349.64,5564.45,2533.38,1.760601093,5.8,20.5,3911.34,July,Koshi
2020,Solukhumbu,14080.0,2588.0,Maize,8.836885246,13.69136612,5.117431694,77.78243169,1349.64,5564.45,2533.38,1.760601093,5.8,20.5,36439.04,April,Koshi
2020,Solukhumbu,1847.0,1355.0,Millet,8.836885246,13.69136612,5.117431694,77.78243169,1349.64,5564.45,2533.38,1.760601093,5.8,20.5,2502.685,August,Koshi
2020,Solukhumbu,299.0,987.0,Buckwheat,8.836885246,13.69136612,5.117431694,77.78243169,1349.64,5564.45,2533.38,1.760601093,5.8,20.5,295.113,September,Koshi
2020,Solukhumbu,2669.0,1991.0,Wheat,8.836885246,13.69136612,5.117431694,77.78243169,1349.64,5564.45,2533.38,1.760601093,5.8,20.5,5313.979,November,Koshi
2020,Solukhumbu,162.0,1191.0,Barley,8.836885246,13.69136612,5.117431694,77.78243169,1349.64,5564.45,2533.38,1.760601093,5.8,20.5,192.942,November,Koshi
2020,Sunsari,53555.0,4086.0,Rice,23.65830601,28.59672131,19.72530055,70.54387978,2219.05,5421.28,2450.87,1.51226776,6.6,13616.95,218825.73,July,Koshi
2020,Sunsari,8968.0,3211.0,Maize,23.65830601,28.59672131,19.72530055,70.54387978,2219.05,5421.28,2450.87,1.51226776,6.6,13616.95,28796.248,April,Koshi
2020,Sunsari,505.0,1158.0,Millet,23.65830601,28.59672131,19.72530055,70.54387978,2219.05,5421.28,2450.87,1.51226776,6.6,13616.95,584.79,August,Koshi
2020,Sunsari,319.0,984.0,Buckwheat,23.65830601,28.59672131,19.72530055,70.54387978,2219.05,5421.28,2450.87,1.51226776,6.6,13616.95,313.896,September,Koshi
2020,Sunsari,12765.0,3250.0,Wheat,23.65830601,28.59672131,19.72530055,70.54387978,2219.05,5421.28,2450.87,1.51226776,6.6,13616.95,41486.25,November,Koshi
2020,Sunsari,14.0,1571.0,Barley,23.65830601,28.59672131,19.72530055,70.54387978,2219.05,5421.28,2450.87,1.51226776,6.6,13616.95,21.994,November,Koshi
2020,Surkhet,12463.0,4181.0,Rice,19.18065574,24.17256831,15.14915301,66.58147541,1506.09,5925.95,2632.8,1.430382514,5.9,2610.3,52107.803,July,Karnali
2020,Surkhet,14943.0,3095.0,Maize,19.18065574,24.17256831,15.14915301,66.58147541,1506.09,5925.95,2632.8,1.430382514,5.9,2610.3,46248.585,April,Karnali
2020,Surkhet,2235.0,1346.0,Millet,19.18065574,24.17256831,15.14915301,66.58147541,1506.09,5925.95,2632.8,1.430382514,5.9,2610.3,3008.31,August,Karnali
2020,Surkhet,56.0,1518.0,Buckwheat,19.18065574,24.17256831,15.14915301,66.58147541,1506.09,5925.95,2632.8,1.430382514,5.9,2610.3,85.008,September,Karnali
2020,Surkhet,12191.0,3392.0,Wheat,19.18065574,24.17256831,15.14915301,66.58147541,1506.09,5925.95,2632.8,1.430382514,5.9,2610.3,41351.872,November,Karnali
2020,Surkhet,631.0,1582.0,Barley,19.18065574,24.17256831,15.14915301,66.58147541,1506.09,5925.95,2632.8,1.430382514,5.9,2610.3,998.242,November,Karnali
2020,Syangja,15993.0,4076.0,Rice,18.45918033,22.94540984,14.93754098,69.90494536,1893.35,5823.25,2539.99,1.45726776,6.0,1798.1,65187.468,July,Gandaki
2020,Syangja,26330.0,3743.0,Maize,18.45918033,22.94540984,14.93754098,69.90494536,1893.35,5823.25,2539.99,1.45726776,6.0,1798.1,98553.19,April,Gandaki
2020,Syangja,16101.0,1264.0,Millet,18.45918033,22.94540984,14.93754098,69.90494536,1893.35,5823.25,2539.99,1.45726776,6.0,1798.1,20351.664,August,Gandaki
2020,Syangja,242.0,934.0,Buckwheat,18.45918033,22.94540984,14.93754098,69.90494536,1893.35,5823.25,2539.99,1.45726776,6.0,1798.1,226.028,September,Gandaki
2020,Syangja,5099.0,2843.0,Wheat,18.45918033,22.94540984,14.93754098,69.90494536,1893.35,5823.25,2539.99,1.45726776,6.0,1798.1,14496.457,November,Gandaki
2020,Syangja,4.0,1500.0,Barley,18.45918033,22.94540984,14.93754098,69.90494536,1893.35,5823.25,2539.99,1.45726776,6.0,1798.1,6.0,November,Gandaki
2020,Tanahu,10525.0,3938.0,Rice,18.45918033,22.94540984,14.93754098,69.90494536,1893.35,5979.33,2804.39,1.45726776,5.6,2400.25,41447.45,July,Gandaki
2020,Tanahu,22883.0,3320.0,Maize,18.45918033,22.94540984,14.93754098,69.90494536,1893.35,5979.33,2804.39,1.45726776,5.6,2400.25,75971.56,April,Gandaki
2020,Tanahu,6729.0,996.0,Millet,18.45918033,22.94540984,14.93754098,69.90494536,1893.35,5979.33,2804.39,1.45726776,5.6,2400.25,6702.084,August,Gandaki
2020,Tanahu,192.0,943.0,Buckwheat,18.45918033,22.94540984,14.93754098,69.90494536,1893.35,5979.33,2804.39,1.45726776,5.6,2400.25,181.056,September,Gandaki
2020,Tanahu,1743.0,2361.0,Wheat,18.45918033,22.94540984,14.93754098,69.90494536,1893.35,5979.33,2804.39,1.45726776,5.6,2400.25,4115.223,November,Gandaki
2020,Tanahu,6.0,1000.0,Barley,18.45918033,22.94540984,14.93754098,69.90494536,1893.35,5979.33,2804.39,1.45726776,5.6,2400.25,6.0,November,Gandaki
2020,Taplejung,7437.0,2547.0,Rice,4.965519126,9.668688525,1.341420765,82.39002732,2097.28,5290.09,2363.83,1.575300546,5.4,473.45,18942.039,July,Koshi
2020,Taplejung,9718.0,3163.0,Maize,4.965519126,9.668688525,1.341420765,82.39002732,2097.28,5290.09,2363.83,1.575300546,5.4,473.45,30738.034,April,Koshi
2020,Taplejung,3041.0,1398.0,Millet,4.965519126,9.668688525,1.341420765,82.39002732,2097.28,5290.09,2363.83,1.575300546,5.4,473.45,4251.318,August,Koshi
2020,Taplejung,113.0,1265.0,Buckwheat,4.965519126,9.668688525,1.341420765,82.39002732,2097.28,5290.09,2363.83,1.575300546,5.4,473.45,142.945,September,Koshi
2020,Taplejung,1540.0,1876.0,Wheat,4.965519126,9.668688525,1.341420765,82.39002732,2097.28,5290.09,2363.83,1.575300546,5.4,473.45,2889.04,November,Koshi
2020,Taplejung,269.0,1506.0,Barley,4.965519126,9.668688525,1.341420765,82.39002732,2097.28,5290.09,2363.83,1.575300546,5.4,473.45,405.114,November,Koshi
2020,Terhathum,7171.0,2763.0,Rice,19.40120789,23.87857923,15.99510929,73.56393443,2027.87,5290.09,2363.83,1.422349727,5.6,903.25,19813.473,July,Unknown
2020,Terhathum,12142.0,2773.0,Maize,19.40120789,23.87857923,15.99510929,73.56393443,2027.87,5290.09,2363.83,1.422349727,5.6,903.25,33669.766,April,Unknown
2020,Terhathum,2632.0,1263.0,Millet,19.40120789,23.87857923,15.99510929,73.56393443,2027.87,5290.09,2363.83,1.422349727,5.6,903.25,3324.216,August,Unknown
2020,Terhathum,25.0,880.0,Buckwheat,19.40120789,23.87857923,15.99510929,73.56393443,2027.87,5290.09,2363.83,1.422349727,5.6,903.25,22.0,September,Unknown
2020,Terhathum,2399.0,2417.0,Wheat,19.40120789,23.87857923,15.99510929,73.56393443,2027.87,5290.09,2363.83,1.422349727,5.6,903.25,5798.383,November,Unknown
2020,Terhathum,64.0,1328.0,Barley,19.40120789,23.87857923,15.99510929,73.56393443,2027.87,5290.09,2363.83,1.422349727,5.6,903.25,84.992,November,Unknown
2020,Udayapur,14102.0,3904.0,Rice,17.89010929,22.31983607,14.61418033,75.37530055,2996.89,5421.28,2450.87,1.198060109,5.4,2258.55,55054.208,July,Koshi
2020,Udayapur,17945.0,2436.0,Maize,17.89010929,22.31983607,14.61418033,75.37530055,2996.89,5421.28,2450.87,1.198060109,5.4,2258.55,43714.02,April,Koshi
2020,Udayapur,2996.0,1898.0,Millet,17.89010929,22.31983607,14.61418033,75.37530055,2996.89,5421.28,2450.87,1.198060109,5.4,2258.55,5686.408,August,Koshi
2020,Udayapur,17.0,1000.0,Buckwheat,17.89010929,22.31983607,14.61418033,75.37530055,2996.89,5421.28,2450.87,1.198060109,5.4,2258.55,17.0,September,Koshi
2020,Udayapur,5130.0,2500.0,Wheat,17.89010929,22.31983607,14.61418033,75.37530055,2996.89,5421.28,2450.87,1.198060109,5.4,2258.55,12825.0,November,Koshi
2020,Udayapur,29.0,1483.0,Barley,17.89010929,22.31983607,14.61418033,75.37530055,2996.89,5421.28,2450.87,1.198060109,5.4,2258.55,43.007,November,Koshi
2021,Achham,15003.0,2125.0,Rice,12.59443836,18.03605479,8.18060274,66.42375342,1509.75,6099.88,2643.1,1.493671233,6.1,169.7,31881.375,July,Sudurpashchim
2021,Achham,6688.0,3097.0,Maize,12.59443836,18.03605479,8.18060274,66.42375342,1509.75,6099.88,2643.1,1.493671233,6.1,169.7,20712.736,April,Sudurpashchim
2021,Achham,3857.0,1274.0,Millet,12.59443836,18.03605479,8.18060274,66.42375342,1509.75,6099.88,2643.1,1.493671233,6.1,169.7,4913.818,August,Sudurpashchim
2021,Achham,83.0,916.0,Buckwheat,12.59443836,18.03605479,8.18060274,66.42375342,1509.75,6099.88,2643.1,1.493671233,6.1,169.7,76.028,September,Sudurpashchim
2021,Achham,14730.0,1675.0,Wheat,12.59443836,18.03605479,8.18060274,66.42375342,1509.75,6099.88,2643.1,1.493671233,6.1,169.7,24672.75,November,Sudurpashchim
2021,Achham,412.0,1104.0,Barley,12.59443836,18.03605479,8.18060274,66.42375342,1509.75,6099.88,2643.1,1.493671233,6.1,169.7,454.848,November,Sudurpashchim
2021,Arghakhanchi,7164.0,3063.0,Rice,19.77909589,24.73473973,16.02509589,63.00569863,2484.0,5944.12,2767.87,1.690438356,5.9,458.95,21943.332,July,Lumbini
2021,Arghakhanchi,16955.0,3242.0,Maize,19.77909589,24.73473973,16.02509589,63.00569863,2484.0,5944.12,2767.87,1.690438356,5.9,458.95,54968.11,April,Lumbini
2021,Arghakhanchi,511.0,1129.0,Millet,19.77909589,24.73473973,16.02509589,63.00569863,2484.0,5944.12,2767.87,1.690438356,5.9,458.95,576.919,August,Lumbini
2021,Arghakhanchi,350.0,1286.0,Buckwheat,19.77909589,24.73473973,16.02509589,63.00569863,2484.0,5944.12,2767.87,1.690438356,5.9,458.95,450.1,September,Lumbini
2021,Arghakhanchi,7340.0,2719.0,Wheat,19.77909589,24.73473973,16.02509589,63.00569863,2484.0,5944.12,2767.87,1.690438356,5.9,458.95,19957.46,November,Lumbini
2021,Arghakhanchi,375.0,1035.0,Barley,19.77909589,24.73473973,16.02509589,63.00569863,2484.0,5944.12,2767.87,1.690438356,5.9,458.95,388.125,November,Lumbini
2021,Baglung,5893.0,3446.0,Rice,19.23134247,23.97564384,15.57657534,66.248,3039.48,5663.31,2459.62,1.480876712,5.7,577.35,20307.278,July,Gandaki
2021,Baglung,18850.0,3409.0,Maize,19.23134247,23.97564384,15.57657534,66.248,3039.48,5663.31,2459.62,1.480876712,5.7,577.35,64259.65,April,Gandaki
2021,Baglung,2958.0,1235.0,Millet,19.23134247,23.97564384,15.57657534,66.248,3039.48,5663.31,2459.62,1.480876712,5.7,577.35,3653.13,August,Gandaki
2021,Baglung,178.0,1107.0,Buckwheat,19.23134247,23.97564384,15.57657534,66.248,3039.48,5663.31,2459.62,1.480876712,5.7,577.35,197.046,September,Gandaki
2021,Baglung,6900.0,2510.0,Wheat,19.23134247,23.97564384,15.57657534,66.248,3039.48,5663.31,2459.62,1.480876712,5.7,577.35,17319.0,November,Gandaki
2021,Baglung,275.0,1436.0,Barley,19.23134247,23.97564384,15.57657534,66.248,3039.48,5663.31,2459.62,1.480876712,5.7,577.35,394.9,November,Gandaki
2021,Baitadi,7219.0,2310.0,Rice,11.35268493,17.23032877,6.588410959,62.97071233,1016.87,6519.87,2861.83,1.608410959,6.0,37.45,16675.89,July,Sudurpashchim
2021,Baitadi,10864.0,2953.0,Maize,11.35268493,17.23032877,6.588410959,62.97071233,1016.87,6519.87,2861.83,1.608410959,6.0,37.45,32081.392,April,Sudurpashchim
2021,Baitadi,354.0,1153.0,Millet,11.35268493,17.23032877,6.588410959,62.97071233,1016.87,6519.87,2861.83,1.608410959,6.0,37.45,408.162,August,Sudurpashchim
2021,Baitadi,17.0,1176.0,Buckwheat,11.35268493,17.23032877,6.588410959,62.97071233,1016.87,6519.87,2861.83,1.608410959,6.0,37.45,19.992,September,Sudurpashchim
2021,Baitadi,15400.0,1566.0,Wheat,11.35268493,17.23032877,6.588410959,62.97071233,1016.87,6519.87,2861.83,1.608410959,6.0,37.45,24116.4,November,Sudurpashchim
2021,Baitadi,671.0,1210.0,Barley,11.35268493,17.23032877,6.588410959,62.97071233,1016.87,6519.87,2861.83,1.608410959,6.0,37.45,811.91,November,Sudurpashchim
2021,Bajhang,6367.0,2600.0,Rice,11.35268493,17.23032877,6.588410959,62.97071233,1016.87,6099.88,2643.1,1.608410959,5.6,116.6,16554.2,July,Sudurpashchim
2021,Bajhang,4050.0,1629.0,Maize,11.35268493,17.23032877,6.588410959,62.97071233,1016.87,6099.88,2643.1,1.608410959,5.6,116.6,6597.45,April,Sudurpashchim
2021,Bajhang,2761.0,1277.0,Millet,11.35268493,17.23032877,6.588410959,62.97071233,1016.87,6099.88,2643.1,1.608410959,5.6,116.6,3525.797,August,Sudurpashchim
2021,Bajhang,105.0,1362.0,Buckwheat,11.35268493,17.23032877,6.588410959,62.97071233,1016.87,6099.88,2643.1,1.608410959,5.6,116.6,143.01,September,Sudurpashchim
2021,Bajhang,10927.0,2008.0,Wheat,11.35268493,17.23032877,6.588410959,62.97071233,1016.87,6099.88,2643.1,1.608410959,5.6,116.6,21941.416,November,Sudurpashchim
2021,Bajhang,2354.0,1743.0,Barley,11.35268493,17.23032877,6.588410959,62.97071233,1016.87,6099.88,2643.1,1.608410959,5.6,116.6,4103.022,November,Sudurpashchim
2021,Bajura,4150.0,2610.0,Rice,9.29230137,15.52684932,4.349506849,64.32772603,950.31,6099.88,2643.1,1.594136986,6.0,48.1,10831.5,July,Sudurpashchim
2021,Bajura,3293.0,1473.0,Maize,9.29230137,15.52684932,4.349506849,64.32772603,950.31,6099.88,2643.1,1.594136986,6.0,48.1,4850.589,April,Sudurpashchim
2021,Bajura,5870.0,1006.0,Millet,9.29230137,15.52684932,4.349506849,64.32772603,950.31,6099.88,2643.1,1.594136986,6.0,48.1,5905.22,August,Sudurpashchim
2021,Bajura,255.0,1047.0,Buckwheat,9.29230137,15.52684932,4.349506849,64.32772603,950.31,6099.88,2643.1,1.594136986,6.0,48.1,266.985,September,Sudurpashchim
2021,Bajura,10450.0,1500.0,Wheat,9.29230137,15.52684932,4.349506849,64.32772603,950.31,6099.88,2643.1,1.594136986,6.0,48.1,15675.0,November,Sudurpashchim
2021,Bajura,1470.0,1340.0,Barley,9.29230137,15.52684932,4.349506849,64.32772603,950.31,6099.88,2643.1,1.594136986,6.0,48.1,1969.8,November,Sudurpashchim
2021,Banke,33896.0,2310.0,Rice,19.96328767,25.28175342,15.80849315,61.63276712,1987.14,5817.06,2560.07,1.483205479,6.4,4582.3,78299.76,July,Lumbini
2021,Banke,19545.0,3182.0,Maize,19.96328767,25.28175342,15.80849315,61.63276712,1987.14,5817.06,2560.07,1.483205479,6.4,4582.3,62192.19,April,Lumbini
2021,Banke,0.0,0.0,Millet,19.96328767,25.28175342,15.80849315,61.63276712,1987.14,5817.06,2560.07,1.483205479,6.4,4582.3,0.0,August,Lumbini
2021,Banke,0.0,0.0,Buckwheat,19.96328767,25.28175342,15.80849315,61.63276712,1987.14,5817.06,2560.07,1.483205479,6.4,4582.3,0.0,September,Lumbini
2021,Banke,23500.0,3362.0,Wheat,19.96328767,25.28175342,15.80849315,61.63276712,1987.14,5817.06,2560.07,1.483205479,6.4,4582.3,79007.0,November,Lumbini
2021,Banke,8.0,1375.0,Barley,19.96328767,25.28175342,15.80849315,61.63276712,1987.14,5817.06,2560.07,1.483205479,6.4,4582.3,11.0,November,Lumbini
2021,Bara,55198.0,3887.0,Rice,24.6430137,30.09432877,20.23213699,65.32723288,1984.96,5906.7,2742.51,1.674246575,6.7,11849.0,214554.626,July,Madhesh
2021,Bara,11940.0,3907.0,Maize,24.6430137,30.09432877,20.23213699,65.32723288,1984.96,5906.7,2742.51,1.674246575,6.7,11849.0,46649.58,April,Madhesh
2021,Bara,76.0,1158.0,Millet,24.6430137,30.09432877,20.23213699,65.32723288,1984.96,5906.7,2742.51,1.674246575,6.7,11849.0,88.008,August,Madhesh
2021,Bara,0.0,0.0,Buckwheat,24.6430137,30.09432877,20.23213699,65.32723288,1984.96,5906.7,2742.51,1.674246575,6.7,11849.0,0.0,September,Madhesh
2021,Bara,27103.0,3492.0,Wheat,24.6430137,30.09432877,20.23213699,65.32723288,1984.96,5906.7,2742.51,1.674246575,6.7,11849.0,94643.676,November,Madhesh
2021,Bara,38.0,1079.0,Barley,24.6430137,30.09432877,20.23213699,65.32723288,1984.96,5906.7,2742.51,1.674246575,6.7,11849.0,41.002,November,Madhesh
2021,Bardiya,49557.0,2966.0,Rice,24.26073973,29.80575342,19.7449589,60.5769589,2132.52,5817.06,2560.07,1.665589041,6.8,5512.75,146986.062,July,Unknown
2021,Bardiya,5350.0,3740.0,Maize,24.26073973,29.80575342,19.7449589,60.5769589,2132.52,5817.06,2560.07,1.665589041,6.8,5512.75,20009.0,April,Unknown
2021,Bardiya,0.0,0.0,Millet,24.26073973,29.80575342,19.7449589,60.5769589,2132.52,5817.06,2560.07,1.665589041,6.8,5512.75,0.0,August,Unknown
2021,Bardiya,0.0,0.0,Buckwheat,24.26073973,29.80575342,19.7449589,60.5769589,2132.52,5817.06,2560.07,1.665589041,6.8,5512.75,0.0,September,Unknown
2021,Bardiya,23500.0,3383.0,Wheat,24.26073973,29.80575342,19.7449589,60.5769589,2132.52,5817.06,2560.07,1.665589041,6.8,5512.75,79500.5,November,Unknown
2021,Bardiya,8.0,1500.0,Barley,24.26073973,29.80575342,19.7449589,60.5769589,2132.52,5817.06,2560.07,1.665589041,6.8,5512.75,12.0,November,Unknown
2021,Bhaktapur,3939.0,5120.0,Rice,19.04983562,23.75931507,15.57358904,67.60767123,1561.96,5883.92,2627.24,1.469315068,5.8,2364.88,20167.68,July,Bagmati
2021,Bhaktapur,1900.0,4079.0,Maize,19.04983562,23.75931507,15.57358904,67.60767123,1561.96,5883.92,2627.24,1.469315068,5.8,2364.88,7750.1,April,Bagmati
2021,Bhaktapur,110.0,1064.0,Millet,19.04983562,23.75931507,15.57358904,67.60767123,1561.96,5883.92,2627.24,1.469315068,5.8,2364.88,117.04,August,Bagmati
2021,Bhaktapur,4.0,1250.0,Buckwheat,19.04983562,23.75931507,15.57358904,67.60767123,1561.96,5883.92,2627.24,1.469315068,5.8,2364.88,5.0,September,Bagmati
2021,Bhaktapur,3150.0,3939.0,Wheat,19.04983562,23.75931507,15.57358904,67.60767123,1561.96,5883.92,2627.24,1.469315068,5.8,2364.88,12407.85,November,Bagmati
2021,Bhaktapur,17.0,1706.0,Barley,19.04983562,23.75931507,15.57358904,67.60767123,1561.96,5883.92,2627.24,1.469315068,5.8,2364.88,29.002,November,Bagmati
2021,Bhojpur,14570.0,2560.0,Rice,5.479123288,10.3269863,1.765315068,79.66871233,1826.71,5257.41,2324.55,1.546219178,5.4,158.5,37299.2,July,Koshi
2021,Bhojpur,36898.0,2644.0,Maize,5.479123288,10.3269863,1.765315068,79.66871233,1826.71,5257.41,2324.55,1.546219178,5.4,158.5,97558.312,April,Koshi
2021,Bhojpur,5284.0,1260.0,Millet,5.479123288,10.3269863,1.765315068,79.66871233,1826.71,5257.41,2324.55,1.546219178,5.4,158.5,6657.84,August,Koshi
2021,Bhojpur,36.0,1083.0,Buckwheat,5.479123288,10.3269863,1.765315068,79.66871233,1826.71,5257.41,2324.55,1.546219178,5.4,158.5,38.988,September,Koshi
2021,Bhojpur,414.0,1800.0,Wheat,5.479123288,10.3269863,1.765315068,79.66871233,1826.71,5257.41,2324.55,1.546219178,5.4,158.5,745.2,November,Koshi
2021,Bhojpur,10.0,1500.0,Barley,5.479123288,10.3269863,1.765315068,79.66871233,1826.71,5257.41,2324.55,1.546219178,5.4,158.5,15.0,November,Koshi
2021,Chitwan,27403.0,3815.0,Rice,24.05547945,29.27687671,19.86950685,64.90271233,2621.42,5906.7,2742.51,1.399178082,6.1,5503.65,104542.445,July,Bagmati
2021,Chitwan,28055.0,3751.0,Maize,24.05547945,29.27687671,19.86950685,64.90271233,2621.42,5906.7,2742.51,1.399178082,6.1,5503.65,105234.305,April,Bagmati
2021,Chitwan,1478.0,1145.0,Millet,24.05547945,29.27687671,19.86950685,64.90271233,2621.42,5906.7,2742.51,1.399178082,6.1,5503.65,1692.31,August,Bagmati
2021,Chitwan,1300.0,1072.0,Buckwheat,24.05547945,29.27687671,19.86950685,64.90271233,2621.42,5906.7,2742.51,1.399178082,6.1,5503.65,1393.6,September,Bagmati
2021,Chitwan,5151.0,4513.0,Wheat,24.05547945,29.27687671,19.86950685,64.90271233,2621.42,5906.7,2742.51,1.399178082,6.1,5503.65,23246.463,November,Bagmati
2021,Chitwan,15.0,1867.0,Barley,24.05547945,29.27687671,19.86950685,64.90271233,2621.42,5906.7,2742.51,1.399178082,6.1,5503.65,28.005,November,Bagmati
2021,Dadeldhura,5799.0,3070.0,Rice,15.95424658,21.73758904,11.32410959,58.27106849,1242.02,6519.87,2861.83,1.422027397,5.9,51.75,17802.93,July,Sudurpashchim
2021,Dadeldhura,3810.0,3000.0,Maize,15.95424658,21.73758904,11.32410959,58.27106849,1242.02,6519.87,2861.83,1.422027397,5.9,51.75,11430.0,April,Sudurpashchim
2021,Dadeldhura,572.0,1131.0,Millet,15.95424658,21.73758904,11.32410959,58.27106849,1242.02,6519.87,2861.83,1.422027397,5.9,51.75,646.932,August,Sudurpashchim
2021,Dadeldhura,34.0,1324.0,Buckwheat,15.95424658,21.73758904,11.32410959,58.27106849,1242.02,6519.87,2861.83,1.422027397,5.9,51.75,45.016,September,Sudurpashchim
2021,Dadeldhura,8744.0,2734.0,Wheat,15.95424658,21.73758904,11.32410959,58.27106849,1242.02,6519.87,2861.83,1.422027397,5.9,51.75,23906.096,November,Sudurpashchim
2021,Dadeldhura,205.0,1732.0,Barley,15.95424658,21.73758904,11.32410959,58.27106849,1242.02,6519.87,2861.83,1.422027397,5.9,51.75,355.06,November,Sudurpashchim
2021,Dailekh,7987.0,3021.0,Rice,12.59443836,18.03605479,8.18060274,66.42375342,1509.75,5817.06,2560.07,1.493671233,5.9,263.35,24128.727,July,Karnali
2021,Dailekh,18680.0,2991.0,Maize,12.59443836,18.03605479,8.18060274,66.42375342,1509.75,5817.06,2560.07,1.493671233,5.9,263.35,55871.88,April,Karnali
2021,Dailekh,2760.0,1116.0,Millet,12.59443836,18.03605479,8.18060274,66.42375342,1509.75,5817.06,2560.07,1.493671233,5.9,263.35,3080.16,August,Karnali
2021,Dailekh,32.0,1000.0,Buckwheat,12.59443836,18.03605479,8.18060274,66.42375342,1509.75,5817.06,2560.07,1.493671233,5.9,263.35,32.0,September,Karnali
2021,Dailekh,13710.0,2465.0,Wheat,12.59443836,18.03605479,8.18060274,66.42375342,1509.75,5817.06,2560.07,1.493671233,5.9,263.35,33795.15,November,Karnali
2021,Dailekh,185.0,1146.0,Barley,12.59443836,18.03605479,8.18060274,66.42375342,1509.75,5817.06,2560.07,1.493671233,5.9,263.35,212.01,November,Karnali
2021,Dang,35114.0,3699.0,Rice,21.714,26.99726027,17.54926027,61.55471233,1873.79,5853.37,2530.94,1.836493151,5.8,6746.8,129886.686,July,Lumbini
2021,Dang,24900.0,3126.0,Maize,21.714,26.99726027,17.54926027,61.55471233,1873.79,5853.37,2530.94,1.836493151,5.8,6746.8,77837.4,April,Lumbini
2021,Dang,14.0,1071.0,Millet,21.714,26.99726027,17.54926027,61.55471233,1873.79,5853.37,2530.94,1.836493151,5.8,6746.8,14.994,August,Lumbini
2021,Dang,57.0,1105.0,Buckwheat,21.714,26.99726027,17.54926027,61.55471233,1873.79,5853.37,2530.94,1.836493151,5.8,6746.8,62.985,September,Lumbini
2021,Dang,12690.0,3128.0,Wheat,21.714,26.99726027,17.54926027,61.55471233,1873.79,5853.37,2530.94,1.836493151,5.8,6746.8,39694.32,November,Lumbini
2021,Dang,23.0,1217.0,Barley,21.714,26.99726027,17.54926027,61.55471233,1873.79,5853.37,2530.94,1.836493151,5.8,6746.8,27.991,November,Lumbini
2021,Darchula,3494.0,2700.0,Rice,6.174109589,12.19630137,1.155917808,63.68430137,876.71,6519.87,2861.83,1.717479452,6.0,50.25,9433.8,July,Sudurpashchim
2021,Darchula,5530.0,2785.0,Maize,6.174109589,12.19630137,1.155917808,63.68430137,876.71,6519.87,2861.83,1.717479452,6.0,50.25,15401.05,April,Sudurpashchim
2021,Darchula,1263.0,1258.0,Millet,6.174109589,12.19630137,1.155917808,63.68430137,876.71,6519.87,2861.83,1.717479452,6.0,50.25,1588.854,August,Sudurpashchim
2021,Darchula,109.0,1037.0,Buckwheat,6.174109589,12.19630137,1.155917808,63.68430137,876.71,6519.87,2861.83,1.717479452,6.0,50.25,113.033,September,Sudurpashchim
2021,Darchula,5962.0,1620.0,Wheat,6.174109589,12.19630137,1.155917808,63.68430137,876.71,6519.87,2861.83,1.717479452,6.0,50.25,9658.44,November,Sudurpashchim
2021,Darchula,1087.0,1470.0,Barley,6.174109589,12.19630137,1.155917808,63.68430137,876.71,6519.87,2861.83,1.717479452,6.0,50.25,1597.89,November,Sudurpashchim
2021,Dhading,13632.0,4037.0,Rice,15.1129863,19.8399726,11.45093151,68.68030137,1924.01,5906.7,2742.51,1.470410959,5.5,3663.8,55032.384,July,Bagmati
2021,Dhading,19776.0,2315.0,Maize,15.1129863,19.8399726,11.45093151,68.68030137,1924.01,5906.7,2742.51,1.470410959,5.5,3663.8,45781.44,April,Bagmati
2021,Dhading,6940.0,1073.0,Millet,15.1129863,19.8399726,11.45093151,68.68030137,1924.01,5906.7,2742.51,1.470410959,5.5,3663.8,7446.62,August,Bagmati
2021,Dhading,114.0,1044.0,Buckwheat,15.1129863,19.8399726,11.45093151,68.68030137,1924.01,5906.7,2742.51,1.470410959,5.5,3663.8,119.016,September,Bagmati
2021,Dhading,4748.0,3264.0,Wheat,15.1129863,19.8399726,11.45093151,68.68030137,1924.01,5906.7,2742.51,1.470410959,5.5,3663.8,15497.472,November,Bagmati
2021,Dhading,301.0,1279.0,Barley,15.1129863,19.8399726,11.45093151,68.68030137,1924.01,5906.7,2742.51,1.470410959,5.5,3663.8,384.979,November,Bagmati
2021,Dhankuta,6362.0,3871.0,Rice,19.92616438,24.60810959,16.29536986,70.74926027,1724.29,5502.23,2446.66,1.509041096,5.8,952.85,24627.302,July,Koshi
2021,Dhankuta,13467.0,3350.0,Maize,19.92616438,24.60810959,16.29536986,70.74926027,1724.29,5502.23,2446.66,1.509041096,5.8,952.85,45114.45,April,Koshi
2021,Dhankuta,7230.0,1211.0,Millet,19.92616438,24.60810959,16.29536986,70.74926027,1724.29,5502.23,2446.66,1.509041096,5.8,952.85,8755.53,August,Koshi
2021,Dhankuta,5.0,1600.0,Buckwheat,19.92616438,24.60810959,16.29536986,70.74926027,1724.29,5502.23,2446.66,1.509041096,5.8,952.85,8.0,September,Koshi
2021,Dhankuta,1302.0,2099.0,Wheat,19.92616438,24.60810959,16.29536986,70.74926027,1724.29,5502.23,2446.66,1.509041096,5.8,952.85,2732.898,November,Koshi
2021,Dhankuta,0.0,0.0,Barley,19.92616438,24.60810959,16.29536986,70.74926027,1724.29,5502.23,2446.66,1.509041096,5.8,952.85,0.0,November,Koshi
2021,Dhanusha,55806.0,3208.0,Rice,22.26216438,27.28632877,18.42857534,66.4989863,1596.92,5600.75,2496.85,1.671013699,6.6,8727.1,179025.648,July,Madhesh
2021,Dhanusha,3476.0,3263.0,Maize,22.26216438,27.28632877,18.42857534,66.4989863,1596.92,5600.75,2496.85,1.671013699,6.6,8727.1,11342.188,April,Madhesh
2021,Dhanusha,176.0,1023.0,Millet,22.26216438,27.28632877,18.42857534,66.4989863,1596.92,5600.75,2496.85,1.671013699,6.6,8727.1,180.048,August,Madhesh
2021,Dhanusha,0.0,0.0,Buckwheat,22.26216438,27.28632877,18.42857534,66.4989863,1596.92,5600.75,2496.85,1.671013699,6.6,8727.1,0.0,September,Madhesh
2021,Dhanusha,37788.0,3345.0,Wheat,22.26216438,27.28632877,18.42857534,66.4989863,1596.92,5600.75,2496.85,1.671013699,6.6,8727.1,126400.86,November,Madhesh
2021,Dhanusha,1.0,2000.0,Barley,22.26216438,27.28632877,18.42857534,66.4989863,1596.92,5600.75,2496.85,1.671013699,6.6,8727.1,2.0,November,Madhesh
2021,Dolakha,2872.0,2470.0,Rice,2.259041096,7.629972603,-1.909945205,72.42,879.62,5582.54,2520.54,2.088465753,6.5,1047.15,7093.84,July,Bagmati
2021,Dolakha,6171.0,3590.0,Maize,2.259041096,7.629972603,-1.909945205,72.42,879.62,5582.54,2520.54,2.088465753,6.5,1047.15,22153.89,April,Bagmati
2021,Dolakha,3659.0,1327.0,Millet,2.259041096,7.629972603,-1.909945205,72.42,879.62,5582.54,2520.54,2.088465753,6.5,1047.15,4855.493,August,Bagmati
2021,Dolakha,1057.0,1097.0,Buckwheat,2.259041096,7.629972603,-1.909945205,72.42,879.62,5582.54,2520.54,2.088465753,6.5,1047.15,1159.529,September,Bagmati
2021,Dolakha,4246.0,1770.0,Wheat,2.259041096,7.629972603,-1.909945205,72.42,879.62,5582.54,2520.54,2.088465753,6.5,1047.15,7515.42,November,Bagmati
2021,Dolakha,136.0,1213.0,Barley,2.259041096,7.629972603,-1.909945205,72.42,879.62,5582.54,2520.54,2.088465753,6.5,1047.15,164.968,November,Bagmati
2021,Dolpa,198.0,1758.0,Rice,-0.636054795,5.159534247,-5.399315068,68.47824658,1757.84,5853.37,2530.94,1.880520548,6.6,0.0,348.084,July,Karnali
2021,Dolpa,2204.0,1270.0,Maize,-0.636054795,5.159534247,-5.399315068,68.47824658,1757.84,5853.37,2530.94,1.880520548,6.6,0.0,2799.08,April,Karnali
2021,Dolpa,280.0,1107.0,Millet,-0.636054795,5.159534247,-5.399315068,68.47824658,1757.84,5853.37,2530.94,1.880520548,6.6,0.0,309.96,August,Karnali
2021,Dolpa,986.0,870.0,Buckwheat,-0.636054795,5.159534247,-5.399315068,68.47824658,1757.84,5853.37,2530.94,1.880520548,6.6,0.0,857.82,September,Karnali
2021,Dolpa,2805.0,1430.0,Wheat,-0.636054795,5.159534247,-5.399315068,68.47824658,1757.84,5853.37,2530.94,1.880520548,6.6,0.0,4011.15,November,Karnali
2021,Dolpa,334.0,1033.0,Barley,-0.636054795,5.159534247,-5.399315068,68.47824658,1757.84,5853.37,2530.94,1.880520548,6.6,0.0,345.022,November,Karnali
2021,Doti,9633.0,2326.0,Rice,15.95424658,21.73758904,11.32410959,58.27106849,1242.02,6519.87,2861.83,1.422027397,5.9,90.5,22406.358,July,Sudurpashchim
2021,Doti,3998.0,3011.0,Maize,15.95424658,21.73758904,11.32410959,58.27106849,1242.02,6519.87,2861.83,1.422027397,5.9,90.5,12037.978,April,Sudurpashchim
2021,Doti,4570.0,1276.0,Millet,15.95424658,21.73758904,11.32410959,58.27106849,1242.02,6519.87,2861.83,1.422027397,5.9,90.5,5831.32,August,Sudurpashchim
2021,Doti,14.0,1000.0,Buckwheat,15.95424658,21.73758904,11.32410959,58.27106849,1242.02,6519.87,2861.83,1.422027397,5.9,90.5,14.0,September,Sudurpashchim
2021,Doti,14302.0,1969.0,Wheat,15.95424658,21.73758904,11.32410959,58.27106849,1242.02,6519.87,2861.83,1.422027397,5.9,90.5,28160.638,November,Sudurpashchim
2021,Doti,240.0,1338.0,Barley,15.95424658,21.73758904,11.32410959,58.27106849,1242.02,6519.87,2861.83,1.422027397,5.9,90.5,321.12,November,Sudurpashchim
2021,Gorkha,12586.0,3834.0,Rice,15.1129863,19.8399726,11.45093151,68.68030137,1924.01,5906.7,2742.51,1.470410959,5.5,412.15,48254.724,July,Gandaki
2021,Gorkha,18935.0,2450.0,Maize,15.1129863,19.8399726,11.45093151,68.68030137,1924.01,5906.7,2742.51,1.470410959,5.5,412.15,46390.75,April,Gandaki
2021,Gorkha,12180.0,1217.0,Millet,15.1129863,19.8399726,11.45093151,68.68030137,1924.01,5906.7,2742.51,1.470410959,5.5,412.15,14823.06,August,Gandaki
2021,Gorkha,332.0,1422.0,Buckwheat,15.1129863,19.8399726,11.45093151,68.68030137,1924.01,5906.7,2742.51,1.470410959,5.5,412.15,472.104,September,Gandaki
2021,Gorkha,3910.0,2362.0,Wheat,15.1129863,19.8399726,11.45093151,68.68030137,1924.01,5906.7,2742.51,1.470410959,5.5,412.15,9235.42,November,Gandaki
2021,Gorkha,110.0,1282.0,Barley,15.1129863,19.8399726,11.45093151,68.68030137,1924.01,5906.7,2742.51,1.470410959,5.5,412.15,141.02,November,Gandaki
2021,Gulmi,8190.0,3043.0,Rice,19.77909589,24.73473973,16.02509589,63.00569863,2484.0,5944.12,2767.87,1.690438356,6.1,323.65,24922.17,July,Lumbini
2021,Gulmi,22445.0,3042.0,Maize,19.77909589,24.73473973,16.02509589,63.00569863,2484.0,5944.12,2767.87,1.690438356,6.1,323.65,68277.69,April,Lumbini
2021,Gulmi,2927.0,1304.0,Millet,19.77909589,24.73473973,16.02509589,63.00569863,2484.0,5944.12,2767.87,1.690438356,6.1,323.65,3816.808,August,Lumbini
2021,Gulmi,275.0,1865.0,Buckwheat,19.77909589,24.73473973,16.02509589,63.00569863,2484.0,5944.12,2767.87,1.690438356,6.1,323.65,512.875,September,Lumbini
2021,Gulmi,6517.0,2975.0,Wheat,19.77909589,24.73473973,16.02509589,63.00569863,2484.0,5944.12,2767.87,1.690438356,6.1,323.65,19388.075,November,Lumbini
2021,Gulmi,426.0,829.0,Barley,19.77909589,24.73473973,16.02509589,63.00569863,2484.0,5944.12,2767.87,1.690438356,6.1,323.65,353.154,November,Lumbini
2021,Humla,567.0,1503.0,Rice,-0.063671233,6.154986301,-5.285287671,70.05758904,717.76,6917.79,2898.09,1.96109589,6.5,0.0,852.201,July,Karnali
2021,Humla,219.0,1151.0,Maize,-0.063671233,6.154986301,-5.285287671,70.05758904,717.76,6917.79,2898.09,1.96109589,6.5,0.0,252.069,April,Karnali
2021,Humla,1308.0,1229.0,Millet,-0.063671233,6.154986301,-5.285287671,70.05758904,717.76,6917.79,2898.09,1.96109589,6.5,0.0,1607.532,August,Karnali
2021,Humla,911.0,1054.0,Buckwheat,-0.063671233,6.154986301,-5.285287671,70.05758904,717.76,6917.79,2898.09,1.96109589,6.5,0.0,960.194,September,Karnali
2021,Humla,1172.0,1302.0,Wheat,-0.063671233,6.154986301,-5.285287671,70.05758904,717.76,6917.79,2898.09,1.96109589,6.5,0.0,1525.944,November,Karnali
2021,Humla,642.0,1263.0,Barley,-0.063671233,6.154986301,-5.285287671,70.05758904,717.76,6917.79,2898.09,1.96109589,6.5,0.0,810.846,November,Karnali
2021,Illam,11999.0,3479.0,Rice,18.32230137,22.98213699,14.86323288,72.61347945,2364.3,5257.41,2324.55,1.244547945,5.5,588.8,41744.521,July,Unknown
2021,Illam,33915.0,3883.0,Maize,18.32230137,22.98213699,14.86323288,72.61347945,2364.3,5257.41,2324.55,1.244547945,5.5,588.8,131691.945,April,Unknown
2021,Illam,1600.0,1578.0,Millet,18.32230137,22.98213699,14.86323288,72.61347945,2364.3,5257.41,2324.55,1.244547945,5.5,588.8,2524.8,August,Unknown
2021,Illam,25.0,1640.0,Buckwheat,18.32230137,22.98213699,14.86323288,72.61347945,2364.3,5257.41,2324.55,1.244547945,5.5,588.8,41.0,September,Unknown
2021,Illam,4580.0,2550.0,Wheat,18.32230137,22.98213699,14.86323288,72.61347945,2364.3,5257.41,2324.55,1.244547945,5.5,588.8,11679.0,November,Unknown
2021,Illam,49.0,1204.0,Barley,18.32230137,22.98213699,14.86323288,72.61347945,2364.3,5257.41,2324.55,1.244547945,5.5,588.8,58.996,November,Unknown
2021,Jajarkot,2651.0,3507.0,Rice,21.714,26.99726027,17.54926027,61.55471233,1873.79,5853.37,2530.94,1.836493151,6.2,121.2,9297.057,July,Karnali
2021,Jajarkot,10500.0,3300.0,Maize,21.714,26.99726027,17.54926027,61.55471233,1873.79,5853.37,2530.94,1.836493151,6.2,121.2,34650.0,April,Karnali
2021,Jajarkot,1833.0,1302.0,Millet,21.714,26.99726027,17.54926027,61.55471233,1873.79,5853.37,2530.94,1.836493151,6.2,121.2,2386.566,August,Karnali
2021,Jajarkot,35.0,1257.0,Buckwheat,21.714,26.99726027,17.54926027,61.55471233,1873.79,5853.37,2530.94,1.836493151,6.2,121.2,43.995,September,Karnali
2021,Jajarkot,10432.0,2500.0,Wheat,21.714,26.99726027,17.54926027,61.55471233,1873.79,5853.37,2530.94,1.836493151,6.2,121.2,26080.0,November,Karnali
2021,Jajarkot,595.0,1318.0,Barley,21.714,26.99726027,17.54926027,61.55471233,1873.79,5853.37,2530.94,1.836493151,6.2,121.2,784.21,November,Karnali
2021,Jhapa,92915.0,4378.0,Rice,23.97449315,28.84158904,20.09556164,70.25479452,2460.1,5502.23,2446.66,1.607945205,5.7,9321.05,406781.87,July,Koshi
2021,Jhapa,41059.0,3960.0,Maize,23.97449315,28.84158904,20.09556164,70.25479452,2460.1,5502.23,2446.66,1.607945205,5.7,9321.05,162593.64,April,Koshi
2021,Jhapa,1000.0,1300.0,Millet,23.97449315,28.84158904,20.09556164,70.25479452,2460.1,5502.23,2446.66,1.607945205,5.7,9321.05,1300.0,August,Koshi
2021,Jhapa,1850.0,1743.0,Buckwheat,23.97449315,28.84158904,20.09556164,70.25479452,2460.1,5502.23,2446.66,1.607945205,5.7,9321.05,3224.55,September,Koshi
2021,Jhapa,5000.0,2701.0,Wheat,23.97449315,28.84158904,20.09556164,70.25479452,2460.1,5502.23,2446.66,1.607945205,5.7,9321.05,13505.0,November,Koshi
2021,Jhapa,4.0,1750.0,Barley,23.97449315,28.84158904,20.09556164,70.25479452,2460.1,5502.23,2446.66,1.607945205,5.7,9321.05,7.0,November,Koshi
2021,Jumla,2821.0,1533.0,Rice,9.29230137,15.52684932,4.349506849,64.32772603,950.31,6420.33,2711.97,1.594136986,6.5,0.0,4324.593,July,Karnali
2021,Jumla,4200.0,1600.0,Maize,9.29230137,15.52684932,4.349506849,64.32772603,950.31,6420.33,2711.97,1.594136986,6.5,0.0,6720.0,April,Karnali
2021,Jumla,3737.0,1389.0,Millet,9.29230137,15.52684932,4.349506849,64.32772603,950.31,6420.33,2711.97,1.594136986,6.5,0.0,5190.693,August,Karnali
2021,Jumla,243.0,1173.0,Buckwheat,9.29230137,15.52684932,4.349506849,64.32772603,950.31,6420.33,2711.97,1.594136986,6.5,0.0,285.039,September,Karnali
2021,Jumla,2355.0,2246.0,Wheat,9.29230137,15.52684932,4.349506849,64.32772603,950.31,6420.33,2711.97,1.594136986,6.5,0.0,5289.33,November,Karnali
2021,Jumla,3003.0,1537.0,Barley,9.29230137,15.52684932,4.349506849,64.32772603,950.31,6420.33,2711.97,1.594136986,6.5,0.0,4615.611,November,Karnali
2021,Kailali,72377.0,2513.0,Rice,24.73575342,30.75230137,19.83517808,57.79175342,1524.97,5951.24,2644.57,1.511780822,6.6,10663.0,181883.401,July,Sudurpashchim
2021,Kailali,6130.0,3473.0,Maize,24.73575342,30.75230137,19.83517808,57.79175342,1524.97,5951.24,2644.57,1.511780822,6.6,10663.0,21289.49,April,Sudurpashchim
2021,Kailali,356.0,1135.0,Millet,24.73575342,30.75230137,19.83517808,57.79175342,1524.97,5951.24,2644.57,1.511780822,6.6,10663.0,404.06,August,Sudurpashchim
2021,Kailali,27.0,1259.0,Buckwheat,24.73575342,30.75230137,19.83517808,57.79175342,1524.97,5951.24,2644.57,1.511780822,6.6,10663.0,33.993,September,Sudurpashchim
2021,Kailali,34944.0,3584.0,Wheat,24.73575342,30.75230137,19.83517808,57.79175342,1524.97,5951.24,2644.57,1.511780822,6.6,10663.0,125239.296,November,Sudurpashchim
2021,Kailali,410.0,1144.0,Barley,24.73575342,30.75230137,19.83517808,57.79175342,1524.97,5951.24,2644.57,1.511780822,6.6,10663.0,469.04,November,Sudurpashchim
2021,Kalikot,2454.0,2227.0,Rice,12.59443836,18.03605479,8.18060274,66.42375342,1509.75,6099.88,2643.1,1.493671233,6.2,1.1,5465.058,July,Karnali
2021,Kalikot,3036.0,2811.0,Maize,12.59443836,18.03605479,8.18060274,66.42375342,1509.75,6099.88,2643.1,1.493671233,6.2,1.1,8534.196,April,Karnali
2021,Kalikot,1241.0,1339.0,Millet,12.59443836,18.03605479,8.18060274,66.42375342,1509.75,6099.88,2643.1,1.493671233,6.2,1.1,1661.699,August,Karnali
2021,Kalikot,139.0,1144.0,Buckwheat,12.59443836,18.03605479,8.18060274,66.42375342,1509.75,6099.88,2643.1,1.493671233,6.2,1.1,159.016,September,Karnali
2021,Kalikot,5508.0,1555.0,Wheat,12.59443836,18.03605479,8.18060274,66.42375342,1509.75,6099.88,2643.1,1.493671233,6.2,1.1,8564.94,November,Karnali
2021,Kalikot,647.0,1193.0,Barley,12.59443836,18.03605479,8.18060274,66.42375342,1509.75,6099.88,2643.1,1.493671233,6.2,1.1,771.871,November,Karnali
2021,Kanchanpur,48745.0,2718.0,Rice,21.52926027,27.70430137,16.75057534,57.30186301,1503.82,5948.0,2642.77,0.972438356,6.2,4443.9,132488.91,July,Sudurpashchim
2021,Kanchanpur,3250.0,3549.0,Maize,21.52926027,27.70430137,16.75057534,57.30186301,1503.82,5948.0,2642.77,0.972438356,6.2,4443.9,11534.25,April,Sudurpashchim
2021,Kanchanpur,0.0,0.0,Millet,21.52926027,27.70430137,16.75057534,57.30186301,1503.82,5948.0,2642.77,0.972438356,6.2,4443.9,0.0,August,Sudurpashchim
2021,Kanchanpur,0.0,0.0,Buckwheat,21.52926027,27.70430137,16.75057534,57.30186301,1503.82,5948.0,2642.77,0.972438356,6.2,4443.9,0.0,September,Sudurpashchim
2021,Kanchanpur,31355.0,3253.0,Wheat,21.52926027,27.70430137,16.75057534,57.30186301,1503.82,5948.0,2642.77,0.972438356,6.2,4443.9,101997.815,November,Sudurpashchim
2021,Kanchanpur,133.0,1744.0,Barley,21.52926027,27.70430137,16.75057534,57.30186301,1503.82,5948.0,2642.77,0.972438356,6.2,4443.9,231.952,November,Sudurpashchim
2021,Kapilbastu,66261.0,3192.0,Rice,24.77772603,30.37534247,20.24446575,61.68989041,2305.27,5944.12,2767.87,1.854109589,6.9,6947.9,211505.112,July,Lumbini
2021,Kapilbastu,1334.0,3337.0,Maize,24.77772603,30.37534247,20.24446575,61.68989041,2305.27,5944.12,2767.87,1.854109589,6.9,6947.9,4451.558,April,Lumbini
2021,Kapilbastu,0.0,0.0,Millet,24.77772603,30.37534247,20.24446575,61.68989041,2305.27,5944.12,2767.87,1.854109589,6.9,6947.9,0.0,August,Lumbini
2021,Kapilbastu,18.0,944.0,Buckwheat,24.77772603,30.37534247,20.24446575,61.68989041,2305.27,5944.12,2767.87,1.854109589,6.9,6947.9,16.992,September,Lumbini
2021,Kapilbastu,26292.0,3734.0,Wheat,24.77772603,30.37534247,20.24446575,61.68989041,2305.27,5944.12,2767.87,1.854109589,6.9,6947.9,98174.328,November,Lumbini
2021,Kapilbastu,330.0,567.0,Barley,24.77772603,30.37534247,20.24446575,61.68989041,2305.27,5944.12,2767.87,1.854109589,6.9,6947.9,187.11,November,Lumbini
2021,Kaski,20055.0,2968.0,Rice,5.356575342,10.166,1.430630137,73.67879452,2472.84,5632.3,2513.79,1.589561644,6.7,1676.5,59523.24,July,Gandaki
2021,Kaski,13583.0,2888.0,Maize,5.356575342,10.166,1.430630137,73.67879452,2472.84,5632.3,2513.79,1.589561644,6.7,1676.5,39227.704,April,Gandaki
2021,Kaski,13604.0,1548.0,Millet,5.356575342,10.166,1.430630137,73.67879452,2472.84,5632.3,2513.79,1.589561644,6.7,1676.5,21058.992,August,Gandaki
2021,Kaski,15.0,1133.0,Buckwheat,5.356575342,10.166,1.430630137,73.67879452,2472.84,5632.3,2513.79,1.589561644,6.7,1676.5,16.995,September,Gandaki
2021,Kaski,6820.0,2522.0,Wheat,5.356575342,10.166,1.430630137,73.67879452,2472.84,5632.3,2513.79,1.589561644,6.7,1676.5,17200.04,November,Gandaki
2021,Kaski,8.0,1000.0,Barley,5.356575342,10.166,1.430630137,73.67879452,2472.84,5632.3,2513.79,1.589561644,6.7,1676.5,8.0,November,Gandaki
2021,Kathmandu,5955.0,4450.0,Rice,19.04983562,23.75931507,15.57358904,67.60767123,1561.96,5883.92,2627.24,1.469315068,6.5,1704.55,26499.75,July,Bagmati
2021,Kathmandu,6897.0,4313.0,Maize,19.04983562,23.75931507,15.57358904,67.60767123,1561.96,5883.92,2627.24,1.469315068,6.5,1704.55,29746.761,April,Bagmati
2021,Kathmandu,770.0,1688.0,Millet,19.04983562,23.75931507,15.57358904,67.60767123,1561.96,5883.92,2627.24,1.469315068,6.5,1704.55,1299.76,August,Bagmati
2021,Kathmandu,7.0,1000.0,Buckwheat,19.04983562,23.75931507,15.57358904,67.60767123,1561.96,5883.92,2627.24,1.469315068,6.5,1704.55,7.0,September,Bagmati
2021,Kathmandu,3200.0,3492.0,Wheat,19.04983562,23.75931507,15.57358904,67.60767123,1561.96,5883.92,2627.24,1.469315068,6.5,1704.55,11174.4,November,Bagmati
2021,Kathmandu,2.0,2000.0,Barley,19.04983562,23.75931507,15.57358904,67.60767123,1561.96,5883.92,2627.24,1.469315068,6.5,1704.55,4.0,November,Bagmati
2021,Kavre,10861.0,3499.0,Rice,19.04983562,23.75931507,15.57358904,67.60767123,1561.96,5883.92,2627.24,1.469315068,5.7,4803.938,38002.639,July,Unknown
2021,Kavre,26010.0,3404.0,Maize,19.04983562,23.75931507,15.57358904,67.60767123,1561.96,5883.92,2627.24,1.469315068,5.7,4803.938,88538.04,April,Unknown
2021,Kavre,3505.0,1292.0,Millet,19.04983562,23.75931507,15.57358904,67.60767123,1561.96,5883.92,2627.24,1.469315068,5.7,4803.938,4528.46,August,Unknown
2021,Kavre,548.0,1089.0,Buckwheat,19.04983562,23.75931507,15.57358904,67.60767123,1561.96,5883.92,2627.24,1.469315068,5.7,4803.938,596.772,September,Unknown
2021,Kavre,8860.0,3239.0,Wheat,19.04983562,23.75931507,15.57358904,67.60767123,1561.96,5883.92,2627.24,1.469315068,5.7,4803.938,28697.54,November,Unknown
2021,Kavre,378.0,1741.0,Barley,19.04983562,23.75931507,15.57358904,67.60767123,1561.96,5883.92,2627.24,1.469315068,5.7,4803.938,658.098,November,Unknown
2021,Khotang,12267.0,2610.0,Rice,13.80361644,18.65290411,10.14690411,69.47843836,1279.36,5582.54,2520.54,1.583780822,5.5,51.0,32016.87,July,Koshi
2021,Khotang,35845.0,2736.0,Maize,13.80361644,18.65290411,10.14690411,69.47843836,1279.36,5582.54,2520.54,1.583780822,5.5,51.0,98071.92,April,Koshi
2021,Khotang,22315.0,1403.0,Millet,13.80361644,18.65290411,10.14690411,69.47843836,1279.36,5582.54,2520.54,1.583780822,5.5,51.0,31307.945,August,Koshi
2021,Khotang,622.0,1180.0,Buckwheat,13.80361644,18.65290411,10.14690411,69.47843836,1279.36,5582.54,2520.54,1.583780822,5.5,51.0,733.96,September,Koshi
2021,Khotang,3530.0,1850.0,Wheat,13.80361644,18.65290411,10.14690411,69.47843836,1279.36,5582.54,2520.54,1.583780822,5.5,51.0,6530.5,November,Koshi
2021,Khotang,341.0,1531.0,Barley,13.80361644,18.65290411,10.14690411,69.47843836,1279.36,5582.54,2520.54,1.583780822,5.5,51.0,522.071,November,Koshi
2021,Lalitpur,4169.0,4450.0,Rice,19.04983562,23.75931507,15.57358904,67.60767123,1561.96,5883.92,2627.24,1.469315068,6.9,915.7,18552.05,July,Bagmati
2021,Lalitpur,8573.0,3926.0,Maize,19.04983562,23.75931507,15.57358904,67.60767123,1561.96,5883.92,2627.24,1.469315068,6.9,915.7,33657.598,April,Bagmati
2021,Lalitpur,600.0,1340.0,Millet,19.04983562,23.75931507,15.57358904,67.60767123,1561.96,5883.92,2627.24,1.469315068,6.9,915.7,804.0,August,Bagmati
2021,Lalitpur,57.0,1018.0,Buckwheat,19.04983562,23.75931507,15.57358904,67.60767123,1561.96,5883.92,2627.24,1.469315068,6.9,915.7,58.026,September,Bagmati
2021,Lalitpur,3485.0,3403.0,Wheat,19.04983562,23.75931507,15.57358904,67.60767123,1561.96,5883.92,2627.24,1.469315068,6.9,915.7,11859.455,November,Bagmati
2021,Lalitpur,38.0,1447.0,Barley,19.04983562,23.75931507,15.57358904,67.60767123,1561.96,5883.92,2627.24,1.469315068,6.9,915.7,54.986,November,Bagmati
2021,Lamjung,14598.0,3184.0,Rice,5.356575342,10.166,1.430630137,73.67879452,2472.84,5632.3,2513.79,1.589561644,5.4,452.05,46480.032,July,Gandaki
2021,Lamjung,19255.0,2501.0,Maize,5.356575342,10.166,1.430630137,73.67879452,2472.84,5632.3,2513.79,1.589561644,5.4,452.05,48156.755,April,Gandaki
2021,Lamjung,7793.0,1216.0,Millet,5.356575342,10.166,1.430630137,73.67879452,2472.84,5632.3,2513.79,1.589561644,5.4,452.05,9476.288,August,Gandaki
2021,Lamjung,19.0,947.0,Buckwheat,5.356575342,10.166,1.430630137,73.67879452,2472.84,5632.3,2513.79,1.589561644,5.4,452.05,17.993,September,Gandaki
2021,Lamjung,368.0,2614.0,Wheat,5.356575342,10.166,1.430630137,73.67879452,2472.84,5632.3,2513.79,1.589561644,5.4,452.05,961.952,November,Gandaki
2021,Lamjung,16.0,1750.0,Barley,5.356575342,10.166,1.430630137,73.67879452,2472.84,5632.3,2513.79,1.589561644,5.4,452.05,28.0,November,Gandaki
2021,Mahottari,39436.0,3755.0,Rice,25.11808219,30.85216438,20.2869589,66.07750685,1771.24,5600.75,2496.85,1.887808219,6.8,5065.4,148082.18,July,Madhesh
2021,Mahottari,9754.0,3053.0,Maize,25.11808219,30.85216438,20.2869589,66.07750685,1771.24,5600.75,2496.85,1.887808219,6.8,5065.4,29778.962,April,Madhesh
2021,Mahottari,0.0,0.0,Millet,25.11808219,30.85216438,20.2869589,66.07750685,1771.24,5600.75,2496.85,1.887808219,6.8,5065.4,0.0,August,Madhesh
2021,Mahottari,0.0,0.0,Buckwheat,25.11808219,30.85216438,20.2869589,66.07750685,1771.24,5600.75,2496.85,1.887808219,6.8,5065.4,0.0,September,Madhesh
2021,Mahottari,29379.0,3263.0,Wheat,25.11808219,30.85216438,20.2869589,66.07750685,1771.24,5600.75,2496.85,1.887808219,6.8,5065.4,95863.677,November,Madhesh
2021,Mahottari,8.0,1125.0,Barley,25.11808219,30.85216438,20.2869589,66.07750685,1771.24,5600.75,2496.85,1.887808219,6.8,5065.4,9.0,November,Madhesh
2021,Makwanpur,12067.0,3772.0,Rice,21.82364384,26.66550685,18.15306849,66.18569863,2069.3,5906.7,2742.51,1.440630137,5.9,3207.45,45516.724,July,Bagmati
2021,Makwanpur,24113.0,3243.0,Maize,21.82364384,26.66550685,18.15306849,66.18569863,2069.3,5906.7,2742.51,1.440630137,5.9,3207.45,78198.459,April,Bagmati
2021,Makwanpur,2650.0,1260.0,Millet,21.82364384,26.66550685,18.15306849,66.18569863,2069.3,5906.7,2742.51,1.440630137,5.9,3207.45,3339.0,August,Bagmati
2021,Makwanpur,394.0,1084.0,Buckwheat,21.82364384,26.66550685,18.15306849,66.18569863,2069.3,5906.7,2742.51,1.440630137,5.9,3207.45,427.096,September,Bagmati
2021,Makwanpur,4128.0,3300.0,Wheat,21.82364384,26.66550685,18.15306849,66.18569863,2069.3,5906.7,2742.51,1.440630137,5.9,3207.45,13622.4,November,Bagmati
2021,Makwanpur,265.0,1328.0,Barley,21.82364384,26.66550685,18.15306849,66.18569863,2069.3,5906.7,2742.51,1.440630137,5.9,3207.45,351.92,November,Bagmati
2021,Manang,0.0,0.0,Rice,5.356575342,10.166,1.430630137,73.67879452,2472.84,5632.3,2513.79,1.589561644,6.3,0.0,0.0,July,Gandaki
2021,Manang,177.0,1983.0,Maize,5.356575342,10.166,1.430630137,73.67879452,2472.84,5632.3,2513.79,1.589561644,6.3,0.0,350.991,April,Gandaki
2021,Manang,0.0,0.0,Millet,5.356575342,10.166,1.430630137,73.67879452,2472.84,5632.3,2513.79,1.589561644,6.3,0.0,0.0,August,Gandaki
2021,Manang,361.0,1690.0,Buckwheat,5.356575342,10.166,1.430630137,73.67879452,2472.84,5632.3,2513.79,1.589561644,6.3,0.0,610.09,September,Gandaki
2021,Manang,213.0,2347.0,Wheat,5.356575342,10.166,1.430630137,73.67879452,2472.84,5632.3,2513.79,1.589561644,6.3,0.0,499.911,November,Gandaki
2021,Manang,111.0,1577.0,Barley,5.356575342,10.166,1.430630137,73.67879452,2472.84,5632.3,2513.79,1.589561644,6.3,0.0,175.047,November,Gandaki
2021,Morang,87746.0,4034.0,Rice,24.07789041,29.19841096,19.96569863,68.18235616,1960.96,5502.23,2446.66,1.650958904,6.8,16288.4,353967.364,July,Koshi
2021,Morang,18552.0,3709.0,Maize,24.07789041,29.19841096,19.96569863,68.18235616,1960.96,5502.23,2446.66,1.650958904,6.8,16288.4,68809.368,April,Koshi
2021,Morang,1531.0,1197.0,Millet,24.07789041,29.19841096,19.96569863,68.18235616,1960.96,5502.23,2446.66,1.650958904,6.8,16288.4,1832.607,August,Koshi
2021,Morang,245.0,1041.0,Buckwheat,24.07789041,29.19841096,19.96569863,68.18235616,1960.96,5502.23,2446.66,1.650958904,6.8,16288.4,255.045,September,Koshi
2021,Morang,11755.0,2866.0,Wheat,24.07789041,29.19841096,19.96569863,68.18235616,1960.96,5502.23,2446.66,1.650958904,6.8,16288.4,33689.83,November,Koshi
2021,Morang,0.0,0.0,Barley,24.07789041,29.19841096,19.96569863,68.18235616,1960.96,5502.23,2446.66,1.650958904,6.8,16288.4,0.0,November,Koshi
2021,Mugu,903.0,1105.0,Rice,12.59443836,18.03605479,8.18060274,66.42375342,1509.75,6099.88,2643.1,1.493671233,5.7,0.0,997.815,July,Karnali
2021,Mugu,1120.0,2098.0,Maize,12.59443836,18.03605479,8.18060274,66.42375342,1509.75,6099.88,2643.1,1.493671233,5.7,0.0,2349.76,April,Karnali
2021,Mugu,4264.0,1172.0,Millet,12.59443836,18.03605479,8.18060274,66.42375342,1509.75,6099.88,2643.1,1.493671233,5.7,0.0,4997.408,August,Karnali
2021,Mugu,677.0,941.0,Buckwheat,12.59443836,18.03605479,8.18060274,66.42375342,1509.75,6099.88,2643.1,1.493671233,5.7,0.0,637.057,September,Karnali
2021,Mugu,1795.0,1042.0,Wheat,12.59443836,18.03605479,8.18060274,66.42375342,1509.75,6099.88,2643.1,1.493671233,5.7,0.0,1870.39,November,Karnali
2021,Mugu,994.0,1212.0,Barley,12.59443836,18.03605479,8.18060274,66.42375342,1509.75,6099.88,2643.1,1.493671233,5.7,0.0,1204.728,November,Karnali
2021,Mustang,0.0,0.0,Rice,8.357890411,13.36230137,4.355835616,70.07071233,2816.85,5663.31,2459.62,1.511068493,7.3,10.0,0.0,July,Gandaki
2021,Mustang,67.0,1478.0,Maize,8.357890411,13.36230137,4.355835616,70.07071233,2816.85,5663.31,2459.62,1.511068493,7.3,10.0,99.026,April,Gandaki
2021,Mustang,0.0,0.0,Millet,8.357890411,13.36230137,4.355835616,70.07071233,2816.85,5663.31,2459.62,1.511068493,7.3,10.0,0.0,August,Gandaki
2021,Mustang,568.0,1417.0,Buckwheat,8.357890411,13.36230137,4.355835616,70.07071233,2816.85,5663.31,2459.62,1.511068493,7.3,10.0,804.856,September,Gandaki
2021,Mustang,84.0,1690.0,Wheat,8.357890411,13.36230137,4.355835616,70.07071233,2816.85,5663.31,2459.62,1.511068493,7.3,10.0,141.96,November,Gandaki
2021,Mustang,255.0,1941.0,Barley,8.357890411,13.36230137,4.355835616,70.07071233,2816.85,5663.31,2459.62,1.511068493,7.3,10.0,494.955,November,Gandaki
2021,Myagdi,3884.0,3439.0,Rice,8.357890411,13.36230137,4.355835616,70.07071233,2816.85,5663.31,2459.62,1.511068493,5.8,218.2,13357.076,July,Gandaki
2021,Myagdi,9435.0,3413.0,Maize,8.357890411,13.36230137,4.355835616,70.07071233,2816.85,5663.31,2459.62,1.511068493,5.8,218.2,32201.655,April,Gandaki
2021,Myagdi,259.0,1127.0,Millet,8.357890411,13.36230137,4.355835616,70.07071233,2816.85,5663.31,2459.62,1.511068493,5.8,218.2,291.893,August,Gandaki
2021,Myagdi,99.0,990.0,Buckwheat,8.357890411,13.36230137,4.355835616,70.07071233,2816.85,5663.31,2459.62,1.511068493,5.8,218.2,98.01,September,Gandaki
2021,Myagdi,2530.0,2479.0,Wheat,8.357890411,13.36230137,4.355835616,70.07071233,2816.85,5663.31,2459.62,1.511068493,5.8,218.2,6271.87,November,Gandaki
2021,Myagdi,205.0,1088.0,Barley,8.357890411,13.36230137,4.355835616,70.07071233,2816.85,5663.31,2459.62,1.511068493,5.8,218.2,223.04,November,Gandaki
2021,Nawalparasi,39155.0,7748.0,Rice,24.43939726,29.8559726,20.03471233,63.83391781,2701.92,5944.12,2767.87,1.599178082,5.9,8757.35,303372.94,July,Unknown
2021,Nawalparasi,9567.0,6503.0,Maize,24.43939726,29.8559726,20.03471233,63.83391781,2701.92,5944.12,2767.87,1.599178082,5.9,8757.35,62214.201,April,Unknown
2021,Nawalparasi,18684.0,2304.0,Millet,24.43939726,29.8559726,20.03471233,63.83391781,2701.92,5944.12,2767.87,1.599178082,5.9,8757.35,43047.936,August,Unknown
2021,Nawalparasi,104.0,2596.0,Buckwheat,24.43939726,29.8559726,20.03471233,63.83391781,2701.92,5944.12,2767.87,1.599178082,5.9,8757.35,269.984,September,Unknown
2021,Nawalparasi,15243.0,5672.0,Wheat,24.43939726,29.8559726,20.03471233,63.83391781,2701.92,5944.12,2767.87,1.599178082,5.9,8757.35,86458.296,November,Unknown
2021,Nawalparasi,95.0,2533.0,Barley,24.43939726,29.8559726,20.03471233,63.83391781,2701.92,5944.12,2767.87,1.599178082,5.9,8757.35,240.635,November,Unknown
2021,Nuwakot,17868.0,4211.0,Rice,9.386630137,14.49679452,5.385945205,70.31769863,1200.4,5883.92,2627.24,1.705506849,5.7,4372.85,75242.148,July,Bagmati
2021,Nuwakot,16206.0,3049.0,Maize,9.386630137,14.49679452,5.385945205,70.31769863,1200.4,5883.92,2627.24,1.705506849,5.7,4372.85,49412.094,April,Bagmati
2021,Nuwakot,5110.0,1416.0,Millet,9.386630137,14.49679452,5.385945205,70.31769863,1200.4,5883.92,2627.24,1.705506849,5.7,4372.85,7235.76,August,Bagmati
2021,Nuwakot,219.0,1055.0,Buckwheat,9.386630137,14.49679452,5.385945205,70.31769863,1200.4,5883.92,2627.24,1.705506849,5.7,4372.85,231.045,September,Bagmati
2021,Nuwakot,4495.0,3569.0,Wheat,9.386630137,14.49679452,5.385945205,70.31769863,1200.4,5883.92,2627.24,1.705506849,5.7,4372.85,16042.655,November,Bagmati
2021,Nuwakot,155.0,1277.0,Barley,9.386630137,14.49679452,5.385945205,70.31769863,1200.4,5883.92,2627.24,1.705506849,5.7,4372.85,197.935,November,Bagmati
2021,Okhaldhunga,4021.0,2489.0,Rice,13.80361644,18.65290411,10.14690411,69.47843836,1279.36,5582.54,2520.54,1.583780822,5.7,137.35,10008.269,July,Koshi
2021,Okhaldhunga,12400.0,3200.0,Maize,13.80361644,18.65290411,10.14690411,69.47843836,1279.36,5582.54,2520.54,1.583780822,5.7,137.35,39680.0,April,Koshi
2021,Okhaldhunga,8251.0,1864.0,Millet,13.80361644,18.65290411,10.14690411,69.47843836,1279.36,5582.54,2520.54,1.583780822,5.7,137.35,15379.864,August,Koshi
2021,Okhaldhunga,105.0,1057.0,Buckwheat,13.80361644,18.65290411,10.14690411,69.47843836,1279.36,5582.54,2520.54,1.583780822,5.7,137.35,110.985,September,Koshi
2021,Okhaldhunga,2145.0,1552.0,Wheat,13.80361644,18.65290411,10.14690411,69.47843836,1279.36,5582.54,2520.54,1.583780822,5.7,137.35,3329.04,November,Koshi
2021,Okhaldhunga,75.0,1427.0,Barley,13.80361644,18.65290411,10.14690411,69.47843836,1279.36,5582.54,2520.54,1.583780822,5.7,137.35,107.025,November,Koshi
2021,Palpa,7775.0,3810.0,Rice,19.23134247,23.97564384,15.57657534,66.248,3039.48,5944.12,2767.87,1.480876712,5.9,1315.35,29622.75,July,Lumbini
2021,Palpa,21643.0,2577.0,Maize,19.23134247,23.97564384,15.57657534,66.248,3039.48,5944.12,2767.87,1.480876712,5.9,1315.35,55774.011,April,Lumbini
2021,Palpa,2684.0,1402.0,Millet,19.23134247,23.97564384,15.57657534,66.248,3039.48,5944.12,2767.87,1.480876712,5.9,1315.35,3762.968,August,Lumbini
2021,Palpa,438.0,920.0,Buckwheat,19.23134247,23.97564384,15.57657534,66.248,3039.48,5944.12,2767.87,1.480876712,5.9,1315.35,402.96,September,Lumbini
2021,Palpa,5786.0,2346.0,Wheat,19.23134247,23.97564384,15.57657534,66.248,3039.48,5944.12,2767.87,1.480876712,5.9,1315.35,13573.956,November,Lumbini
2021,Palpa,24.0,1008.0,Barley,19.23134247,23.97564384,15.57657534,66.248,3039.48,5944.12,2767.87,1.480876712,5.9,1315.35,24.192,November,Lumbini
2021,Panchthar,7852.0,2900.0,Rice,10.7830411,15.90287671,6.899232877,76.96145205,1282.46,5257.41,2324.55,1.775123288,5.7,90.65,22770.8,July,Koshi
2021,Panchthar,18683.0,2300.0,Maize,10.7830411,15.90287671,6.899232877,76.96145205,1282.46,5257.41,2324.55,1.775123288,5.7,90.65,42970.9,April,Koshi
2021,Panchthar,3738.0,1663.0,Millet,10.7830411,15.90287671,6.899232877,76.96145205,1282.46,5257.41,2324.55,1.775123288,5.7,90.65,6216.294,August,Koshi
2021,Panchthar,57.0,1070.0,Buckwheat,10.7830411,15.90287671,6.899232877,76.96145205,1282.46,5257.41,2324.55,1.775123288,5.7,90.65,60.99,September,Koshi
2021,Panchthar,3902.0,1660.0,Wheat,10.7830411,15.90287671,6.899232877,76.96145205,1282.46,5257.41,2324.55,1.775123288,5.7,90.65,6477.32,November,Koshi
2021,Panchthar,299.0,1441.0,Barley,10.7830411,15.90287671,6.899232877,76.96145205,1282.46,5257.41,2324.55,1.775123288,5.7,90.65,430.859,November,Koshi
2021,Parbat,8384.0,3955.0,Rice,8.357890411,13.36230137,4.355835616,70.07071233,2816.85,5663.31,2459.62,1.511068493,5.7,447.85,33158.72,July,Gandaki
2021,Parbat,13700.0,2591.0,Maize,8.357890411,13.36230137,4.355835616,70.07071233,2816.85,5663.31,2459.62,1.511068493,5.7,447.85,35496.7,April,Gandaki
2021,Parbat,8592.0,1113.0,Millet,8.357890411,13.36230137,4.355835616,70.07071233,2816.85,5663.31,2459.62,1.511068493,5.7,447.85,9562.896,August,Gandaki
2021,Parbat,193.0,1316.0,Buckwheat,8.357890411,13.36230137,4.355835616,70.07071233,2816.85,5663.31,2459.62,1.511068493,5.7,447.85,253.988,September,Gandaki
2021,Parbat,2600.0,2442.0,Wheat,8.357890411,13.36230137,4.355835616,70.07071233,2816.85,5663.31,2459.62,1.511068493,5.7,447.85,6349.2,November,Gandaki
2021,Parbat,80.0,1313.0,Barley,8.357890411,13.36230137,4.355835616,70.07071233,2816.85,5663.31,2459.62,1.511068493,5.7,447.85,105.04,November,Gandaki
2021,Parsa,45216.0,4897.0,Rice,24.872,30.50230137,20.16484932,65.62156164,2151.47,5906.7,2742.51,1.76460274,6.9,16461.25,221422.752,July,Madhesh
2021,Parsa,4189.0,4098.0,Maize,24.872,30.50230137,20.16484932,65.62156164,2151.47,5906.7,2742.51,1.76460274,6.9,16461.25,17166.522,April,Madhesh
2021,Parsa,0.0,0.0,Millet,24.872,30.50230137,20.16484932,65.62156164,2151.47,5906.7,2742.51,1.76460274,6.9,16461.25,0.0,August,Madhesh
2021,Parsa,0.0,0.0,Buckwheat,24.872,30.50230137,20.16484932,65.62156164,2151.47,5906.7,2742.51,1.76460274,6.9,16461.25,0.0,September,Madhesh
2021,Parsa,23008.0,3745.0,Wheat,24.872,30.50230137,20.16484932,65.62156164,2151.47,5906.7,2742.51,1.76460274,6.9,16461.25,86164.96,November,Madhesh
2021,Parsa,29.0,1448.0,Barley,24.872,30.50230137,20.16484932,65.62156164,2151.47,5906.7,2742.51,1.76460274,6.9,16461.25,41.992,November,Madhesh
2021,Pyuthan,6029.0,3085.0,Rice,21.714,26.99726027,17.54926027,61.55471233,1873.79,5853.37,2530.94,1.836493151,6.5,475.75,18599.465,July,Lumbini
2021,Pyuthan,12158.0,2930.0,Maize,21.714,26.99726027,17.54926027,61.55471233,1873.79,5853.37,2530.94,1.836493151,6.5,475.75,35622.94,April,Lumbini
2021,Pyuthan,2205.0,1323.0,Millet,21.714,26.99726027,17.54926027,61.55471233,1873.79,5853.37,2530.94,1.836493151,6.5,475.75,2917.215,August,Lumbini
2021,Pyuthan,11.0,1273.0,Buckwheat,21.714,26.99726027,17.54926027,61.55471233,1873.79,5853.37,2530.94,1.836493151,6.5,475.75,14.003,September,Lumbini
2021,Pyuthan,8690.0,2872.0,Wheat,21.714,26.99726027,17.54926027,61.55471233,1873.79,5853.37,2530.94,1.836493151,6.5,475.75,24957.68,November,Lumbini
2021,Pyuthan,736.0,1069.0,Barley,21.714,26.99726027,17.54926027,61.55471233,1873.79,5853.37,2530.94,1.836493151,6.5,475.75,786.784,November,Lumbini
2021,Ramechap,8709.0,2205.0,Rice,13.80361644,18.65290411,10.14690411,69.47843836,1279.36,5582.54,2520.54,1.583780822,5.4,524.2,19203.345,July,Unknown
2021,Ramechap,22367.0,3053.0,Maize,13.80361644,18.65290411,10.14690411,69.47843836,1279.36,5582.54,2520.54,1.583780822,5.4,524.2,68286.451,April,Unknown
2021,Ramechap,4989.0,1141.0,Millet,13.80361644,18.65290411,10.14690411,69.47843836,1279.36,5582.54,2520.54,1.583780822,5.4,524.2,5692.449,August,Unknown
2021,Ramechap,20.0,1000.0,Buckwheat,13.80361644,18.65290411,10.14690411,69.47843836,1279.36,5582.54,2520.54,1.583780822,5.4,524.2,20.0,September,Unknown
2021,Ramechap,3674.0,2330.0,Wheat,13.80361644,18.65290411,10.14690411,69.47843836,1279.36,5582.54,2520.54,1.583780822,5.4,524.2,8560.42,November,Unknown
2021,Ramechap,63.0,1349.0,Barley,13.80361644,18.65290411,10.14690411,69.47843836,1279.36,5582.54,2520.54,1.583780822,5.4,524.2,84.987,November,Unknown
2021,Rasuwa,1245.0,2831.0,Rice,9.386630137,14.49679452,5.385945205,70.31769863,1200.4,6159.06,2714.3,1.705506849,6.1,173.45,3524.595,July,Bagmati
2021,Rasuwa,2524.0,2500.0,Maize,9.386630137,14.49679452,5.385945205,70.31769863,1200.4,6159.06,2714.3,1.705506849,6.1,173.45,6310.0,April,Bagmati
2021,Rasuwa,898.0,1149.0,Millet,9.386630137,14.49679452,5.385945205,70.31769863,1200.4,6159.06,2714.3,1.705506849,6.1,173.45,1031.802,August,Bagmati
2021,Rasuwa,21.0,905.0,Buckwheat,9.386630137,14.49679452,5.385945205,70.31769863,1200.4,6159.06,2714.3,1.705506849,6.1,173.45,19.005,September,Bagmati
2021,Rasuwa,761.0,1619.0,Wheat,9.386630137,14.49679452,5.385945205,70.31769863,1200.4,6159.06,2714.3,1.705506849,6.1,173.45,1232.059,November,Bagmati
2021,Rasuwa,243.0,1379.0,Barley,9.386630137,14.49679452,5.385945205,70.31769863,1200.4,6159.06,2714.3,1.705506849,6.1,173.45,335.097,November,Bagmati
2021,Rautahat,40529.0,3202.0,Rice,24.03939726,29.29846575,19.89682192,65.52564384,1793.78,5600.75,2496.85,1.658657534,6.8,8280.05,129773.858,July,Madhesh
2021,Rautahat,3513.0,3650.0,Maize,24.03939726,29.29846575,19.89682192,65.52564384,1793.78,5600.75,2496.85,1.658657534,6.8,8280.05,12822.45,April,Madhesh
2021,Rautahat,71.0,1042.0,Millet,24.03939726,29.29846575,19.89682192,65.52564384,1793.78,5600.75,2496.85,1.658657534,6.8,8280.05,73.982,August,Madhesh
2021,Rautahat,0.0,0.0,Buckwheat,24.03939726,29.29846575,19.89682192,65.52564384,1793.78,5600.75,2496.85,1.658657534,6.8,8280.05,0.0,September,Madhesh
2021,Rautahat,15991.0,3307.0,Wheat,24.03939726,29.29846575,19.89682192,65.52564384,1793.78,5600.75,2496.85,1.658657534,6.8,8280.05,52882.237,November,Madhesh
2021,Rautahat,3.0,1667.0,Barley,24.03939726,29.29846575,19.89682192,65.52564384,1793.78,5600.75,2496.85,1.658657534,6.8,8280.05,5.001,November,Madhesh
2021,Rolpa,4407.0,2636.0,Rice,15.02586301,20.52331507,10.688,64.1330137,1796.87,5853.37,2530.94,1.625972603,6.1,220.3,11616.852,July,Lumbini
2021,Rolpa,12335.0,3121.0,Maize,15.02586301,20.52331507,10.688,64.1330137,1796.87,5853.37,2530.94,1.625972603,6.1,220.3,38497.535,April,Lumbini
2021,Rolpa,1126.0,1330.0,Millet,15.02586301,20.52331507,10.688,64.1330137,1796.87,5853.37,2530.94,1.625972603,6.1,220.3,1497.58,August,Lumbini
2021,Rolpa,102.0,931.0,Buckwheat,15.02586301,20.52331507,10.688,64.1330137,1796.87,5853.37,2530.94,1.625972603,6.1,220.3,94.962,September,Lumbini
2021,Rolpa,8596.0,2839.0,Wheat,15.02586301,20.52331507,10.688,64.1330137,1796.87,5853.37,2530.94,1.625972603,6.1,220.3,24404.044,November,Lumbini
2021,Rolpa,620.0,1008.0,Barley,15.02586301,20.52331507,10.688,64.1330137,1796.87,5853.37,2530.94,1.625972603,6.1,220.3,624.96,November,Lumbini
2021,Rukum,3475.0,5250.0,Rice,15.02586301,20.52331507,10.688,64.1330137,1796.87,5846.5,2528.52,1.625972603,6.8,140.55,18243.75,July,Unknown
2021,Rukum,13387.0,6717.0,Maize,15.02586301,20.52331507,10.688,64.1330137,1796.87,5846.5,2528.52,1.625972603,6.8,140.55,89920.479,April,Unknown
2021,Rukum,1107.0,2658.0,Millet,15.02586301,20.52331507,10.688,64.1330137,1796.87,5846.5,2528.52,1.625972603,6.8,140.55,2942.406,August,Unknown
2021,Rukum,328.0,2395.0,Buckwheat,15.02586301,20.52331507,10.688,64.1330137,1796.87,5846.5,2528.52,1.625972603,6.8,140.55,785.56,September,Unknown
2021,Rukum,12658.0,5105.0,Wheat,15.02586301,20.52331507,10.688,64.1330137,1796.87,5846.5,2528.52,1.625972603,6.8,140.55,64619.09,November,Unknown
2021,Rukum,1442.0,2468.0,Barley,15.02586301,20.52331507,10.688,64.1330137,1796.87,5846.5,2528.52,1.625972603,6.8,140.55,3558.856,November,Unknown
2021,Rupandehi,63873.0,3901.0,Rice,24.43939726,29.8559726,20.03471233,63.83391781,2701.92,5944.12,2767.87,1.599178082,6.6,19431.15,249168.573,July,Lumbini
2021,Rupandehi,2751.0,3908.0,Maize,24.43939726,29.8559726,20.03471233,63.83391781,2701.92,5944.12,2767.87,1.599178082,6.6,19431.15,10750.908,April,Lumbini
2021,Rupandehi,46.0,1152.0,Millet,24.43939726,29.8559726,20.03471233,63.83391781,2701.92,5944.12,2767.87,1.599178082,6.6,19431.15,52.992,August,Lumbini
2021,Rupandehi,0.0,0.0,Buckwheat,24.43939726,29.8559726,20.03471233,63.83391781,2701.92,5944.12,2767.87,1.599178082,6.6,19431.15,0.0,September,Lumbini
2021,Rupandehi,26118.0,3950.0,Wheat,24.43939726,29.8559726,20.03471233,63.83391781,2701.92,5944.12,2767.87,1.599178082,6.6,19431.15,103166.1,November,Lumbini
2021,Rupandehi,74.0,1959.0,Barley,24.43939726,29.8559726,20.03471233,63.83391781,2701.92,5944.12,2767.87,1.599178082,6.6,19431.15,144.966,November,Lumbini
2021,Salyan,6758.0,3587.0,Rice,21.714,26.99726027,17.54926027,61.55471233,1873.79,5853.37,2530.94,1.836493151,5.9,766.9,24240.946,July,Karnali
2021,Salyan,19335.0,3116.0,Maize,21.714,26.99726027,17.54926027,61.55471233,1873.79,5853.37,2530.94,1.836493151,5.9,766.9,60247.86,April,Karnali
2021,Salyan,1231.0,1067.0,Millet,21.714,26.99726027,17.54926027,61.55471233,1873.79,5853.37,2530.94,1.836493151,5.9,766.9,1313.477,August,Karnali
2021,Salyan,74.0,1203.0,Buckwheat,21.714,26.99726027,17.54926027,61.55471233,1873.79,5853.37,2530.94,1.836493151,5.9,766.9,89.022,September,Karnali
2021,Salyan,13217.0,3148.0,Wheat,21.714,26.99726027,17.54926027,61.55471233,1873.79,5853.37,2530.94,1.836493151,5.9,766.9,41607.116,November,Karnali
2021,Salyan,749.0,1702.0,Barley,21.714,26.99726027,17.54926027,61.55471233,1873.79,5853.37,2530.94,1.836493151,5.9,766.9,1274.798,November,Karnali
2021,Sankhuwashava,11998.0,2784.0,Rice,10.7830411,15.90287671,6.899232877,76.96145205,1282.46,5257.41,2324.55,1.775123288,5.6,354.2,33402.432,July,Unknown
2021,Sankhuwashava,12458.0,2661.0,Maize,10.7830411,15.90287671,6.899232877,76.96145205,1282.46,5257.41,2324.55,1.775123288,5.6,354.2,33150.738,April,Unknown
2021,Sankhuwashava,6664.0,1300.0,Millet,10.7830411,15.90287671,6.899232877,76.96145205,1282.46,5257.41,2324.55,1.775123288,5.6,354.2,8663.2,August,Unknown
2021,Sankhuwashava,18.0,1278.0,Buckwheat,10.7830411,15.90287671,6.899232877,76.96145205,1282.46,5257.41,2324.55,1.775123288,5.6,354.2,23.004,September,Unknown
2021,Sankhuwashava,715.0,2308.0,Wheat,10.7830411,15.90287671,6.899232877,76.96145205,1282.46,5257.41,2324.55,1.775123288,5.6,354.2,1650.22,November,Unknown
2021,Sankhuwashava,12.0,1333.0,Barley,10.7830411,15.90287671,6.899232877,76.96145205,1282.46,5257.41,2324.55,1.775123288,5.6,354.2,15.996,November,Unknown
2021,Saptari,50864.0,3385.0,Rice,24.39649315,29.50221918,20.27241096,68.48509589,1951.42,5625.77,2504.32,1.741041096,6.6,9610.55,172174.64,July,Madhesh
2021,Saptari,6589.0,3523.0,Maize,24.39649315,29.50221918,20.27241096,68.48509589,1951.42,5625.77,2504.32,1.741041096,6.6,9610.55,23213.047,April,Madhesh
2021,Saptari,183.0,1262.0,Millet,24.39649315,29.50221918,20.27241096,68.48509589,1951.42,5625.77,2504.32,1.741041096,6.6,9610.55,230.946,August,Madhesh
2021,Saptari,0.0,0.0,Buckwheat,24.39649315,29.50221918,20.27241096,68.48509589,1951.42,5625.77,2504.32,1.741041096,6.6,9610.55,0.0,September,Madhesh
2021,Saptari,15017.0,3619.0,Wheat,24.39649315,29.50221918,20.27241096,68.48509589,1951.42,5625.77,2504.32,1.741041096,6.6,9610.55,54346.523,November,Madhesh
2021,Saptari,0.0,0.0,Barley,24.39649315,29.50221918,20.27241096,68.48509589,1951.42,5625.77,2504.32,1.741041096,6.6,9610.55,0.0,November,Madhesh
2021,Sarlahi,45964.0,3465.0,Rice,24.03939726,29.29846575,19.89682192,65.52564384,1793.78,5600.75,2496.85,1.658657534,6.6,9185.9,159265.26,July,Madhesh
2021,Sarlahi,10205.0,3511.0,Maize,24.03939726,29.29846575,19.89682192,65.52564384,1793.78,5600.75,2496.85,1.658657534,6.6,9185.9,35829.755,April,Madhesh
2021,Sarlahi,709.0,900.0,Millet,24.03939726,29.29846575,19.89682192,65.52564384,1793.78,5600.75,2496.85,1.658657534,6.6,9185.9,638.1,August,Madhesh
2021,Sarlahi,0.0,0.0,Buckwheat,24.03939726,29.29846575,19.89682192,65.52564384,1793.78,5600.75,2496.85,1.658657534,6.6,9185.9,0.0,September,Madhesh
2021,Sarlahi,22984.0,3356.0,Wheat,24.03939726,29.29846575,19.89682192,65.52564384,1793.78,5600.75,2496.85,1.658657534,6.6,9185.9,77134.304,November,Madhesh
2021,Sarlahi,260.0,1115.0,Barley,24.03939726,29.29846575,19.89682192,65.52564384,1793.78,5600.75,2496.85,1.658657534,6.6,9185.9,289.9,November,Madhesh
2021,Sindhuli,14161.0,3850.0,Rice,22.26216438,27.28632877,18.42857534,66.4989863,1596.92,5582.54,2520.54,1.671013699,6.0,1803.25,54519.85,July,Bagmati
2021,Sindhuli,27556.0,3106.0,Maize,22.26216438,27.28632877,18.42857534,66.4989863,1596.92,5582.54,2520.54,1.671013699,6.0,1803.25,85588.936,April,Bagmati
2021,Sindhuli,11700.0,948.0,Millet,22.26216438,27.28632877,18.42857534,66.4989863,1596.92,5582.54,2520.54,1.671013699,6.0,1803.25,11091.6,August,Bagmati
2021,Sindhuli,644.0,1011.0,Buckwheat,22.26216438,27.28632877,18.42857534,66.4989863,1596.92,5582.54,2520.54,1.671013699,6.0,1803.25,651.084,September,Bagmati
2021,Sindhuli,6354.0,2343.0,Wheat,22.26216438,27.28632877,18.42857534,66.4989863,1596.92,5582.54,2520.54,1.671013699,6.0,1803.25,14887.422,November,Bagmati
2021,Sindhuli,41.0,1585.0,Barley,22.26216438,27.28632877,18.42857534,66.4989863,1596.92,5582.54,2520.54,1.671013699,6.0,1803.25,64.985,November,Bagmati
2021,Sindhupalchok,11862.0,3278.0,Rice,9.386630137,14.49679452,5.385945205,70.31769863,1200.4,5883.92,2627.24,1.705506849,5.6,1436.15,38883.636,July,Bagmati
2021,Sindhupalchok,26190.0,2891.0,Maize,9.386630137,14.49679452,5.385945205,70.31769863,1200.4,5883.92,2627.24,1.705506849,5.6,1436.15,75715.29,April,Bagmati
2021,Sindhupalchok,17350.0,1066.0,Millet,9.386630137,14.49679452,5.385945205,70.31769863,1200.4,5883.92,2627.24,1.705506849,5.6,1436.15,18495.1,August,Bagmati
2021,Sindhupalchok,226.0,912.0,Buckwheat,9.386630137,14.49679452,5.385945205,70.31769863,1200.4,5883.92,2627.24,1.705506849,5.6,1436.15,206.112,September,Bagmati
2021,Sindhupalchok,6904.0,1263.0,Wheat,9.386630137,14.49679452,5.385945205,70.31769863,1200.4,5883.92,2627.24,1.705506849,5.6,1436.15,8719.752,November,Bagmati
2021,Sindhupalchok,172.0,1192.0,Barley,9.386630137,14.49679452,5.385945205,70.31769863,1200.4,5883.92,2627.24,1.705506849,5.6,1436.15,205.024,November,Bagmati
2021,Siraha,48885.0,3374.0,Rice,24.84728767,30.33547945,20.36238356,66.68306849,1732.4,5625.77,2504.32,1.83860274,6.8,8982.55,164937.99,July,Madhesh
2021,Siraha,3755.0,3730.0,Maize,24.84728767,30.33547945,20.36238356,66.68306849,1732.4,5625.77,2504.32,1.83860274,6.8,8982.55,14006.15,April,Madhesh
2021,Siraha,440.0,1041.0,Millet,24.84728767,30.33547945,20.36238356,66.68306849,1732.4,5625.77,2504.32,1.83860274,6.8,8982.55,458.04,August,Madhesh
2021,Siraha,0.0,0.0,Buckwheat,24.84728767,30.33547945,20.36238356,66.68306849,1732.4,5625.77,2504.32,1.83860274,6.8,8982.55,0.0,September,Madhesh
2021,Siraha,11794.0,3516.0,Wheat,24.84728767,30.33547945,20.36238356,66.68306849,1732.4,5625.77,2504.32,1.83860274,6.8,8982.55,41467.704,November,Madhesh
2021,Siraha,0.0,0.0,Barley,24.84728767,30.33547945,20.36238356,66.68306849,1732.4,5625.77,2504.32,1.83860274,6.8,8982.55,0.0,November,Madhesh
2021,Solukhumbu,1276.0,2731.0,Rice,9.427561644,14.45284932,5.516027397,74.66109589,1202.52,5582.54,2520.54,1.777013699,5.8,0.0,3484.756,July,Koshi
2021,Solukhumbu,13770.0,2836.0,Maize,9.427561644,14.45284932,5.516027397,74.66109589,1202.52,5582.54,2520.54,1.777013699,5.8,0.0,39051.72,April,Koshi
2021,Solukhumbu,2105.0,1344.0,Millet,9.427561644,14.45284932,5.516027397,74.66109589,1202.52,5582.54,2520.54,1.777013699,5.8,0.0,2829.12,August,Koshi
2021,Solukhumbu,339.0,1056.0,Buckwheat,9.427561644,14.45284932,5.516027397,74.66109589,1202.52,5582.54,2520.54,1.777013699,5.8,0.0,357.984,September,Koshi
2021,Solukhumbu,2665.0,1991.0,Wheat,9.427561644,14.45284932,5.516027397,74.66109589,1202.52,5582.54,2520.54,1.777013699,5.8,0.0,5306.015,November,Koshi
2021,Solukhumbu,162.0,1191.0,Barley,9.427561644,14.45284932,5.516027397,74.66109589,1202.52,5582.54,2520.54,1.777013699,5.8,0.0,192.942,November,Koshi
2021,Sunsari,53392.0,3752.0,Rice,24.07789041,29.19841096,19.96569863,68.18235616,1960.96,5502.23,2446.66,1.650958904,6.6,10999.8,200326.784,July,Koshi
2021,Sunsari,9034.0,3258.0,Maize,24.07789041,29.19841096,19.96569863,68.18235616,1960.96,5502.23,2446.66,1.650958904,6.6,10999.8,29432.772,April,Koshi
2021,Sunsari,505.0,1158.0,Millet,24.07789041,29.19841096,19.96569863,68.18235616,1960.96,5502.23,2446.66,1.650958904,6.6,10999.8,584.79,August,Koshi
2021,Sunsari,299.0,1271.0,Buckwheat,24.07789041,29.19841096,19.96569863,68.18235616,1960.96,5502.23,2446.66,1.650958904,6.6,10999.8,380.029,September,Koshi
2021,Sunsari,12127.0,3397.0,Wheat,24.07789041,29.19841096,19.96569863,68.18235616,1960.96,5502.23,2446.66,1.650958904,6.6,10999.8,41195.419,November,Koshi
2021,Sunsari,14.0,1571.0,Barley,24.07789041,29.19841096,19.96569863,68.18235616,1960.96,5502.23,2446.66,1.650958904,6.6,10999.8,21.994,November,Koshi
2021,Surkhet,12818.0,3971.0,Rice,19.96328767,25.28175342,15.80849315,61.63276712,1987.14,5817.06,2560.07,1.483205479,5.9,1916.05,50900.278,July,Karnali
2021,Surkhet,13252.0,3528.0,Maize,19.96328767,25.28175342,15.80849315,61.63276712,1987.14,5817.06,2560.07,1.483205479,5.9,1916.05,46753.056,April,Karnali
2021,Surkhet,2995.0,1168.0,Millet,19.96328767,25.28175342,15.80849315,61.63276712,1987.14,5817.06,2560.07,1.483205479,5.9,1916.05,3498.16,August,Karnali
2021,Surkhet,56.0,1518.0,Buckwheat,19.96328767,25.28175342,15.80849315,61.63276712,1987.14,5817.06,2560.07,1.483205479,5.9,1916.05,85.008,September,Karnali
2021,Surkhet,12191.0,3474.0,Wheat,19.96328767,25.28175342,15.80849315,61.63276712,1987.14,5817.06,2560.07,1.483205479,5.9,1916.05,42351.534,November,Karnali
2021,Surkhet,630.0,1754.0,Barley,19.96328767,25.28175342,15.80849315,61.63276712,1987.14,5817.06,2560.07,1.483205479,5.9,1916.05,1105.02,November,Karnali
2021,Syangja,16305.0,3809.0,Rice,19.23134247,23.97564384,15.57657534,66.248,3039.48,5663.31,2459.62,1.480876712,6.0,1070.85,62105.745,July,Gandaki
2021,Syangja,28945.0,3383.0,Maize,19.23134247,23.97564384,15.57657534,66.248,3039.48,5663.31,2459.62,1.480876712,6.0,1070.85,97920.935,April,Gandaki
2021,Syangja,16501.0,1233.0,Millet,19.23134247,23.97564384,15.57657534,66.248,3039.48,5663.31,2459.62,1.480876712,6.0,1070.85,20345.733,August,Gandaki
2021,Syangja,273.0,1077.0,Buckwheat,19.23134247,23.97564384,15.57657534,66.248,3039.48,5663.31,2459.62,1.480876712,6.0,1070.85,294.021,September,Gandaki
2021,Syangja,5560.0,2879.0,Wheat,19.23134247,23.97564384,15.57657534,66.248,3039.48,5663.31,2459.62,1.480876712,6.0,1070.85,16007.24,November,Gandaki
2021,Syangja,6.0,1000.0,Barley,19.23134247,23.97564384,15.57657534,66.248,3039.48,5663.31,2459.62,1.480876712,6.0,1070.85,6.0,November,Gandaki
2021,Tanahu,11007.0,3994.0,Rice,19.23134247,23.97564384,15.57657534,66.248,3039.48,5906.7,2742.51,1.480876712,5.6,1054.65,43961.958,July,Gandaki
2021,Tanahu,22316.0,3342.0,Maize,19.23134247,23.97564384,15.57657534,66.248,3039.48,5906.7,2742.51,1.480876712,5.6,1054.65,74580.072,April,Gandaki
2021,Tanahu,6729.0,1144.0,Millet,19.23134247,23.97564384,15.57657534,66.248,3039.48,5906.7,2742.51,1.480876712,5.6,1054.65,7697.976,August,Gandaki
2021,Tanahu,217.0,1009.0,Buckwheat,19.23134247,23.97564384,15.57657534,66.248,3039.48,5906.7,2742.51,1.480876712,5.6,1054.65,218.953,September,Gandaki
2021,Tanahu,1643.0,2507.0,Wheat,19.23134247,23.97564384,15.57657534,66.248,3039.48,5906.7,2742.51,1.480876712,5.6,1054.65,4119.001,November,Gandaki
2021,Tanahu,5.0,1200.0,Barley,19.23134247,23.97564384,15.57657534,66.248,3039.48,5906.7,2742.51,1.480876712,5.6,1054.65,6.0,November,Gandaki
2021,Taplejung,6772.0,3020.0,Rice,5.479123288,10.3269863,1.765315068,79.66871233,1826.71,5257.41,2324.55,1.546219178,5.4,64.25,20451.44,July,Koshi
2021,Taplejung,11198.0,3421.0,Maize,5.479123288,10.3269863,1.765315068,79.66871233,1826.71,5257.41,2324.55,1.546219178,5.4,64.25,38308.358,April,Koshi
2021,Taplejung,2987.0,1420.0,Millet,5.479123288,10.3269863,1.765315068,79.66871233,1826.71,5257.41,2324.55,1.546219178,5.4,64.25,4241.54,August,Koshi
2021,Taplejung,131.0,1328.0,Buckwheat,5.479123288,10.3269863,1.765315068,79.66871233,1826.71,5257.41,2324.55,1.546219178,5.4,64.25,173.968,September,Koshi
2021,Taplejung,1537.0,1871.0,Wheat,5.479123288,10.3269863,1.765315068,79.66871233,1826.71,5257.41,2324.55,1.546219178,5.4,64.25,2875.727,November,Koshi
2021,Taplejung,269.0,1506.0,Barley,5.479123288,10.3269863,1.765315068,79.66871233,1826.71,5257.41,2324.55,1.546219178,5.4,64.25,405.114,November,Koshi
2021,Terhathum,7782.0,2785.0,Rice,19.92616438,24.60810959,16.29536986,70.74926027,1724.29,5257.41,2324.55,1.509041096,5.6,177.2,21672.87,July,Unknown
2021,Terhathum,12897.0,3005.0,Maize,19.92616438,24.60810959,16.29536986,70.74926027,1724.29,5257.41,2324.55,1.509041096,5.6,177.2,38755.485,April,Unknown
2021,Terhathum,2505.0,1180.0,Millet,19.92616438,24.60810959,16.29536986,70.74926027,1724.29,5257.41,2324.55,1.509041096,5.6,177.2,2955.9,August,Unknown
2021,Terhathum,27.0,1000.0,Buckwheat,19.92616438,24.60810959,16.29536986,70.74926027,1724.29,5257.41,2324.55,1.509041096,5.6,177.2,27.0,September,Unknown
2021,Terhathum,2399.0,1999.0,Wheat,19.92616438,24.60810959,16.29536986,70.74926027,1724.29,5257.41,2324.55,1.509041096,5.6,177.2,4795.601,November,Unknown
2021,Terhathum,64.0,1328.0,Barley,19.92616438,24.60810959,16.29536986,70.74926027,1724.29,5257.41,2324.55,1.509041096,5.6,177.2,84.992,November,Unknown
2021,Udayapur,14233.0,3876.0,Rice,18.32230137,22.98213699,14.86323288,72.61347945,2364.3,5502.23,2446.66,1.244547945,5.4,1494.5,55167.108,July,Koshi
2021,Udayapur,17836.0,3097.0,Maize,18.32230137,22.98213699,14.86323288,72.61347945,2364.3,5502.23,2446.66,1.244547945,5.4,1494.5,55238.092,April,Koshi
2021,Udayapur,2768.0,1859.0,Millet,18.32230137,22.98213699,14.86323288,72.61347945,2364.3,5502.23,2446.66,1.244547945,5.4,1494.5,5145.712,August,Koshi
2021,Udayapur,21.0,1095.0,Buckwheat,18.32230137,22.98213699,14.86323288,72.61347945,2364.3,5502.23,2446.66,1.244547945,5.4,1494.5,22.995,September,Koshi
2021,Udayapur,5130.0,2500.0,Wheat,18.32230137,22.98213699,14.86323288,72.61347945,2364.3,5502.23,2446.66,1.244547945,5.4,1494.5,12825.0,November,Koshi
2021,Udayapur,29.0,1483.0,Barley,18.32230137,22.98213699,14.86323288,72.61347945,2364.3,5502.23,2446.66,1.244547945,5.4,1494.5,43.007,November,Koshi
2022,Achham,10705.0,2140.0,Rice,12.61068493,17.87649315,8.272684932,71.65652055,1249.65,6247.63,2717.87,1.49690411,6.1,472.35,22908.7,July,Sudurpashchim
2022,Achham,5688.0,2200.0,Maize,12.61068493,17.87649315,8.272684932,71.65652055,1249.65,6247.63,2717.87,1.49690411,6.1,472.35,12513.6,April,Sudurpashchim
2022,Achham,3002.0,920.0,Millet,12.61068493,17.87649315,8.272684932,71.65652055,1249.65,6247.63,2717.87,1.49690411,6.1,472.35,2761.84,August,Sudurpashchim
2022,Achham,10.0,700.0,Buckwheat,12.61068493,17.87649315,8.272684932,71.65652055,1249.65,6247.63,2717.87,1.49690411,6.1,472.35,7.0,September,Sudurpashchim
2022,Achham,10730.0,1600.0,Wheat,12.61068493,17.87649315,8.272684932,71.65652055,1249.65,6247.63,2717.87,1.49690411,6.1,472.35,17168.0,November,Sudurpashchim
2022,Achham,752.0,548.0,Barley,12.61068493,17.87649315,8.272684932,71.65652055,1249.65,6247.63,2717.87,1.49690411,6.1,472.35,412.096,November,Sudurpashchim
2022,Arghakhanchi,7064.0,3152.0,Rice,19.74057534,24.67093151,15.95410959,66.47813699,1681.09,6303.83,2921.96,1.645479452,5.9,1867.45,22265.728,July,Lumbini
2022,Arghakhanchi,16965.0,3205.0,Maize,19.74057534,24.67093151,15.95410959,66.47813699,1681.09,6303.83,2921.96,1.645479452,5.9,1867.45,54372.825,April,Lumbini
2022,Arghakhanchi,501.0,1228.0,Millet,19.74057534,24.67093151,15.95410959,66.47813699,1681.09,6303.83,2921.96,1.645479452,5.9,1867.45,615.228,August,Lumbini
2022,Arghakhanchi,97.0,940.0,Buckwheat,19.74057534,24.67093151,15.95410959,66.47813699,1681.09,6303.83,2921.96,1.645479452,5.9,1867.45,91.18,September,Lumbini
2022,Arghakhanchi,5245.0,2750.0,Wheat,19.74057534,24.67093151,15.95410959,66.47813699,1681.09,6303.83,2921.96,1.645479452,5.9,1867.45,14423.75,November,Lumbini
2022,Arghakhanchi,300.0,1150.0,Barley,19.74057534,24.67093151,15.95410959,66.47813699,1681.09,6303.83,2921.96,1.645479452,5.9,1867.45,345.0,November,Lumbini
2022,Baglung,5717.0,3551.0,Rice,18.93142466,23.48323288,15.36120548,71.38808219,2217.11,5839.74,2534.06,1.410986301,5.7,987.7,20301.067,July,Gandaki
2022,Baglung,15500.0,3400.0,Maize,18.93142466,23.48323288,15.36120548,71.38808219,2217.11,5839.74,2534.06,1.410986301,5.7,987.7,52700.0,April,Gandaki
2022,Baglung,8460.0,1270.0,Millet,18.93142466,23.48323288,15.36120548,71.38808219,2217.11,5839.74,2534.06,1.410986301,5.7,987.7,10744.2,August,Gandaki
2022,Baglung,80.0,1500.0,Buckwheat,18.93142466,23.48323288,15.36120548,71.38808219,2217.11,5839.74,2534.06,1.410986301,5.7,987.7,120.0,September,Gandaki
2022,Baglung,6005.0,2510.0,Wheat,18.93142466,23.48323288,15.36120548,71.38808219,2217.11,5839.74,2534.06,1.410986301,5.7,987.7,15072.55,November,Gandaki
2022,Baglung,95.0,1484.0,Barley,18.93142466,23.48323288,15.36120548,71.38808219,2217.11,5839.74,2534.06,1.410986301,5.7,987.7,140.98,November,Gandaki
2022,Baitadi,4956.0,2350.0,Rice,11.44312329,17.23690411,6.657616438,67.77580822,868.42,6610.02,2916.54,1.647863014,6.0,267.75,11646.6,July,Sudurpashchim
2022,Baitadi,7560.0,2810.0,Maize,11.44312329,17.23690411,6.657616438,67.77580822,868.42,6610.02,2916.54,1.647863014,6.0,267.75,21243.6,April,Sudurpashchim
2022,Baitadi,400.0,1600.0,Millet,11.44312329,17.23690411,6.657616438,67.77580822,868.42,6610.02,2916.54,1.647863014,6.0,267.75,640.0,August,Sudurpashchim
2022,Baitadi,18.0,722.0,Buckwheat,11.44312329,17.23690411,6.657616438,67.77580822,868.42,6610.02,2916.54,1.647863014,6.0,267.75,12.996,September,Sudurpashchim
2022,Baitadi,12400.0,1855.0,Wheat,11.44312329,17.23690411,6.657616438,67.77580822,868.42,6610.02,2916.54,1.647863014,6.0,267.75,23002.0,November,Sudurpashchim
2022,Baitadi,700.0,600.0,Barley,11.44312329,17.23690411,6.657616438,67.77580822,868.42,6610.02,2916.54,1.647863014,6.0,267.75,420.0,November,Sudurpashchim
2022,Bajhang,6135.0,2610.0,Rice,11.44312329,17.23690411,6.657616438,67.77580822,868.42,6247.63,2717.87,1.647863014,5.6,206.5,16012.35,July,Sudurpashchim
2022,Bajhang,4080.0,1480.0,Maize,11.44312329,17.23690411,6.657616438,67.77580822,868.42,6247.63,2717.87,1.647863014,5.6,206.5,6038.4,April,Sudurpashchim
2022,Bajhang,2200.0,1093.0,Millet,11.44312329,17.23690411,6.657616438,67.77580822,868.42,6247.63,2717.87,1.647863014,5.6,206.5,2404.6,August,Sudurpashchim
2022,Bajhang,16.0,1000.0,Buckwheat,11.44312329,17.23690411,6.657616438,67.77580822,868.42,6247.63,2717.87,1.647863014,5.6,206.5,16.0,September,Sudurpashchim
2022,Bajhang,9372.0,1801.0,Wheat,11.44312329,17.23690411,6.657616438,67.77580822,868.42,6247.63,2717.87,1.647863014,5.6,206.5,16878.972,November,Sudurpashchim
2022,Bajhang,1440.0,1576.0,Barley,11.44312329,17.23690411,6.657616438,67.77580822,868.42,6247.63,2717.87,1.647863014,5.6,206.5,2269.44,November,Sudurpashchim
2022,Bajura,4050.0,2620.0,Rice,9.316054795,15.51673973,4.300958904,69.0760274,812.98,6247.63,2717.87,1.625041096,6.0,196.8,10611.0,July,Sudurpashchim
2022,Bajura,1350.0,1500.0,Maize,9.316054795,15.51673973,4.300958904,69.0760274,812.98,6247.63,2717.87,1.625041096,6.0,196.8,2025.0,April,Sudurpashchim
2022,Bajura,2050.0,1200.0,Millet,9.316054795,15.51673973,4.300958904,69.0760274,812.98,6247.63,2717.87,1.625041096,6.0,196.8,2460.0,August,Sudurpashchim
2022,Bajura,20.0,700.0,Buckwheat,9.316054795,15.51673973,4.300958904,69.0760274,812.98,6247.63,2717.87,1.625041096,6.0,196.8,14.0,September,Sudurpashchim
2022,Bajura,6450.0,1500.0,Wheat,9.316054795,15.51673973,4.300958904,69.0760274,812.98,6247.63,2717.87,1.625041096,6.0,196.8,9675.0,November,Sudurpashchim
2022,Bajura,960.0,998.0,Barley,9.316054795,15.51673973,4.300958904,69.0760274,812.98,6247.63,2717.87,1.625041096,6.0,196.8,958.08,November,Sudurpashchim
2022,Banke,30396.0,3650.0,Rice,19.98389041,25.11241096,15.84556164,66.78416438,1544.1,5982.91,2638.71,1.454,6.4,6751.2,110945.4,July,Lumbini
2022,Banke,9023.0,4161.0,Maize,19.98389041,25.11241096,15.84556164,66.78416438,1544.1,5982.91,2638.71,1.454,6.4,6751.2,37544.703,April,Lumbini
2022,Banke,0.0,0.0,Millet,19.98389041,25.11241096,15.84556164,66.78416438,1544.1,5982.91,2638.71,1.454,6.4,6751.2,0.0,August,Lumbini
2022,Banke,0.0,0.0,Buckwheat,19.98389041,25.11241096,15.84556164,66.78416438,1544.1,5982.91,2638.71,1.454,6.4,6751.2,0.0,September,Lumbini
2022,Banke,23510.0,3364.0,Wheat,19.98389041,25.11241096,15.84556164,66.78416438,1544.1,5982.91,2638.71,1.454,6.4,6751.2,79087.64,November,Lumbini
2022,Banke,6.0,1333.0,Barley,19.98389041,25.11241096,15.84556164,66.78416438,1544.1,5982.91,2638.71,1.454,6.4,6751.2,7.998,November,Lumbini
2022,Bara,55660.0,4458.0,Rice,24.58931507,30.36435616,19.87375342,67.58789041,1377.57,6253.82,2893.12,1.677452055,6.7,12363.7,248132.28,July,Madhesh
2022,Bara,11940.0,3907.0,Maize,24.58931507,30.36435616,19.87375342,67.58789041,1377.57,6253.82,2893.12,1.677452055,6.7,12363.7,46649.58,April,Madhesh
2022,Bara,5.0,1000.0,Millet,24.58931507,30.36435616,19.87375342,67.58789041,1377.57,6253.82,2893.12,1.677452055,6.7,12363.7,5.0,August,Madhesh
2022,Bara,0.0,0.0,Buckwheat,24.58931507,30.36435616,19.87375342,67.58789041,1377.57,6253.82,2893.12,1.677452055,6.7,12363.7,0.0,September,Madhesh
2022,Bara,29700.0,3500.0,Wheat,24.58931507,30.36435616,19.87375342,67.58789041,1377.57,6253.82,2893.12,1.677452055,6.7,12363.7,103950.0,November,Madhesh
2022,Bara,3.0,1000.0,Barley,24.58931507,30.36435616,19.87375342,67.58789041,1377.57,6253.82,2893.12,1.677452055,6.7,12363.7,3.0,November,Madhesh
2022,Bardiya,48971.0,4204.0,Rice,24.50323288,30.04408219,19.88789041,63.70364384,1486.86,5982.91,2638.71,1.65460274,6.8,9612.8,205874.084,July,Unknown
2022,Bardiya,5660.0,3744.0,Maize,24.50323288,30.04408219,19.88789041,63.70364384,1486.86,5982.91,2638.71,1.65460274,6.8,9612.8,21191.04,April,Unknown
2022,Bardiya,0.0,0.0,Millet,24.50323288,30.04408219,19.88789041,63.70364384,1486.86,5982.91,2638.71,1.65460274,6.8,9612.8,0.0,August,Unknown
2022,Bardiya,0.0,0.0,Buckwheat,24.50323288,30.04408219,19.88789041,63.70364384,1486.86,5982.91,2638.71,1.65460274,6.8,9612.8,0.0,September,Unknown
2022,Bardiya,22900.0,3648.0,Wheat,24.50323288,30.04408219,19.88789041,63.70364384,1486.86,5982.91,2638.71,1.65460274,6.8,9612.8,83539.2,November,Unknown
2022,Bardiya,6.0,1333.0,Barley,24.50323288,30.04408219,19.88789041,63.70364384,1486.86,5982.91,2638.71,1.65460274,6.8,9612.8,7.998,November,Unknown
2022,Bhaktapur,3891.0,5120.0,Rice,18.79052055,23.48761644,15.22506849,71.14569863,1242.18,6149.85,2737.48,1.38430137,5.8,2019.6,19921.92,July,Bagmati
2022,Bhaktapur,1849.0,5050.0,Maize,18.79052055,23.48761644,15.22506849,71.14569863,1242.18,6149.85,2737.48,1.38430137,5.8,2019.6,9337.45,April,Bagmati
2022,Bhaktapur,86.0,2605.0,Millet,18.79052055,23.48761644,15.22506849,71.14569863,1242.18,6149.85,2737.48,1.38430137,5.8,2019.6,224.03,August,Bagmati
2022,Bhaktapur,0.0,0.0,Buckwheat,18.79052055,23.48761644,15.22506849,71.14569863,1242.18,6149.85,2737.48,1.38430137,5.8,2019.6,0.0,September,Bagmati
2022,Bhaktapur,1892.0,5170.0,Wheat,18.79052055,23.48761644,15.22506849,71.14569863,1242.18,6149.85,2737.48,1.38430137,5.8,2019.6,9781.64,November,Bagmati
2022,Bhaktapur,16.0,3125.0,Barley,18.79052055,23.48761644,15.22506849,71.14569863,1242.18,6149.85,2737.48,1.38430137,5.8,2019.6,50.0,November,Bagmati
2022,Bhojpur,14522.0,2980.0,Rice,5.493479452,10.28123288,1.814630137,83.80142466,1842.8,5400.37,2377.82,1.531917808,5.4,1731.4,43275.56,July,Koshi
2022,Bhojpur,32812.0,2350.0,Maize,5.493479452,10.28123288,1.814630137,83.80142466,1842.8,5400.37,2377.82,1.531917808,5.4,1731.4,77108.2,April,Koshi
2022,Bhojpur,5048.0,1400.0,Millet,5.493479452,10.28123288,1.814630137,83.80142466,1842.8,5400.37,2377.82,1.531917808,5.4,1731.4,7067.2,August,Koshi
2022,Bhojpur,27.0,815.0,Buckwheat,5.493479452,10.28123288,1.814630137,83.80142466,1842.8,5400.37,2377.82,1.531917808,5.4,1731.4,22.005,September,Koshi
2022,Bhojpur,414.0,1800.0,Wheat,5.493479452,10.28123288,1.814630137,83.80142466,1842.8,5400.37,2377.82,1.531917808,5.4,1731.4,745.2,November,Koshi
2022,Bhojpur,10.0,1200.0,Barley,5.493479452,10.28123288,1.814630137,83.80142466,1842.8,5400.37,2377.82,1.531917808,5.4,1731.4,12.0,November,Koshi
2022,Chitwan,27378.0,4011.0,Rice,23.81772603,29.06049315,19.4829589,68.88219178,1882.94,6253.82,2893.12,1.318438356,6.1,7999.55,109813.158,July,Bagmati
2022,Chitwan,26116.0,3700.0,Maize,23.81772603,29.06049315,19.4829589,68.88219178,1882.94,6253.82,2893.12,1.318438356,6.1,7999.55,96629.2,April,Bagmati
2022,Chitwan,1464.0,1100.0,Millet,23.81772603,29.06049315,19.4829589,68.88219178,1882.94,6253.82,2893.12,1.318438356,6.1,7999.55,1610.4,August,Bagmati
2022,Chitwan,1050.0,1060.0,Buckwheat,23.81772603,29.06049315,19.4829589,68.88219178,1882.94,6253.82,2893.12,1.318438356,6.1,7999.55,1113.0,September,Bagmati
2022,Chitwan,3460.0,4400.0,Wheat,23.81772603,29.06049315,19.4829589,68.88219178,1882.94,6253.82,2893.12,1.318438356,6.1,7999.55,15224.0,November,Bagmati
2022,Chitwan,15.0,1733.0,Barley,23.81772603,29.06049315,19.4829589,68.88219178,1882.94,6253.82,2893.12,1.318438356,6.1,7999.55,25.995,November,Bagmati
2022,Dadeldhura,4732.0,3100.0,Rice,16.15767123,21.88923288,11.53652055,63.11284932,995.86,6610.02,2916.54,1.472767123,5.9,188.3,14669.2,July,Sudurpashchim
2022,Dadeldhura,3500.0,2237.0,Maize,16.15767123,21.88923288,11.53652055,63.11284932,995.86,6610.02,2916.54,1.472767123,5.9,188.3,7829.5,April,Sudurpashchim
2022,Dadeldhura,320.0,1775.0,Millet,16.15767123,21.88923288,11.53652055,63.11284932,995.86,6610.02,2916.54,1.472767123,5.9,188.3,568.0,August,Sudurpashchim
2022,Dadeldhura,2.0,500.0,Buckwheat,16.15767123,21.88923288,11.53652055,63.11284932,995.86,6610.02,2916.54,1.472767123,5.9,188.3,1.0,September,Sudurpashchim
2022,Dadeldhura,7600.0,1900.0,Wheat,16.15767123,21.88923288,11.53652055,63.11284932,995.86,6610.02,2916.54,1.472767123,5.9,188.3,14440.0,November,Sudurpashchim
2022,Dadeldhura,200.0,1335.0,Barley,16.15767123,21.88923288,11.53652055,63.11284932,995.86,6610.02,2916.54,1.472767123,5.9,188.3,267.0,November,Sudurpashchim
2022,Dailekh,7925.0,3344.0,Rice,12.61068493,17.87649315,8.272684932,71.65652055,1249.65,5982.91,2638.71,1.49690411,5.9,623.75,26501.2,July,Karnali
2022,Dailekh,19125.0,2207.0,Maize,12.61068493,17.87649315,8.272684932,71.65652055,1249.65,5982.91,2638.71,1.49690411,5.9,623.75,42208.875,April,Karnali
2022,Dailekh,2005.0,1369.0,Millet,12.61068493,17.87649315,8.272684932,71.65652055,1249.65,5982.91,2638.71,1.49690411,5.9,623.75,2744.845,August,Karnali
2022,Dailekh,28.0,929.0,Buckwheat,12.61068493,17.87649315,8.272684932,71.65652055,1249.65,5982.91,2638.71,1.49690411,5.9,623.75,26.012,September,Karnali
2022,Dailekh,13285.0,1160.0,Wheat,12.61068493,17.87649315,8.272684932,71.65652055,1249.65,5982.91,2638.71,1.49690411,5.9,623.75,15410.6,November,Karnali
2022,Dailekh,181.0,1249.0,Barley,12.61068493,17.87649315,8.272684932,71.65652055,1249.65,5982.91,2638.71,1.49690411,5.9,623.75,226.069,November,Karnali
2022,Dang,37630.0,3834.0,Rice,21.8780274,27.19071233,17.63739726,65.11879452,1365.12,6072.85,2625.59,1.817780822,5.8,11788.3,144273.42,July,Lumbini
2022,Dang,24990.0,3263.0,Maize,21.8780274,27.19071233,17.63739726,65.11879452,1365.12,6072.85,2625.59,1.817780822,5.8,11788.3,81542.37,April,Lumbini
2022,Dang,15.0,1400.0,Millet,21.8780274,27.19071233,17.63739726,65.11879452,1365.12,6072.85,2625.59,1.817780822,5.8,11788.3,21.0,August,Lumbini
2022,Dang,35.0,1531.0,Buckwheat,21.8780274,27.19071233,17.63739726,65.11879452,1365.12,6072.85,2625.59,1.817780822,5.8,11788.3,53.585,September,Lumbini
2022,Dang,12235.0,3205.0,Wheat,21.8780274,27.19071233,17.63739726,65.11879452,1365.12,6072.85,2625.59,1.817780822,5.8,11788.3,39213.175,November,Lumbini
2022,Dang,16.0,2000.0,Barley,21.8780274,27.19071233,17.63739726,65.11879452,1365.12,6072.85,2625.59,1.817780822,5.8,11788.3,32.0,November,Lumbini
2022,Darchula,3521.0,2710.0,Rice,6.435150685,12.37657534,1.43890411,68.24882192,688.79,6610.02,2916.54,1.755287671,6.0,181.75,9541.91,July,Sudurpashchim
2022,Darchula,4538.0,1820.0,Maize,6.435150685,12.37657534,1.43890411,68.24882192,688.79,6610.02,2916.54,1.755287671,6.0,181.75,8259.16,April,Sudurpashchim
2022,Darchula,1185.0,1000.0,Millet,6.435150685,12.37657534,1.43890411,68.24882192,688.79,6610.02,2916.54,1.755287671,6.0,181.75,1185.0,August,Sudurpashchim
2022,Darchula,12.0,833.0,Buckwheat,6.435150685,12.37657534,1.43890411,68.24882192,688.79,6610.02,2916.54,1.755287671,6.0,181.75,9.996,September,Sudurpashchim
2022,Darchula,5965.0,1743.0,Wheat,6.435150685,12.37657534,1.43890411,68.24882192,688.79,6610.02,2916.54,1.755287671,6.0,181.75,10396.995,November,Sudurpashchim
2022,Darchula,807.0,1123.0,Barley,6.435150685,12.37657534,1.43890411,68.24882192,688.79,6610.02,2916.54,1.755287671,6.0,181.75,906.261,November,Sudurpashchim
2022,Dhading,13545.0,4105.0,Rice,14.78520548,19.42115068,11.11238356,73.66134247,1665.75,6253.82,2893.12,1.433835616,5.5,4557.95,55602.225,July,Bagmati
2022,Dhading,19530.0,2496.0,Maize,14.78520548,19.42115068,11.11238356,73.66134247,1665.75,6253.82,2893.12,1.433835616,5.5,4557.95,48746.88,April,Bagmati
2022,Dhading,6920.0,931.0,Millet,14.78520548,19.42115068,11.11238356,73.66134247,1665.75,6253.82,2893.12,1.433835616,5.5,4557.95,6442.52,August,Bagmati
2022,Dhading,92.0,848.0,Buckwheat,14.78520548,19.42115068,11.11238356,73.66134247,1665.75,6253.82,2893.12,1.433835616,5.5,4557.95,78.016,September,Bagmati
2022,Dhading,4650.0,2820.0,Wheat,14.78520548,19.42115068,11.11238356,73.66134247,1665.75,6253.82,2893.12,1.433835616,5.5,4557.95,13113.0,November,Bagmati
2022,Dhading,278.0,1122.0,Barley,14.78520548,19.42115068,11.11238356,73.66134247,1665.75,6253.82,2893.12,1.433835616,5.5,4557.95,311.916,November,Bagmati
2022,Dhankuta,6355.0,3667.0,Rice,19.83208219,24.45665753,16.23736986,74.54882192,1505.45,5645.47,2521.16,1.436383562,5.8,2249.5,23303.785,July,Koshi
2022,Dhankuta,13467.0,3350.0,Maize,19.83208219,24.45665753,16.23736986,74.54882192,1505.45,5645.47,2521.16,1.436383562,5.8,2249.5,45114.45,April,Koshi
2022,Dhankuta,7228.0,1140.0,Millet,19.83208219,24.45665753,16.23736986,74.54882192,1505.45,5645.47,2521.16,1.436383562,5.8,2249.5,8239.92,August,Koshi
2022,Dhankuta,4.0,101250.0,Buckwheat,19.83208219,24.45665753,16.23736986,74.54882192,1505.45,5645.47,2521.16,1.436383562,5.8,2249.5,405.0,September,Koshi
2022,Dhankuta,1302.0,2099.0,Wheat,19.83208219,24.45665753,16.23736986,74.54882192,1505.45,5645.47,2521.16,1.436383562,5.8,2249.5,2732.898,November,Koshi
2022,Dhankuta,3.0,1000.0,Barley,19.83208219,24.45665753,16.23736986,74.54882192,1505.45,5645.47,2521.16,1.436383562,5.8,2249.5,3.0,November,Koshi
2022,Dhanusha,55730.0,3357.0,Rice,22.36556164,27.5489863,18.34180822,67.39635616,1183.43,6000.2,2672.61,1.563150685,6.6,15042.08,187085.61,July,Madhesh
2022,Dhanusha,3476.0,3263.0,Maize,22.36556164,27.5489863,18.34180822,67.39635616,1183.43,6000.2,2672.61,1.563150685,6.6,15042.08,11342.188,April,Madhesh
2022,Dhanusha,210.0,900.0,Millet,22.36556164,27.5489863,18.34180822,67.39635616,1183.43,6000.2,2672.61,1.563150685,6.6,15042.08,189.0,August,Madhesh
2022,Dhanusha,0.0,0.0,Buckwheat,22.36556164,27.5489863,18.34180822,67.39635616,1183.43,6000.2,2672.61,1.563150685,6.6,15042.08,0.0,September,Madhesh
2022,Dhanusha,34000.0,3400.0,Wheat,22.36556164,27.5489863,18.34180822,67.39635616,1183.43,6000.2,2672.61,1.563150685,6.6,15042.08,115600.0,November,Madhesh
2022,Dhanusha,1.0,1000.0,Barley,22.36556164,27.5489863,18.34180822,67.39635616,1183.43,6000.2,2672.61,1.563150685,6.6,15042.08,1.0,November,Madhesh
2022,Dolakha,2814.0,2450.0,Rice,2.139260274,7.632575342,-2.152931507,74.8,705.33,5711.35,2568.91,1.98969863,6.5,2178.45,6894.3,July,Bagmati
2022,Dolakha,5844.0,3010.0,Maize,2.139260274,7.632575342,-2.152931507,74.8,705.33,5711.35,2568.91,1.98969863,6.5,2178.45,17590.44,April,Bagmati
2022,Dolakha,3675.0,1420.0,Millet,2.139260274,7.632575342,-2.152931507,74.8,705.33,5711.35,2568.91,1.98969863,6.5,2178.45,5218.5,August,Bagmati
2022,Dolakha,935.0,930.0,Buckwheat,2.139260274,7.632575342,-2.152931507,74.8,705.33,5711.35,2568.91,1.98969863,6.5,2178.45,869.55,September,Bagmati
2022,Dolakha,4243.0,1780.0,Wheat,2.139260274,7.632575342,-2.152931507,74.8,705.33,5711.35,2568.91,1.98969863,6.5,2178.45,7552.54,November,Bagmati
2022,Dolakha,136.0,1213.0,Barley,2.139260274,7.632575342,-2.152931507,74.8,705.33,5711.35,2568.91,1.98969863,6.5,2178.45,164.968,November,Bagmati
2022,Dolpa,200.0,1610.0,Rice,-1.031287671,5.016164384,-6.127041096,71.77756164,1432.52,6072.85,2625.59,1.801232877,6.6,0.0,322.0,July,Karnali
2022,Dolpa,2359.0,1582.0,Maize,-1.031287671,5.016164384,-6.127041096,71.77756164,1432.52,6072.85,2625.59,1.801232877,6.6,0.0,3731.938,April,Karnali
2022,Dolpa,294.0,1031.0,Millet,-1.031287671,5.016164384,-6.127041096,71.77756164,1432.52,6072.85,2625.59,1.801232877,6.6,0.0,303.114,August,Karnali
2022,Dolpa,807.0,1235.0,Buckwheat,-1.031287671,5.016164384,-6.127041096,71.77756164,1432.52,6072.85,2625.59,1.801232877,6.6,0.0,996.645,September,Karnali
2022,Dolpa,2375.0,1712.0,Wheat,-1.031287671,5.016164384,-6.127041096,71.77756164,1432.52,6072.85,2625.59,1.801232877,6.6,0.0,4066.0,November,Karnali
2022,Dolpa,334.0,1033.0,Barley,-1.031287671,5.016164384,-6.127041096,71.77756164,1432.52,6072.85,2625.59,1.801232877,6.6,0.0,345.022,November,Karnali
2022,Doti,8435.0,2340.0,Rice,16.15767123,21.88923288,11.53652055,63.11284932,995.86,6610.02,2916.54,1.472767123,5.9,444.15,19737.9,July,Sudurpashchim
2022,Doti,3650.0,2795.0,Maize,16.15767123,21.88923288,11.53652055,63.11284932,995.86,6610.02,2916.54,1.472767123,5.9,444.15,10201.75,April,Sudurpashchim
2022,Doti,3250.0,1212.0,Millet,16.15767123,21.88923288,11.53652055,63.11284932,995.86,6610.02,2916.54,1.472767123,5.9,444.15,3939.0,August,Sudurpashchim
2022,Doti,8.0,750.0,Buckwheat,16.15767123,21.88923288,11.53652055,63.11284932,995.86,6610.02,2916.54,1.472767123,5.9,444.15,6.0,September,Sudurpashchim
2022,Doti,10290.0,1672.0,Wheat,16.15767123,21.88923288,11.53652055,63.11284932,995.86,6610.02,2916.54,1.472767123,5.9,444.15,17204.88,November,Sudurpashchim
2022,Doti,295.0,614.0,Barley,16.15767123,21.88923288,11.53652055,63.11284932,995.86,6610.02,2916.54,1.472767123,5.9,444.15,181.13,November,Sudurpashchim
2022,Gorkha,11225.0,3876.0,Rice,14.78520548,19.42115068,11.11238356,73.66134247,1665.75,6253.82,2893.12,1.433835616,5.5,1221.05,43508.1,July,Gandaki
2022,Gorkha,18005.0,2490.0,Maize,14.78520548,19.42115068,11.11238356,73.66134247,1665.75,6253.82,2893.12,1.433835616,5.5,1221.05,44832.45,April,Gandaki
2022,Gorkha,11200.0,1220.0,Millet,14.78520548,19.42115068,11.11238356,73.66134247,1665.75,6253.82,2893.12,1.433835616,5.5,1221.05,13664.0,August,Gandaki
2022,Gorkha,200.0,1420.0,Buckwheat,14.78520548,19.42115068,11.11238356,73.66134247,1665.75,6253.82,2893.12,1.433835616,5.5,1221.05,284.0,September,Gandaki
2022,Gorkha,2500.0,2370.0,Wheat,14.78520548,19.42115068,11.11238356,73.66134247,1665.75,6253.82,2893.12,1.433835616,5.5,1221.05,5925.0,November,Gandaki
2022,Gorkha,110.0,1282.0,Barley,14.78520548,19.42115068,11.11238356,73.66134247,1665.75,6253.82,2893.12,1.433835616,5.5,1221.05,141.02,November,Gandaki
2022,Gulmi,7556.0,3859.0,Rice,19.74057534,24.67093151,15.95410959,66.47813699,1681.09,6303.83,2921.96,1.645479452,6.1,1412.7,29158.604,July,Lumbini
2022,Gulmi,22488.0,3041.0,Maize,19.74057534,24.67093151,15.95410959,66.47813699,1681.09,6303.83,2921.96,1.645479452,6.1,1412.7,68386.008,April,Lumbini
2022,Gulmi,2921.0,1310.0,Millet,19.74057534,24.67093151,15.95410959,66.47813699,1681.09,6303.83,2921.96,1.645479452,6.1,1412.7,3826.51,August,Lumbini
2022,Gulmi,205.0,1900.0,Buckwheat,19.74057534,24.67093151,15.95410959,66.47813699,1681.09,6303.83,2921.96,1.645479452,6.1,1412.7,389.5,September,Lumbini
2022,Gulmi,6480.0,2990.0,Wheat,19.74057534,24.67093151,15.95410959,66.47813699,1681.09,6303.83,2921.96,1.645479452,6.1,1412.7,19375.2,November,Lumbini
2022,Gulmi,420.0,1300.0,Barley,19.74057534,24.67093151,15.95410959,66.47813699,1681.09,6303.83,2921.96,1.645479452,6.1,1412.7,546.0,November,Lumbini
2022,Humla,626.0,1570.0,Rice,-0.107479452,6.164027397,-5.43260274,74.57010959,605.67,7059.68,2976.06,1.976,6.5,0.0,982.82,July,Karnali
2022,Humla,239.0,1142.0,Maize,-0.107479452,6.164027397,-5.43260274,74.57010959,605.67,7059.68,2976.06,1.976,6.5,0.0,272.938,April,Karnali
2022,Humla,1308.0,1072.0,Millet,-0.107479452,6.164027397,-5.43260274,74.57010959,605.67,7059.68,2976.06,1.976,6.5,0.0,1402.176,August,Karnali
2022,Humla,806.0,1108.0,Buckwheat,-0.107479452,6.164027397,-5.43260274,74.57010959,605.67,7059.68,2976.06,1.976,6.5,0.0,893.048,September,Karnali
2022,Humla,1072.0,1061.0,Wheat,-0.107479452,6.164027397,-5.43260274,74.57010959,605.67,7059.68,2976.06,1.976,6.5,0.0,1137.392,November,Karnali
2022,Humla,642.0,1263.0,Barley,-0.107479452,6.164027397,-5.43260274,74.57010959,605.67,7059.68,2976.06,1.976,6.5,0.0,810.846,November,Karnali
2022,Illam,11969.0,3595.0,Rice,18.19120548,22.61147945,14.86271233,77.76772603,2380.33,5400.37,2377.82,1.171561644,5.5,1231.5,43028.555,July,Unknown
2022,Illam,32995.0,3830.0,Maize,18.19120548,22.61147945,14.86271233,77.76772603,2380.33,5400.37,2377.82,1.171561644,5.5,1231.5,126370.85,April,Unknown
2022,Illam,1597.0,1200.0,Millet,18.19120548,22.61147945,14.86271233,77.76772603,2380.33,5400.37,2377.82,1.171561644,5.5,1231.5,1916.4,August,Unknown
2022,Illam,19.0,1053.0,Buckwheat,18.19120548,22.61147945,14.86271233,77.76772603,2380.33,5400.37,2377.82,1.171561644,5.5,1231.5,20.007,September,Unknown
2022,Illam,4580.0,2550.0,Wheat,18.19120548,22.61147945,14.86271233,77.76772603,2380.33,5400.37,2377.82,1.171561644,5.5,1231.5,11679.0,November,Unknown
2022,Illam,50.0,1240.0,Barley,18.19120548,22.61147945,14.86271233,77.76772603,2380.33,5400.37,2377.82,1.171561644,5.5,1231.5,62.0,November,Unknown
2022,Jajarkot,2565.0,3429.0,Rice,21.8780274,27.19071233,17.63739726,65.11879452,1365.12,6072.85,2625.59,1.817780822,6.2,424.65,8795.385,July,Karnali
2022,Jajarkot,10450.0,2453.0,Maize,21.8780274,27.19071233,17.63739726,65.11879452,1365.12,6072.85,2625.59,1.817780822,6.2,424.65,25633.85,April,Karnali
2022,Jajarkot,1315.0,1435.0,Millet,21.8780274,27.19071233,17.63739726,65.11879452,1365.12,6072.85,2625.59,1.817780822,6.2,424.65,1887.025,August,Karnali
2022,Jajarkot,31.0,1516.0,Buckwheat,21.8780274,27.19071233,17.63739726,65.11879452,1365.12,6072.85,2625.59,1.817780822,6.2,424.65,46.996,September,Karnali
2022,Jajarkot,10432.0,2407.0,Wheat,21.8780274,27.19071233,17.63739726,65.11879452,1365.12,6072.85,2625.59,1.817780822,6.2,424.65,25109.824,November,Karnali
2022,Jajarkot,615.0,1135.0,Barley,21.8780274,27.19071233,17.63739726,65.11879452,1365.12,6072.85,2625.59,1.817780822,6.2,424.65,698.025,November,Karnali
2022,Jhapa,92910.0,4389.0,Rice,23.81326027,28.56046575,20.05408219,74.61832877,2417.94,5645.47,2521.16,1.49690411,5.7,20280.9,407781.99,July,Koshi
2022,Jhapa,44250.0,5100.0,Maize,23.81326027,28.56046575,20.05408219,74.61832877,2417.94,5645.47,2521.16,1.49690411,5.7,20280.9,225675.0,April,Koshi
2022,Jhapa,850.0,1300.0,Millet,23.81326027,28.56046575,20.05408219,74.61832877,2417.94,5645.47,2521.16,1.49690411,5.7,20280.9,1105.0,August,Koshi
2022,Jhapa,1850.0,2010.0,Buckwheat,23.81326027,28.56046575,20.05408219,74.61832877,2417.94,5645.47,2521.16,1.49690411,5.7,20280.9,3718.5,September,Koshi
2022,Jhapa,5000.0,2701.0,Wheat,23.81326027,28.56046575,20.05408219,74.61832877,2417.94,5645.47,2521.16,1.49690411,5.7,20280.9,13505.0,November,Koshi
2022,Jhapa,5.0,2000.0,Barley,23.81326027,28.56046575,20.05408219,74.61832877,2417.94,5645.47,2521.16,1.49690411,5.7,20280.9,10.0,November,Koshi
2022,Jumla,2850.0,1703.0,Rice,9.316054795,15.51673973,4.300958904,69.0760274,812.98,6541.24,2774.87,1.625041096,6.5,0.0,4853.55,July,Karnali
2022,Jumla,4452.0,2510.0,Maize,9.316054795,15.51673973,4.300958904,69.0760274,812.98,6541.24,2774.87,1.625041096,6.5,0.0,11174.52,April,Karnali
2022,Jumla,3165.0,1255.0,Millet,9.316054795,15.51673973,4.300958904,69.0760274,812.98,6541.24,2774.87,1.625041096,6.5,0.0,3972.075,August,Karnali
2022,Jumla,87.0,1092.0,Buckwheat,9.316054795,15.51673973,4.300958904,69.0760274,812.98,6541.24,2774.87,1.625041096,6.5,0.0,95.004,September,Karnali
2022,Jumla,2461.0,2194.0,Wheat,9.316054795,15.51673973,4.300958904,69.0760274,812.98,6541.24,2774.87,1.625041096,6.5,0.0,5399.434,November,Karnali
2022,Jumla,815.0,5663.0,Barley,9.316054795,15.51673973,4.300958904,69.0760274,812.98,6541.24,2774.87,1.625041096,6.5,0.0,4615.345,November,Karnali
2022,Kailali,71380.0,4520.0,Rice,25.03175342,30.98772603,20.01934247,61.97216438,1293.23,6037.38,2687.68,1.551041096,6.6,20.2,322637.6,July,Sudurpashchim
2022,Kailali,5975.0,3250.0,Maize,25.03175342,30.98772603,20.01934247,61.97216438,1293.23,6037.38,2687.68,1.551041096,6.6,20.2,19418.75,April,Sudurpashchim
2022,Kailali,105.0,1190.0,Millet,25.03175342,30.98772603,20.01934247,61.97216438,1293.23,6037.38,2687.68,1.551041096,6.6,20.2,124.95,August,Sudurpashchim
2022,Kailali,0.0,0.0,Buckwheat,25.03175342,30.98772603,20.01934247,61.97216438,1293.23,6037.38,2687.68,1.551041096,6.6,20.2,0.0,September,Sudurpashchim
2022,Kailali,39565.0,3690.0,Wheat,25.03175342,30.98772603,20.01934247,61.97216438,1293.23,6037.38,2687.68,1.551041096,6.6,20.2,145994.85,November,Sudurpashchim
2022,Kailali,19.0,1000.0,Barley,25.03175342,30.98772603,20.01934247,61.97216438,1293.23,6037.38,2687.68,1.551041096,6.6,20.2,19.0,November,Sudurpashchim
2022,Kalikot,2322.0,2110.0,Rice,12.61068493,17.87649315,8.272684932,71.65652055,1249.65,6247.63,2717.87,1.49690411,6.2,10072.05,4899.42,July,Karnali
2022,Kalikot,3773.0,2191.0,Maize,12.61068493,17.87649315,8.272684932,71.65652055,1249.65,6247.63,2717.87,1.49690411,6.2,10072.05,8266.643,April,Karnali
2022,Kalikot,1261.0,1080.0,Millet,12.61068493,17.87649315,8.272684932,71.65652055,1249.65,6247.63,2717.87,1.49690411,6.2,10072.05,1361.88,August,Karnali
2022,Kalikot,123.0,1154.0,Buckwheat,12.61068493,17.87649315,8.272684932,71.65652055,1249.65,6247.63,2717.87,1.49690411,6.2,10072.05,141.942,September,Karnali
2022,Kalikot,5606.0,2068.0,Wheat,12.61068493,17.87649315,8.272684932,71.65652055,1249.65,6247.63,2717.87,1.49690411,6.2,10072.05,11593.208,November,Karnali
2022,Kalikot,660.0,1965.0,Barley,12.61068493,17.87649315,8.272684932,71.65652055,1249.65,6247.63,2717.87,1.49690411,6.2,10072.05,1296.9,November,Karnali
2022,Kanchanpur,48606.0,3322.0,Rice,21.69189041,27.79189041,16.82767123,62.42624658,1240.23,6065.79,2723.1,0.984547945,6.2,10079.5,161469.132,July,Sudurpashchim
2022,Kanchanpur,3095.0,4500.0,Maize,21.69189041,27.79189041,16.82767123,62.42624658,1240.23,6065.79,2723.1,0.984547945,6.2,10079.5,13927.5,April,Sudurpashchim
2022,Kanchanpur,0.0,0.0,Millet,21.69189041,27.79189041,16.82767123,62.42624658,1240.23,6065.79,2723.1,0.984547945,6.2,10079.5,0.0,August,Sudurpashchim
2022,Kanchanpur,0.0,0.0,Buckwheat,21.69189041,27.79189041,16.82767123,62.42624658,1240.23,6065.79,2723.1,0.984547945,6.2,10079.5,0.0,September,Sudurpashchim
2022,Kanchanpur,31210.0,3230.0,Wheat,21.69189041,27.79189041,16.82767123,62.42624658,1240.23,6065.79,2723.1,0.984547945,6.2,10079.5,100808.3,November,Sudurpashchim
2022,Kanchanpur,13.0,692.0,Barley,21.69189041,27.79189041,16.82767123,62.42624658,1240.23,6065.79,2723.1,0.984547945,6.2,10079.5,8.996,November,Sudurpashchim
2022,Kapilbastu,65855.0,3560.0,Rice,24.93687671,30.74057534,20.13906849,63.66273973,1395.13,6303.83,2921.96,1.824082192,6.9,5704.8,234443.8,July,Lumbini
2022,Kapilbastu,1352.0,3342.0,Maize,24.93687671,30.74057534,20.13906849,63.66273973,1395.13,6303.83,2921.96,1.824082192,6.9,5704.8,4518.384,April,Lumbini
2022,Kapilbastu,0.0,0.0,Millet,24.93687671,30.74057534,20.13906849,63.66273973,1395.13,6303.83,2921.96,1.824082192,6.9,5704.8,0.0,August,Lumbini
2022,Kapilbastu,19.0,974.0,Buckwheat,24.93687671,30.74057534,20.13906849,63.66273973,1395.13,6303.83,2921.96,1.824082192,6.9,5704.8,18.506,September,Lumbini
2022,Kapilbastu,28305.0,3446.0,Wheat,24.93687671,30.74057534,20.13906849,63.66273973,1395.13,6303.83,2921.96,1.824082192,6.9,5704.8,97539.03,November,Lumbini
2022,Kapilbastu,97.0,1870.0,Barley,24.93687671,30.74057534,20.13906849,63.66273973,1395.13,6303.83,2921.96,1.824082192,6.9,5704.8,181.39,November,Lumbini
2022,Kaski,18386.0,3138.0,Rice,5.127369863,9.972520548,1.138,77.43668493,2146.69,5854.11,2596.11,1.548520548,6.7,2444.6,57695.268,July,Gandaki
2022,Kaski,12443.0,2950.0,Maize,5.127369863,9.972520548,1.138,77.43668493,2146.69,5854.11,2596.11,1.548520548,6.7,2444.6,36706.85,April,Gandaki
2022,Kaski,9195.0,1550.0,Millet,5.127369863,9.972520548,1.138,77.43668493,2146.69,5854.11,2596.11,1.548520548,6.7,2444.6,14252.25,August,Gandaki
2022,Kaski,10.0,1200.0,Buckwheat,5.127369863,9.972520548,1.138,77.43668493,2146.69,5854.11,2596.11,1.548520548,6.7,2444.6,12.0,September,Gandaki
2022,Kaski,5500.0,2510.0,Wheat,5.127369863,9.972520548,1.138,77.43668493,2146.69,5854.11,2596.11,1.548520548,6.7,2444.6,13805.0,November,Gandaki
2022,Kaski,6.0,1000.0,Barley,5.127369863,9.972520548,1.138,77.43668493,2146.69,5854.11,2596.11,1.548520548,6.7,2444.6,6.0,November,Gandaki
2022,Kathmandu,5556.0,4510.0,Rice,18.79052055,23.48761644,15.22506849,71.14569863,1242.18,6149.85,2737.48,1.38430137,6.5,3335.5,25057.56,July,Bagmati
2022,Kathmandu,6317.0,4010.0,Maize,18.79052055,23.48761644,15.22506849,71.14569863,1242.18,6149.85,2737.48,1.38430137,6.5,3335.5,25331.17,April,Bagmati
2022,Kathmandu,602.0,1050.0,Millet,18.79052055,23.48761644,15.22506849,71.14569863,1242.18,6149.85,2737.48,1.38430137,6.5,3335.5,632.1,August,Bagmati
2022,Kathmandu,4.0,1000.0,Buckwheat,18.79052055,23.48761644,15.22506849,71.14569863,1242.18,6149.85,2737.48,1.38430137,6.5,3335.5,4.0,September,Bagmati
2022,Kathmandu,2043.0,4640.0,Wheat,18.79052055,23.48761644,15.22506849,71.14569863,1242.18,6149.85,2737.48,1.38430137,6.5,3335.5,9479.52,November,Bagmati
2022,Kathmandu,0.0,0.0,Barley,18.79052055,23.48761644,15.22506849,71.14569863,1242.18,6149.85,2737.48,1.38430137,6.5,3335.5,0.0,November,Bagmati
2022,Kavre,9980.0,3848.0,Rice,18.79052055,23.48761644,15.22506849,71.14569863,1242.18,6149.85,2737.48,1.38430137,5.7,7969.05,38403.04,July,Unknown
2022,Kavre,25620.0,3500.0,Maize,18.79052055,23.48761644,15.22506849,71.14569863,1242.18,6149.85,2737.48,1.38430137,5.7,7969.05,89670.0,April,Unknown
2022,Kavre,3510.0,1300.0,Millet,18.79052055,23.48761644,15.22506849,71.14569863,1242.18,6149.85,2737.48,1.38430137,5.7,7969.05,4563.0,August,Unknown
2022,Kavre,600.0,1080.0,Buckwheat,18.79052055,23.48761644,15.22506849,71.14569863,1242.18,6149.85,2737.48,1.38430137,5.7,7969.05,648.0,September,Unknown
2022,Kavre,8550.0,2900.0,Wheat,18.79052055,23.48761644,15.22506849,71.14569863,1242.18,6149.85,2737.48,1.38430137,5.7,7969.05,24795.0,November,Unknown
2022,Kavre,347.0,980.0,Barley,18.79052055,23.48761644,15.22506849,71.14569863,1242.18,6149.85,2737.48,1.38430137,5.7,7969.05,340.06,November,Unknown
2022,Khotang,12149.0,2829.0,Rice,13.69747945,18.52172603,10.04586301,72.78534247,1005.16,5711.35,2568.91,1.523726027,5.5,868.07,34369.521,July,Koshi
2022,Khotang,31845.0,1780.0,Maize,13.69747945,18.52172603,10.04586301,72.78534247,1005.16,5711.35,2568.91,1.523726027,5.5,868.07,56684.1,April,Koshi
2022,Khotang,21315.0,1800.0,Millet,13.69747945,18.52172603,10.04586301,72.78534247,1005.16,5711.35,2568.91,1.523726027,5.5,868.07,38367.0,August,Koshi
2022,Khotang,550.0,1053.0,Buckwheat,13.69747945,18.52172603,10.04586301,72.78534247,1005.16,5711.35,2568.91,1.523726027,5.5,868.07,579.15,September,Koshi
2022,Khotang,3530.0,1850.0,Wheat,13.69747945,18.52172603,10.04586301,72.78534247,1005.16,5711.35,2568.91,1.523726027,5.5,868.07,6530.5,November,Koshi
2022,Khotang,350.0,1366.0,Barley,13.69747945,18.52172603,10.04586301,72.78534247,1005.16,5711.35,2568.91,1.523726027,5.5,868.07,478.1,November,Koshi
2022,Lalitpur,4012.0,4460.0,Rice,18.79052055,23.48761644,15.22506849,71.14569863,1242.18,6149.85,2737.48,1.38430137,6.9,1478.55,17893.52,July,Bagmati
2022,Lalitpur,9160.0,4020.0,Maize,18.79052055,23.48761644,15.22506849,71.14569863,1242.18,6149.85,2737.48,1.38430137,6.9,1478.55,36823.2,April,Bagmati
2022,Lalitpur,520.0,1050.0,Millet,18.79052055,23.48761644,15.22506849,71.14569863,1242.18,6149.85,2737.48,1.38430137,6.9,1478.55,546.0,August,Bagmati
2022,Lalitpur,0.0,0.0,Buckwheat,18.79052055,23.48761644,15.22506849,71.14569863,1242.18,6149.85,2737.48,1.38430137,6.9,1478.55,0.0,September,Bagmati
2022,Lalitpur,2502.0,3740.0,Wheat,18.79052055,23.48761644,15.22506849,71.14569863,1242.18,6149.85,2737.48,1.38430137,6.9,1478.55,9357.48,November,Bagmati
2022,Lalitpur,40.0,1200.0,Barley,18.79052055,23.48761644,15.22506849,71.14569863,1242.18,6149.85,2737.48,1.38430137,6.9,1478.55,48.0,November,Bagmati
2022,Lamjung,13305.0,3372.0,Rice,5.127369863,9.972520548,1.138,77.43668493,2146.69,5854.11,2596.11,1.548520548,5.4,902.35,44864.46,July,Gandaki
2022,Lamjung,12570.0,2450.0,Maize,5.127369863,9.972520548,1.138,77.43668493,2146.69,5854.11,2596.11,1.548520548,5.4,902.35,30796.5,April,Gandaki
2022,Lamjung,7200.0,1220.0,Millet,5.127369863,9.972520548,1.138,77.43668493,2146.69,5854.11,2596.11,1.548520548,5.4,902.35,8784.0,August,Gandaki
2022,Lamjung,15.0,933.0,Buckwheat,5.127369863,9.972520548,1.138,77.43668493,2146.69,5854.11,2596.11,1.548520548,5.4,902.35,13.995,September,Gandaki
2022,Lamjung,15.0,2600.0,Wheat,5.127369863,9.972520548,1.138,77.43668493,2146.69,5854.11,2596.11,1.548520548,5.4,902.35,39.0,November,Gandaki
2022,Lamjung,10.0,1800.0,Barley,5.127369863,9.972520548,1.138,77.43668493,2146.69,5854.11,2596.11,1.548520548,5.4,902.35,18.0,November,Gandaki
2022,Mahottari,34135.0,3508.0,Rice,25.37953425,31.59649315,20.17734247,66.45328767,1135.04,6000.2,2672.61,1.942164384,6.8,8109.4,119745.58,July,Madhesh
2022,Mahottari,9754.0,3053.0,Maize,25.37953425,31.59649315,20.17734247,66.45328767,1135.04,6000.2,2672.61,1.942164384,6.8,8109.4,29778.962,April,Madhesh
2022,Mahottari,300.0,1100.0,Millet,25.37953425,31.59649315,20.17734247,66.45328767,1135.04,6000.2,2672.61,1.942164384,6.8,8109.4,330.0,August,Madhesh
2022,Mahottari,0.0,0.0,Buckwheat,25.37953425,31.59649315,20.17734247,66.45328767,1135.04,6000.2,2672.61,1.942164384,6.8,8109.4,0.0,September,Madhesh
2022,Mahottari,29320.0,3364.0,Wheat,25.37953425,31.59649315,20.17734247,66.45328767,1135.04,6000.2,2672.61,1.942164384,6.8,8109.4,98632.48,November,Madhesh
2022,Mahottari,10.0,1200.0,Barley,25.37953425,31.59649315,20.17734247,66.45328767,1135.04,6000.2,2672.61,1.942164384,6.8,8109.4,12.0,November,Madhesh
2022,Makwanpur,12070.0,4003.0,Rice,21.54923288,26.40646575,17.718,70.21076712,1629.85,6253.82,2893.12,1.366876712,5.9,4620.95,48316.21,July,Bagmati
2022,Makwanpur,24120.0,3000.0,Maize,21.54923288,26.40646575,17.718,70.21076712,1629.85,6253.82,2893.12,1.366876712,5.9,4620.95,72360.0,April,Bagmati
2022,Makwanpur,2655.0,1200.0,Millet,21.54923288,26.40646575,17.718,70.21076712,1629.85,6253.82,2893.12,1.366876712,5.9,4620.95,3186.0,August,Bagmati
2022,Makwanpur,170.0,1100.0,Buckwheat,21.54923288,26.40646575,17.718,70.21076712,1629.85,6253.82,2893.12,1.366876712,5.9,4620.95,187.0,September,Bagmati
2022,Makwanpur,3840.0,3500.0,Wheat,21.54923288,26.40646575,17.718,70.21076712,1629.85,6253.82,2893.12,1.366876712,5.9,4620.95,13440.0,November,Bagmati
2022,Makwanpur,240.0,1300.0,Barley,21.54923288,26.40646575,17.718,70.21076712,1629.85,6253.82,2893.12,1.366876712,5.9,4620.95,312.0,November,Bagmati
2022,Manang,0.0,0.0,Rice,5.127369863,9.972520548,1.138,77.43668493,2146.69,5854.11,2596.11,1.548520548,6.3,12.9,0.0,July,Gandaki
2022,Manang,135.0,1978.0,Maize,5.127369863,9.972520548,1.138,77.43668493,2146.69,5854.11,2596.11,1.548520548,6.3,12.9,267.03,April,Gandaki
2022,Manang,2.0,1000.0,Millet,5.127369863,9.972520548,1.138,77.43668493,2146.69,5854.11,2596.11,1.548520548,6.3,12.9,2.0,August,Gandaki
2022,Manang,80.0,1600.0,Buckwheat,5.127369863,9.972520548,1.138,77.43668493,2146.69,5854.11,2596.11,1.548520548,6.3,12.9,128.0,September,Gandaki
2022,Manang,105.0,2352.0,Wheat,5.127369863,9.972520548,1.138,77.43668493,2146.69,5854.11,2596.11,1.548520548,6.3,12.9,246.96,November,Gandaki
2022,Manang,122.0,1598.0,Barley,5.127369863,9.972520548,1.138,77.43668493,2146.69,5854.11,2596.11,1.548520548,6.3,12.9,194.956,November,Gandaki
2022,Morang,88045.0,4458.0,Rice,24.07419178,29.24810959,19.88920548,70.96052055,1631.09,5645.47,2521.16,1.547506849,6.8,22987.95,392504.61,July,Koshi
2022,Morang,20052.0,6600.0,Maize,24.07419178,29.24810959,19.88920548,70.96052055,1631.09,5645.47,2521.16,1.547506849,6.8,22987.95,132343.2,April,Koshi
2022,Morang,1290.0,1230.0,Millet,24.07419178,29.24810959,19.88920548,70.96052055,1631.09,5645.47,2521.16,1.547506849,6.8,22987.95,1586.7,August,Koshi
2022,Morang,52.0,1135.0,Buckwheat,24.07419178,29.24810959,19.88920548,70.96052055,1631.09,5645.47,2521.16,1.547506849,6.8,22987.95,59.02,September,Koshi
2022,Morang,11755.0,2866.0,Wheat,24.07419178,29.24810959,19.88920548,70.96052055,1631.09,5645.47,2521.16,1.547506849,6.8,22987.95,33689.83,November,Koshi
2022,Morang,0.0,0.0,Barley,24.07419178,29.24810959,19.88920548,70.96052055,1631.09,5645.47,2521.16,1.547506849,6.8,22987.95,0.0,November,Koshi
2022,Mugu,565.0,1504.0,Rice,12.61068493,17.87649315,8.272684932,71.65652055,1249.65,6247.63,2717.87,1.49690411,5.7,0.0,849.76,July,Karnali
2022,Mugu,2635.0,509.0,Maize,12.61068493,17.87649315,8.272684932,71.65652055,1249.65,6247.63,2717.87,1.49690411,5.7,0.0,1341.215,April,Karnali
2022,Mugu,2122.0,1977.0,Millet,12.61068493,17.87649315,8.272684932,71.65652055,1249.65,6247.63,2717.87,1.49690411,5.7,0.0,4195.194,August,Karnali
2022,Mugu,609.0,1123.0,Buckwheat,12.61068493,17.87649315,8.272684932,71.65652055,1249.65,6247.63,2717.87,1.49690411,5.7,0.0,683.907,September,Karnali
2022,Mugu,1782.0,1838.0,Wheat,12.61068493,17.87649315,8.272684932,71.65652055,1249.65,6247.63,2717.87,1.49690411,5.7,0.0,3275.316,November,Karnali
2022,Mugu,630.0,1810.0,Barley,12.61068493,17.87649315,8.272684932,71.65652055,1249.65,6247.63,2717.87,1.49690411,5.7,0.0,1140.3,November,Karnali
2022,Mustang,0.0,0.0,Rice,8.104082192,13.13712329,4.082547945,74.21430137,2284.96,5839.74,2534.06,1.502109589,7.3,5.0,0.0,July,Gandaki
2022,Mustang,55.0,1473.0,Maize,8.104082192,13.13712329,4.082547945,74.21430137,2284.96,5839.74,2534.06,1.502109589,7.3,5.0,81.015,April,Gandaki
2022,Mustang,2.0,1000.0,Millet,8.104082192,13.13712329,4.082547945,74.21430137,2284.96,5839.74,2534.06,1.502109589,7.3,5.0,2.0,August,Gandaki
2022,Mustang,125.0,1896.0,Buckwheat,8.104082192,13.13712329,4.082547945,74.21430137,2284.96,5839.74,2534.06,1.502109589,7.3,5.0,237.0,September,Gandaki
2022,Mustang,74.0,1689.0,Wheat,8.104082192,13.13712329,4.082547945,74.21430137,2284.96,5839.74,2534.06,1.502109589,7.3,5.0,124.986,November,Gandaki
2022,Mustang,44.0,1568.0,Barley,8.104082192,13.13712329,4.082547945,74.21430137,2284.96,5839.74,2534.06,1.502109589,7.3,5.0,68.992,November,Gandaki
2022,Myagdi,3830.0,3541.0,Rice,8.104082192,13.13712329,4.082547945,74.21430137,2284.96,5839.74,2534.06,1.502109589,5.8,359.65,13562.03,July,Gandaki
2022,Myagdi,8800.0,3400.0,Maize,8.104082192,13.13712329,4.082547945,74.21430137,2284.96,5839.74,2534.06,1.502109589,5.8,359.65,29920.0,April,Gandaki
2022,Myagdi,2500.0,1230.0,Millet,8.104082192,13.13712329,4.082547945,74.21430137,2284.96,5839.74,2534.06,1.502109589,5.8,359.65,3075.0,August,Gandaki
2022,Myagdi,160.0,1113.0,Buckwheat,8.104082192,13.13712329,4.082547945,74.21430137,2284.96,5839.74,2534.06,1.502109589,5.8,359.65,178.08,September,Gandaki
2022,Myagdi,2400.0,2480.0,Wheat,8.104082192,13.13712329,4.082547945,74.21430137,2284.96,5839.74,2534.06,1.502109589,5.8,359.65,5952.0,November,Gandaki
2022,Myagdi,260.0,1438.0,Barley,8.104082192,13.13712329,4.082547945,74.21430137,2284.96,5839.74,2534.06,1.502109589,5.8,359.65,373.88,November,Gandaki
2022,Nawalparasi,40431.0,8223.0,Rice,24.34961644,29.90191781,19.72515068,66.96838356,1693.44,6303.83,2921.96,1.523780822,5.9,8180.1,332464.113,July,Unknown
2022,Nawalparasi,11646.0,6471.0,Maize,24.34961644,29.90191781,19.72515068,66.96838356,1693.44,6303.83,2921.96,1.523780822,5.9,8180.1,75361.266,April,Unknown
2022,Nawalparasi,303.0,2184.0,Millet,24.34961644,29.90191781,19.72515068,66.96838356,1693.44,6303.83,2921.96,1.523780822,5.9,8180.1,661.752,August,Unknown
2022,Nawalparasi,100.0,2160.0,Buckwheat,24.34961644,29.90191781,19.72515068,66.96838356,1693.44,6303.83,2921.96,1.523780822,5.9,8180.1,216.0,September,Unknown
2022,Nawalparasi,15610.0,5890.0,Wheat,24.34961644,29.90191781,19.72515068,66.96838356,1693.44,6303.83,2921.96,1.523780822,5.9,8180.1,91942.9,November,Unknown
2022,Nawalparasi,160.0,2453.0,Barley,24.34961644,29.90191781,19.72515068,66.96838356,1693.44,6303.83,2921.96,1.523780822,5.9,8180.1,392.48,November,Unknown
2022,Nuwakot,17847.0,4215.0,Rice,9.092383562,14.25720548,5.033808219,74.58591781,1038.43,6149.85,2737.48,1.638493151,5.7,6178.75,75225.105,July,Bagmati
2022,Nuwakot,16218.0,3050.0,Maize,9.092383562,14.25720548,5.033808219,74.58591781,1038.43,6149.85,2737.48,1.638493151,5.7,6178.75,49464.9,April,Bagmati
2022,Nuwakot,5114.0,1419.0,Millet,9.092383562,14.25720548,5.033808219,74.58591781,1038.43,6149.85,2737.48,1.638493151,5.7,6178.75,7256.766,August,Bagmati
2022,Nuwakot,219.0,1055.0,Buckwheat,9.092383562,14.25720548,5.033808219,74.58591781,1038.43,6149.85,2737.48,1.638493151,5.7,6178.75,231.045,September,Bagmati
2022,Nuwakot,4493.0,3566.0,Wheat,9.092383562,14.25720548,5.033808219,74.58591781,1038.43,6149.85,2737.48,1.638493151,5.7,6178.75,16022.038,November,Bagmati
2022,Nuwakot,154.0,1260.0,Barley,9.092383562,14.25720548,5.033808219,74.58591781,1038.43,6149.85,2737.48,1.638493151,5.7,6178.75,194.04,November,Bagmati
2022,Okhaldhunga,4043.0,2969.0,Rice,13.69747945,18.52172603,10.04586301,72.78534247,1005.16,5711.35,2568.91,1.523726027,5.7,1564.15,12003.667,July,Koshi
2022,Okhaldhunga,12400.0,3300.0,Maize,13.69747945,18.52172603,10.04586301,72.78534247,1005.16,5711.35,2568.91,1.523726027,5.7,1564.15,40920.0,April,Koshi
2022,Okhaldhunga,7751.0,2500.0,Millet,13.69747945,18.52172603,10.04586301,72.78534247,1005.16,5711.35,2568.91,1.523726027,5.7,1564.15,19377.5,August,Koshi
2022,Okhaldhunga,93.0,935.0,Buckwheat,13.69747945,18.52172603,10.04586301,72.78534247,1005.16,5711.35,2568.91,1.523726027,5.7,1564.15,86.955,September,Koshi
2022,Okhaldhunga,2145.0,1552.0,Wheat,13.69747945,18.52172603,10.04586301,72.78534247,1005.16,5711.35,2568.91,1.523726027,5.7,1564.15,3329.04,November,Koshi
2022,Okhaldhunga,80.0,1375.0,Barley,13.69747945,18.52172603,10.04586301,72.78534247,1005.16,5711.35,2568.91,1.523726027,5.7,1564.15,110.0,November,Koshi
2022,Palpa,8610.0,3148.0,Rice,18.93142466,23.48323288,15.36120548,71.38808219,2217.11,6303.83,2921.96,1.410986301,5.9,2353.1,27104.28,July,Lumbini
2022,Palpa,21867.0,2659.0,Maize,18.93142466,23.48323288,15.36120548,71.38808219,2217.11,6303.83,2921.96,1.410986301,5.9,2353.1,58144.353,April,Lumbini
2022,Palpa,2418.0,1330.0,Millet,18.93142466,23.48323288,15.36120548,71.38808219,2217.11,6303.83,2921.96,1.410986301,5.9,2353.1,3215.94,August,Lumbini
2022,Palpa,198.0,920.0,Buckwheat,18.93142466,23.48323288,15.36120548,71.38808219,2217.11,6303.83,2921.96,1.410986301,5.9,2353.1,182.16,September,Lumbini
2022,Palpa,5760.0,2300.0,Wheat,18.93142466,23.48323288,15.36120548,71.38808219,2217.11,6303.83,2921.96,1.410986301,5.9,2353.1,13248.0,November,Lumbini
2022,Palpa,144.0,1130.0,Barley,18.93142466,23.48323288,15.36120548,71.38808219,2217.11,6303.83,2921.96,1.410986301,5.9,2353.1,162.72,November,Lumbini
2022,Panchthar,7762.0,2946.0,Rice,10.76241096,15.8229589,6.848767123,81.02134247,1179.64,5400.37,2377.82,1.786794521,5.7,899.05,22866.852,July,Koshi
2022,Panchthar,18658.0,2300.0,Maize,10.76241096,15.8229589,6.848767123,81.02134247,1179.64,5400.37,2377.82,1.786794521,5.7,899.05,42913.4,April,Koshi
2022,Panchthar,3208.0,2000.0,Millet,10.76241096,15.8229589,6.848767123,81.02134247,1179.64,5400.37,2377.82,1.786794521,5.7,899.05,6416.0,August,Koshi
2022,Panchthar,51.0,745.0,Buckwheat,10.76241096,15.8229589,6.848767123,81.02134247,1179.64,5400.37,2377.82,1.786794521,5.7,899.05,37.995,September,Koshi
2022,Panchthar,3902.0,1660.0,Wheat,10.76241096,15.8229589,6.848767123,81.02134247,1179.64,5400.37,2377.82,1.786794521,5.7,899.05,6477.32,November,Koshi
2022,Panchthar,300.0,1300.0,Barley,10.76241096,15.8229589,6.848767123,81.02134247,1179.64,5400.37,2377.82,1.786794521,5.7,899.05,390.0,November,Koshi
2022,Parbat,7625.0,3670.0,Rice,8.104082192,13.13712329,4.082547945,74.21430137,2284.96,5839.74,2534.06,1.502109589,5.7,724.55,27983.75,July,Gandaki
2022,Parbat,12500.0,2585.0,Maize,8.104082192,13.13712329,4.082547945,74.21430137,2284.96,5839.74,2534.06,1.502109589,5.7,724.55,32312.5,April,Gandaki
2022,Parbat,7350.0,1110.0,Millet,8.104082192,13.13712329,4.082547945,74.21430137,2284.96,5839.74,2534.06,1.502109589,5.7,724.55,8158.5,August,Gandaki
2022,Parbat,110.0,1318.0,Buckwheat,8.104082192,13.13712329,4.082547945,74.21430137,2284.96,5839.74,2534.06,1.502109589,5.7,724.55,144.98,September,Gandaki
2022,Parbat,2230.0,2440.0,Wheat,8.104082192,13.13712329,4.082547945,74.21430137,2284.96,5839.74,2534.06,1.502109589,5.7,724.55,5441.2,November,Gandaki
2022,Parbat,55.0,1309.0,Barley,8.104082192,13.13712329,4.082547945,74.21430137,2284.96,5839.74,2534.06,1.502109589,5.7,724.55,71.995,November,Gandaki
2022,Parsa,47130.0,4223.0,Rice,24.80569863,30.68890411,19.81476712,68.07394521,1380.47,6253.82,2893.12,1.769753425,6.9,11859.8,199029.99,July,Madhesh
2022,Parsa,4189.0,4098.0,Maize,24.80569863,30.68890411,19.81476712,68.07394521,1380.47,6253.82,2893.12,1.769753425,6.9,11859.8,17166.522,April,Madhesh
2022,Parsa,36.0,1000.0,Millet,24.80569863,30.68890411,19.81476712,68.07394521,1380.47,6253.82,2893.12,1.769753425,6.9,11859.8,36.0,August,Madhesh
2022,Parsa,0.0,0.0,Buckwheat,24.80569863,30.68890411,19.81476712,68.07394521,1380.47,6253.82,2893.12,1.769753425,6.9,11859.8,0.0,September,Madhesh
2022,Parsa,26065.0,3745.0,Wheat,24.80569863,30.68890411,19.81476712,68.07394521,1380.47,6253.82,2893.12,1.769753425,6.9,11859.8,97613.425,November,Madhesh
2022,Parsa,35.0,1457.0,Barley,24.80569863,30.68890411,19.81476712,68.07394521,1380.47,6253.82,2893.12,1.769753425,6.9,11859.8,50.995,November,Madhesh
2022,Pyuthan,5989.0,3831.0,Rice,21.8780274,27.19071233,17.63739726,65.11879452,1365.12,6072.85,2625.59,1.817780822,6.5,1614.8,22943.859,July,Lumbini
2022,Pyuthan,12140.0,3019.0,Maize,21.8780274,27.19071233,17.63739726,65.11879452,1365.12,6072.85,2625.59,1.817780822,6.5,1614.8,36650.66,April,Lumbini
2022,Pyuthan,1894.0,1330.0,Millet,21.8780274,27.19071233,17.63739726,65.11879452,1365.12,6072.85,2625.59,1.817780822,6.5,1614.8,2519.02,August,Lumbini
2022,Pyuthan,65.0,1151.0,Buckwheat,21.8780274,27.19071233,17.63739726,65.11879452,1365.12,6072.85,2625.59,1.817780822,6.5,1614.8,74.815,September,Lumbini
2022,Pyuthan,8696.0,2888.0,Wheat,21.8780274,27.19071233,17.63739726,65.11879452,1365.12,6072.85,2625.59,1.817780822,6.5,1614.8,25114.048,November,Lumbini
2022,Pyuthan,560.0,1082.0,Barley,21.8780274,27.19071233,17.63739726,65.11879452,1365.12,6072.85,2625.59,1.817780822,6.5,1614.8,605.92,November,Lumbini
2022,Ramechap,8629.0,2173.0,Rice,13.69747945,18.52172603,10.04586301,72.78534247,1005.16,5711.35,2568.91,1.523726027,5.4,1615.95,18750.817,July,Unknown
2022,Ramechap,22166.0,2940.0,Maize,13.69747945,18.52172603,10.04586301,72.78534247,1005.16,5711.35,2568.91,1.523726027,5.4,1615.95,65168.04,April,Unknown
2022,Ramechap,4884.0,1120.0,Millet,13.69747945,18.52172603,10.04586301,72.78534247,1005.16,5711.35,2568.91,1.523726027,5.4,1615.95,5470.08,August,Unknown
2022,Ramechap,18.0,833.0,Buckwheat,13.69747945,18.52172603,10.04586301,72.78534247,1005.16,5711.35,2568.91,1.523726027,5.4,1615.95,14.994,September,Unknown
2022,Ramechap,3674.0,2330.0,Wheat,13.69747945,18.52172603,10.04586301,72.78534247,1005.16,5711.35,2568.91,1.523726027,5.4,1615.95,8560.42,November,Unknown
2022,Ramechap,63.0,1349.0,Barley,13.69747945,18.52172603,10.04586301,72.78534247,1005.16,5711.35,2568.91,1.523726027,5.4,1615.95,84.987,November,Unknown
2022,Rasuwa,1187.0,2215.0,Rice,9.092383562,14.25720548,5.033808219,74.58591781,1038.43,6332.82,2771.65,1.638493151,6.1,607.7,2629.205,July,Bagmati
2022,Rasuwa,2524.0,2525.0,Maize,9.092383562,14.25720548,5.033808219,74.58591781,1038.43,6332.82,2771.65,1.638493151,6.1,607.7,6373.1,April,Bagmati
2022,Rasuwa,895.0,1131.0,Millet,9.092383562,14.25720548,5.033808219,74.58591781,1038.43,6332.82,2771.65,1.638493151,6.1,607.7,1012.245,August,Bagmati
2022,Rasuwa,21.0,905.0,Buckwheat,9.092383562,14.25720548,5.033808219,74.58591781,1038.43,6332.82,2771.65,1.638493151,6.1,607.7,19.005,September,Bagmati
2022,Rasuwa,759.0,1621.0,Wheat,9.092383562,14.25720548,5.033808219,74.58591781,1038.43,6332.82,2771.65,1.638493151,6.1,607.7,1230.339,November,Bagmati
2022,Rasuwa,243.0,1362.0,Barley,9.092383562,14.25720548,5.033808219,74.58591781,1038.43,6332.82,2771.65,1.638493151,6.1,607.7,330.966,November,Bagmati
2022,Rautahat,36943.0,3586.0,Rice,24.1050137,29.69369863,19.65210959,66.91158904,1267.72,6000.2,2672.61,1.595616438,6.8,12876.65,132477.598,July,Madhesh
2022,Rautahat,3513.0,3650.0,Maize,24.1050137,29.69369863,19.65210959,66.91158904,1267.72,6000.2,2672.61,1.595616438,6.8,12876.65,12822.45,April,Madhesh
2022,Rautahat,70.0,857.0,Millet,24.1050137,29.69369863,19.65210959,66.91158904,1267.72,6000.2,2672.61,1.595616438,6.8,12876.65,59.99,August,Madhesh
2022,Rautahat,0.0,0.0,Buckwheat,24.1050137,29.69369863,19.65210959,66.91158904,1267.72,6000.2,2672.61,1.595616438,6.8,12876.65,0.0,September,Madhesh
2022,Rautahat,15900.0,3585.0,Wheat,24.1050137,29.69369863,19.65210959,66.91158904,1267.72,6000.2,2672.61,1.595616438,6.8,12876.65,57001.5,November,Madhesh
2022,Rautahat,3.0,1000.0,Barley,24.1050137,29.69369863,19.65210959,66.91158904,1267.72,6000.2,2672.61,1.595616438,6.8,12876.65,3.0,November,Madhesh
2022,Rolpa,4438.0,2850.0,Rice,15.06547945,20.46331507,10.7929863,68.68989041,1436.0,6072.85,2625.59,1.646383562,6.1,1062.45,12648.3,July,Lumbini
2022,Rolpa,12735.0,3050.0,Maize,15.06547945,20.46331507,10.7929863,68.68989041,1436.0,6072.85,2625.59,1.646383562,6.1,1062.45,38841.75,April,Lumbini
2022,Rolpa,1235.0,1243.0,Millet,15.06547945,20.46331507,10.7929863,68.68989041,1436.0,6072.85,2625.59,1.646383562,6.1,1062.45,1535.105,August,Lumbini
2022,Rolpa,80.0,951.0,Buckwheat,15.06547945,20.46331507,10.7929863,68.68989041,1436.0,6072.85,2625.59,1.646383562,6.1,1062.45,76.08,September,Lumbini
2022,Rolpa,8598.0,2584.0,Wheat,15.06547945,20.46331507,10.7929863,68.68989041,1436.0,6072.85,2625.59,1.646383562,6.1,1062.45,22217.232,November,Lumbini
2022,Rolpa,546.0,1172.0,Barley,15.06547945,20.46331507,10.7929863,68.68989041,1436.0,6072.85,2625.59,1.646383562,6.1,1062.45,639.912,November,Lumbini
2022,Rukum,3470.0,5761.0,Rice,15.06547945,20.46331507,10.7929863,68.68989041,1436.0,6049.18,2645.75,1.646383562,6.8,330.7,19990.67,July,Unknown
2022,Rukum,14963.0,4911.0,Maize,15.06547945,20.46331507,10.7929863,68.68989041,1436.0,6049.18,2645.75,1.646383562,6.8,330.7,73483.293,April,Unknown
2022,Rukum,1042.0,2671.0,Millet,15.06547945,20.46331507,10.7929863,68.68989041,1436.0,6049.18,2645.75,1.646383562,6.8,330.7,2783.182,August,Unknown
2022,Rukum,190.0,2447.0,Buckwheat,15.06547945,20.46331507,10.7929863,68.68989041,1436.0,6049.18,2645.75,1.646383562,6.8,330.7,464.93,September,Unknown
2022,Rukum,12335.0,5090.0,Wheat,15.06547945,20.46331507,10.7929863,68.68989041,1436.0,6049.18,2645.75,1.646383562,6.8,330.7,62785.15,November,Unknown
2022,Rukum,861.0,2754.0,Barley,15.06547945,20.46331507,10.7929863,68.68989041,1436.0,6049.18,2645.75,1.646383562,6.8,330.7,2371.194,November,Unknown
2022,Rupandehi,63557.0,3981.0,Rice,24.34961644,29.90191781,19.72515068,66.96838356,1693.44,6303.83,2921.96,1.523780822,6.6,17909.2,253020.417,July,Lumbini
2022,Rupandehi,2600.0,3928.0,Maize,24.34961644,29.90191781,19.72515068,66.96838356,1693.44,6303.83,2921.96,1.523780822,6.6,17909.2,10212.8,April,Lumbini
2022,Rupandehi,38.0,1158.0,Millet,24.34961644,29.90191781,19.72515068,66.96838356,1693.44,6303.83,2921.96,1.523780822,6.6,17909.2,44.004,August,Lumbini
2022,Rupandehi,0.0,0.0,Buckwheat,24.34961644,29.90191781,19.72515068,66.96838356,1693.44,6303.83,2921.96,1.523780822,6.6,17909.2,0.0,September,Lumbini
2022,Rupandehi,26702.0,3958.0,Wheat,24.34961644,29.90191781,19.72515068,66.96838356,1693.44,6303.83,2921.96,1.523780822,6.6,17909.2,105686.516,November,Lumbini
2022,Rupandehi,70.0,1979.0,Barley,24.34961644,29.90191781,19.72515068,66.96838356,1693.44,6303.83,2921.96,1.523780822,6.6,17909.2,138.53,November,Lumbini
2022,Salyan,6858.0,3489.0,Rice,21.8780274,27.19071233,17.63739726,65.11879452,1365.12,6072.85,2625.59,1.817780822,5.9,1426.1,23927.562,July,Karnali
2022,Salyan,17650.0,3050.0,Maize,21.8780274,27.19071233,17.63739726,65.11879452,1365.12,6072.85,2625.59,1.817780822,5.9,1426.1,53832.5,April,Karnali
2022,Salyan,1031.0,1169.0,Millet,21.8780274,27.19071233,17.63739726,65.11879452,1365.12,6072.85,2625.59,1.817780822,5.9,1426.1,1205.239,August,Karnali
2022,Salyan,66.0,1106.0,Buckwheat,21.8780274,27.19071233,17.63739726,65.11879452,1365.12,6072.85,2625.59,1.817780822,5.9,1426.1,72.996,September,Karnali
2022,Salyan,13125.0,2174.0,Wheat,21.8780274,27.19071233,17.63739726,65.11879452,1365.12,6072.85,2625.59,1.817780822,5.9,1426.1,28533.75,November,Karnali
2022,Salyan,749.0,1702.0,Barley,21.8780274,27.19071233,17.63739726,65.11879452,1365.12,6072.85,2625.59,1.817780822,5.9,1426.1,1274.798,November,Karnali
2022,Sankhuwashava,12033.0,3130.0,Rice,10.76241096,15.8229589,6.848767123,81.02134247,1179.64,5400.37,2377.82,1.786794521,5.6,1328.95,37663.29,July,Unknown
2022,Sankhuwashava,12455.0,2500.0,Maize,10.76241096,15.8229589,6.848767123,81.02134247,1179.64,5400.37,2377.82,1.786794521,5.6,1328.95,31137.5,April,Unknown
2022,Sankhuwashava,6666.0,1300.0,Millet,10.76241096,15.8229589,6.848767123,81.02134247,1179.64,5400.37,2377.82,1.786794521,5.6,1328.95,8665.8,August,Unknown
2022,Sankhuwashava,16.0,1250.0,Buckwheat,10.76241096,15.8229589,6.848767123,81.02134247,1179.64,5400.37,2377.82,1.786794521,5.6,1328.95,20.0,September,Unknown
2022,Sankhuwashava,715.0,2308.0,Wheat,10.76241096,15.8229589,6.848767123,81.02134247,1179.64,5400.37,2377.82,1.786794521,5.6,1328.95,1650.22,November,Unknown
2022,Sankhuwashava,13.0,1231.0,Barley,10.76241096,15.8229589,6.848767123,81.02134247,1179.64,5400.37,2377.82,1.786794521,5.6,1328.95,16.003,November,Unknown
2022,Saptari,50445.0,3379.0,Rice,24.3530411,29.49646575,20.08969863,71.12673973,1626.57,5934.29,2646.92,1.636246575,6.6,12961.0,170453.655,July,Madhesh
2022,Saptari,6589.0,3523.0,Maize,24.3530411,29.49646575,20.08969863,71.12673973,1626.57,5934.29,2646.92,1.636246575,6.6,12961.0,23213.047,April,Madhesh
2022,Saptari,210.0,1300.0,Millet,24.3530411,29.49646575,20.08969863,71.12673973,1626.57,5934.29,2646.92,1.636246575,6.6,12961.0,273.0,August,Madhesh
2022,Saptari,0.0,0.0,Buckwheat,24.3530411,29.49646575,20.08969863,71.12673973,1626.57,5934.29,2646.92,1.636246575,6.6,12961.0,0.0,September,Madhesh
2022,Saptari,19400.0,3634.0,Wheat,24.3530411,29.49646575,20.08969863,71.12673973,1626.57,5934.29,2646.92,1.636246575,6.6,12961.0,70499.6,November,Madhesh
2022,Saptari,59.0,1000.0,Barley,24.3530411,29.49646575,20.08969863,71.12673973,1626.57,5934.29,2646.92,1.636246575,6.6,12961.0,59.0,November,Madhesh
2022,Sarlahi,46905.0,3510.0,Rice,24.1050137,29.69369863,19.65210959,66.91158904,1267.72,6000.2,2672.61,1.595616438,6.6,13913.7,164636.55,July,Madhesh
2022,Sarlahi,10205.0,3511.0,Maize,24.1050137,29.69369863,19.65210959,66.91158904,1267.72,6000.2,2672.61,1.595616438,6.6,13913.7,35829.755,April,Madhesh
2022,Sarlahi,835.0,2000.0,Millet,24.1050137,29.69369863,19.65210959,66.91158904,1267.72,6000.2,2672.61,1.595616438,6.6,13913.7,1670.0,August,Madhesh
2022,Sarlahi,0.0,0.0,Buckwheat,24.1050137,29.69369863,19.65210959,66.91158904,1267.72,6000.2,2672.61,1.595616438,6.6,13913.7,0.0,September,Madhesh
2022,Sarlahi,23367.0,3350.0,Wheat,24.1050137,29.69369863,19.65210959,66.91158904,1267.72,6000.2,2672.61,1.595616438,6.6,13913.7,78279.45,November,Madhesh
2022,Sarlahi,26.0,1115.0,Barley,24.1050137,29.69369863,19.65210959,66.91158904,1267.72,6000.2,2672.61,1.595616438,6.6,13913.7,28.99,November,Madhesh
2022,Sindhuli,14070.0,3850.0,Rice,22.36556164,27.5489863,18.34180822,67.39635616,1183.43,5711.35,2568.91,1.563150685,6.0,2706.45,54169.5,July,Bagmati
2022,Sindhuli,24924.0,3289.0,Maize,22.36556164,27.5489863,18.34180822,67.39635616,1183.43,5711.35,2568.91,1.563150685,6.0,2706.45,81975.036,April,Bagmati
2022,Sindhuli,12065.0,1025.0,Millet,22.36556164,27.5489863,18.34180822,67.39635616,1183.43,5711.35,2568.91,1.563150685,6.0,2706.45,12366.625,August,Bagmati
2022,Sindhuli,456.0,825.0,Buckwheat,22.36556164,27.5489863,18.34180822,67.39635616,1183.43,5711.35,2568.91,1.563150685,6.0,2706.45,376.2,September,Bagmati
2022,Sindhuli,5083.0,2698.0,Wheat,22.36556164,27.5489863,18.34180822,67.39635616,1183.43,5711.35,2568.91,1.563150685,6.0,2706.45,13713.934,November,Bagmati
2022,Sindhuli,36.0,1611.0,Barley,22.36556164,27.5489863,18.34180822,67.39635616,1183.43,5711.35,2568.91,1.563150685,6.0,2706.45,57.996,November,Bagmati
2022,Sindhupalchok,9335.0,2975.0,Rice,9.092383562,14.25720548,5.033808219,74.58591781,1038.43,6149.85,2737.48,1.638493151,5.6,2565.9,27771.625,July,Bagmati
2022,Sindhupalchok,26298.0,3000.0,Maize,9.092383562,14.25720548,5.033808219,74.58591781,1038.43,6149.85,2737.48,1.638493151,5.6,2565.9,78894.0,April,Bagmati
2022,Sindhupalchok,17550.0,1350.0,Millet,9.092383562,14.25720548,5.033808219,74.58591781,1038.43,6149.85,2737.48,1.638493151,5.6,2565.9,23692.5,August,Bagmati
2022,Sindhupalchok,205.0,902.0,Buckwheat,9.092383562,14.25720548,5.033808219,74.58591781,1038.43,6149.85,2737.48,1.638493151,5.6,2565.9,184.91,September,Bagmati
2022,Sindhupalchok,6898.0,1620.0,Wheat,9.092383562,14.25720548,5.033808219,74.58591781,1038.43,6149.85,2737.48,1.638493151,5.6,2565.9,11174.76,November,Bagmati
2022,Sindhupalchok,165.0,939.0,Barley,9.092383562,14.25720548,5.033808219,74.58591781,1038.43,6149.85,2737.48,1.638493151,5.6,2565.9,154.935,November,Bagmati
2022,Siraha,48392.0,3456.0,Rice,25.07084932,30.92386301,20.2749589,67.25761644,1223.35,5934.29,2646.92,1.820493151,6.8,12617.88,167242.752,July,Madhesh
2022,Siraha,3755.0,3730.0,Maize,25.07084932,30.92386301,20.2749589,67.25761644,1223.35,5934.29,2646.92,1.820493151,6.8,12617.88,14006.15,April,Madhesh
2022,Siraha,645.0,1079.0,Millet,25.07084932,30.92386301,20.2749589,67.25761644,1223.35,5934.29,2646.92,1.820493151,6.8,12617.88,695.955,August,Madhesh
2022,Siraha,0.0,0.0,Buckwheat,25.07084932,30.92386301,20.2749589,67.25761644,1223.35,5934.29,2646.92,1.820493151,6.8,12617.88,0.0,September,Madhesh
2022,Siraha,14230.0,3710.0,Wheat,25.07084932,30.92386301,20.2749589,67.25761644,1223.35,5934.29,2646.92,1.820493151,6.8,12617.88,52793.3,November,Madhesh
2022,Siraha,10.0,1200.0,Barley,25.07084932,30.92386301,20.2749589,67.25761644,1223.35,5934.29,2646.92,1.820493151,6.8,12617.88,12.0,November,Madhesh
2022,Solukhumbu,1275.0,2815.0,Rice,9.318684932,14.32271233,5.44739726,78.58232877,1074.12,5711.35,2568.91,1.731534247,5.8,0.0,3589.125,July,Koshi
2022,Solukhumbu,13770.0,2410.0,Maize,9.318684932,14.32271233,5.44739726,78.58232877,1074.12,5711.35,2568.91,1.731534247,5.8,0.0,33185.7,April,Koshi
2022,Solukhumbu,2105.0,1330.0,Millet,9.318684932,14.32271233,5.44739726,78.58232877,1074.12,5711.35,2568.91,1.731534247,5.8,0.0,2799.65,August,Koshi
2022,Solukhumbu,301.0,914.0,Buckwheat,9.318684932,14.32271233,5.44739726,78.58232877,1074.12,5711.35,2568.91,1.731534247,5.8,0.0,275.114,September,Koshi
2022,Solukhumbu,2665.0,1991.0,Wheat,9.318684932,14.32271233,5.44739726,78.58232877,1074.12,5711.35,2568.91,1.731534247,5.8,0.0,5306.015,November,Koshi
2022,Solukhumbu,165.0,1079.0,Barley,9.318684932,14.32271233,5.44739726,78.58232877,1074.12,5711.35,2568.91,1.731534247,5.8,0.0,178.035,November,Koshi
2022,Sunsari,53041.0,4110.0,Rice,24.07419178,29.24810959,19.88920548,70.96052055,1631.09,5645.47,2521.16,1.547506849,6.6,17575.8,217998.51,July,Koshi
2022,Sunsari,9674.0,4724.0,Maize,24.07419178,29.24810959,19.88920548,70.96052055,1631.09,5645.47,2521.16,1.547506849,6.6,17575.8,45699.976,April,Koshi
2022,Sunsari,457.0,1230.0,Millet,24.07419178,29.24810959,19.88920548,70.96052055,1631.09,5645.47,2521.16,1.547506849,6.6,17575.8,562.11,August,Koshi
2022,Sunsari,253.0,1043.0,Buckwheat,24.07419178,29.24810959,19.88920548,70.96052055,1631.09,5645.47,2521.16,1.547506849,6.6,17575.8,263.879,September,Koshi
2022,Sunsari,12127.0,3397.0,Wheat,24.07419178,29.24810959,19.88920548,70.96052055,1631.09,5645.47,2521.16,1.547506849,6.6,17575.8,41195.419,November,Koshi
2022,Sunsari,0.0,0.0,Barley,24.07419178,29.24810959,19.88920548,70.96052055,1631.09,5645.47,2521.16,1.547506849,6.6,17575.8,0.0,November,Koshi
2022,Surkhet,12665.0,4177.0,Rice,19.98389041,25.11241096,15.84556164,66.78416438,1544.1,5982.91,2638.71,1.454,5.9,2888.4,52901.705,July,Karnali
2022,Surkhet,15252.0,3018.0,Maize,19.98389041,25.11241096,15.84556164,66.78416438,1544.1,5982.91,2638.71,1.454,5.9,2888.4,46030.536,April,Karnali
2022,Surkhet,1842.0,1630.0,Millet,19.98389041,25.11241096,15.84556164,66.78416438,1544.1,5982.91,2638.71,1.454,5.9,2888.4,3002.46,August,Karnali
2022,Surkhet,56.0,1518.0,Buckwheat,19.98389041,25.11241096,15.84556164,66.78416438,1544.1,5982.91,2638.71,1.454,5.9,2888.4,85.008,September,Karnali
2022,Surkhet,12192.0,2901.0,Wheat,19.98389041,25.11241096,15.84556164,66.78416438,1544.1,5982.91,2638.71,1.454,5.9,2888.4,35368.992,November,Karnali
2022,Surkhet,631.0,1582.0,Barley,19.98389041,25.11241096,15.84556164,66.78416438,1544.1,5982.91,2638.71,1.454,5.9,2888.4,998.242,November,Karnali
2022,Syangja,15841.0,3782.0,Rice,18.93142466,23.48323288,15.36120548,71.38808219,2217.11,5839.74,2534.06,1.410986301,6.0,1501.75,59910.662,July,Gandaki
2022,Syangja,20800.0,3290.0,Maize,18.93142466,23.48323288,15.36120548,71.38808219,2217.11,5839.74,2534.06,1.410986301,6.0,1501.75,68432.0,April,Gandaki
2022,Syangja,11075.0,1230.0,Millet,18.93142466,23.48323288,15.36120548,71.38808219,2217.11,5839.74,2534.06,1.410986301,6.0,1501.75,13622.25,August,Gandaki
2022,Syangja,150.0,1080.0,Buckwheat,18.93142466,23.48323288,15.36120548,71.38808219,2217.11,5839.74,2534.06,1.410986301,6.0,1501.75,162.0,September,Gandaki
2022,Syangja,4175.0,2880.0,Wheat,18.93142466,23.48323288,15.36120548,71.38808219,2217.11,5839.74,2534.06,1.410986301,6.0,1501.75,12024.0,November,Gandaki
2022,Syangja,6.0,1000.0,Barley,18.93142466,23.48323288,15.36120548,71.38808219,2217.11,5839.74,2534.06,1.410986301,6.0,1501.75,6.0,November,Gandaki
2022,Tanahu,10525.0,3930.0,Rice,18.93142466,23.48323288,15.36120548,71.38808219,2217.11,6253.82,2893.12,1.410986301,5.6,1721.25,41363.25,July,Gandaki
2022,Tanahu,19200.0,3280.0,Maize,18.93142466,23.48323288,15.36120548,71.38808219,2217.11,6253.82,2893.12,1.410986301,5.6,1721.25,62976.0,April,Gandaki
2022,Tanahu,6105.0,1150.0,Millet,18.93142466,23.48323288,15.36120548,71.38808219,2217.11,6253.82,2893.12,1.410986301,5.6,1721.25,7020.75,August,Gandaki
2022,Tanahu,100.0,1020.0,Buckwheat,18.93142466,23.48323288,15.36120548,71.38808219,2217.11,6253.82,2893.12,1.410986301,5.6,1721.25,102.0,September,Gandaki
2022,Tanahu,1200.0,2510.0,Wheat,18.93142466,23.48323288,15.36120548,71.38808219,2217.11,6253.82,2893.12,1.410986301,5.6,1721.25,3012.0,November,Gandaki
2022,Tanahu,4.0,1250.0,Barley,18.93142466,23.48323288,15.36120548,71.38808219,2217.11,6253.82,2893.12,1.410986301,5.6,1721.25,5.0,November,Gandaki
2022,Taplejung,6423.0,3026.0,Rice,5.493479452,10.28123288,1.814630137,83.80142466,1842.8,5400.37,2377.82,1.531917808,5.4,730.85,19435.998,July,Koshi
2022,Taplejung,11210.0,3560.0,Maize,5.493479452,10.28123288,1.814630137,83.80142466,1842.8,5400.37,2377.82,1.531917808,5.4,730.85,39907.6,April,Koshi
2022,Taplejung,2966.0,1440.0,Millet,5.493479452,10.28123288,1.814630137,83.80142466,1842.8,5400.37,2377.82,1.531917808,5.4,730.85,4271.04,August,Koshi
2022,Taplejung,116.0,1086.0,Buckwheat,5.493479452,10.28123288,1.814630137,83.80142466,1842.8,5400.37,2377.82,1.531917808,5.4,730.85,125.976,September,Koshi
2022,Taplejung,1537.0,1871.0,Wheat,5.493479452,10.28123288,1.814630137,83.80142466,1842.8,5400.37,2377.82,1.531917808,5.4,730.85,2875.727,November,Koshi
2022,Taplejung,266.0,1398.0,Barley,5.493479452,10.28123288,1.814630137,83.80142466,1842.8,5400.37,2377.82,1.531917808,5.4,730.85,371.868,November,Koshi
2022,Terhathum,7886.0,2868.0,Rice,19.83208219,24.45665753,16.23736986,74.54882192,1505.45,5400.37,2377.82,1.436383562,5.6,1083.6,22617.048,July,Unknown
2022,Terhathum,12907.0,2400.0,Maize,19.83208219,24.45665753,16.23736986,74.54882192,1505.45,5400.37,2377.82,1.436383562,5.6,1083.6,30976.8,April,Unknown
2022,Terhathum,2123.0,1200.0,Millet,19.83208219,24.45665753,16.23736986,74.54882192,1505.45,5400.37,2377.82,1.436383562,5.6,1083.6,2547.6,August,Unknown
2022,Terhathum,21.0,952.0,Buckwheat,19.83208219,24.45665753,16.23736986,74.54882192,1505.45,5400.37,2377.82,1.436383562,5.6,1083.6,19.992,September,Unknown
2022,Terhathum,2399.0,1999.0,Wheat,19.83208219,24.45665753,16.23736986,74.54882192,1505.45,5400.37,2377.82,1.436383562,5.6,1083.6,4795.601,November,Unknown
2022,Terhathum,52.0,1173.0,Barley,19.83208219,24.45665753,16.23736986,74.54882192,1505.45,5400.37,2377.82,1.436383562,5.6,1083.6,60.996,November,Unknown
2022,Udayapur,14205.0,3919.0,Rice,18.19120548,22.61147945,14.86271233,77.76772603,2380.33,5645.47,2521.16,1.171561644,5.4,2963.3,55669.395,July,Koshi
2022,Udayapur,17842.0,2460.0,Maize,18.19120548,22.61147945,14.86271233,77.76772603,2380.33,5645.47,2521.16,1.171561644,5.4,2963.3,43891.32,April,Koshi
2022,Udayapur,2768.0,1970.0,Millet,18.19120548,22.61147945,14.86271233,77.76772603,2380.33,5645.47,2521.16,1.171561644,5.4,2963.3,5452.96,August,Koshi
2022,Udayapur,18.0,1111.0,Buckwheat,18.19120548,22.61147945,14.86271233,77.76772603,2380.33,5645.47,2521.16,1.171561644,5.4,2963.3,19.998,September,Koshi
2022,Udayapur,5130.0,2500.0,Wheat,18.19120548,22.61147945,14.86271233,77.76772603,2380.33,5645.47,2521.16,1.171561644,5.4,2963.3,12825.0,November,Koshi
2022,Udayapur,23.0,1739.0,Barley,18.19120548,22.61147945,14.86271233,77.76772603,2380.33,5645.47,2521.16,1.171561644,5.4,2963.3,39.997,November,Koshi
